Time (s),Velocity (m/s)
0.0,17.892840952124413
0.03682592628895988,17.892840952124413
0.07365185257791976,17.892840952124413
0.11047777886687964,17.892840952124413
0.14730370515583951,17.892840952124413
0.18412963144479938,17.892840952124413
0.22095555773375924,17.892840952124413
0.25778148402271917,17.892840952124413
0.29460741031167903,17.892840952124413
0.3314333366006389,17.892840952124413
0.18412963144479935,17.892840952124413
0.22084460943648349,17.892840952124413
0.25755958742816765,17.892840952124413
0.29427456541985175,17.892840952124413
0.33098954341153586,17.892840952124413
0.36770452140321996,17.892840952124413
0.40441949939490407,17.892840952124413
0.44113447738658823,17.892840952124413
0.47784945537827234,17.892840952124413
0.5145644333699564,17.892840952124413
0.3677045214032199,17.892840952124413
0.4045118970357732,17.892840952124413
0.4413192726683266,17.892840952124413
0.4781266483008799,17.892840952124413
0.5149340239334332,17.892840952124413
0.5517413995659867,17.892840952124413
0.58854877519854,17.892840952124413
0.6253561508310933,17.892840952124413
0.6621635264636467,17.892840952124413
0.6989709020962,17.892840952124413
0.5517413995659866,17.892840952124413
0.5882984308446803,17.967822910210597
0.6246282843317762,18.04249325695751
0.6607346918705356,18.116855845372992
0.6966212903180037,18.19091444971071
0.7322916247677919,18.264672767705484
0.7677491516372807,18.338134422727702
0.8029972416260176,18.411302965860376
0.8380391825516939,18.48418187790218
0.8728781820697197,18.556774571299716
0.7314045095535422,18.629084392011972
0.7666399479035293,18.629084392011972
0.8018753862535165,18.629084392011972
0.8371108246035036,18.629084392011972
0.8723462629534907,18.629084392011972
0.9075817013034779,18.629084392011972
0.942817139653465,18.629084392011972
0.9780525780034521,18.629084392011972
1.0132880163534392,18.629084392011972
1.0485234547034263,18.629084392011972
0.9075817013034777,18.629084392011972
0.9427639566348285,18.629084392011972
0.9779462119661794,18.629084392011972
1.01312846729753,18.629084392011972
1.048310722628881,18.629084392011972
1.0834929779602318,18.629084392011972
1.1181574544325368,18.71381176529827
1.1525910403160424,18.798157257809287
1.1867978212212567,18.882125987071475
1.2207817705600525,18.96572295732361
1.08251283622608,19.048953062997025
1.1168702288184928,19.137517731147376
1.1509910368660146,19.225674423117038
1.1848795627191215,19.313428725563284
1.218539987607948,19.40078609879325
1.2519763761836378,19.487751880728723
1.285192680848748,19.574331290712394
1.3181927458883318,19.66052943316326
1.3509803114125898,19.746351301088392
1.3835590171212946,19.831801779457955
1.2510588338887216,19.916885648449863
1.2840494573918695,19.99473577275852
1.3168487088560132,20.072283958519282
1.3494595244514127,20.14953369188557
1.3818847705085313,20.226488392438092
1.4141272457336331,20.303151414951177
1.4461896833371808,20.379526051099305
1.4780747530791163,20.45561553110628
1.5097850632348828,20.531423025339418
1.5413231624858346,20.60695164585094
1.4133767803564459,20.682204447868703
1.4448688208803717,20.75726982790236
1.4761911060134714,20.83206472227972
1.507346057406903,20.906592034048902
1.5383360431251942,20.927960714101992
1.5691633792285775,20.927960714101992
1.5998303312973319,20.927960714101992
1.6303391159006553,20.927960714101992
1.6606919020124717,20.927960714101992
1.6908908123764492,20.927960714101992
1.5684948740483506,20.927960714101992
1.5995416387322579,20.927960714101992
1.6305884034161648,20.927960714101992
1.661635168100072,20.927960714101992
1.692681932783979,20.927960714101992
1.7237286974678863,20.927960714101992
1.7547754621517933,20.927960714101992
1.7858222268357005,20.927960714101992
1.8168689915196075,20.927960714101992
1.8479157562035147,20.927960714101992
1.7237286974678867,20.927960714101992
1.7551441105386048,20.927960714101992
1.7865595236093228,20.927960714101992
1.8179749366800408,20.927960714101992
1.8493903497507589,20.927960714101992
1.880805762821477,20.927960714101992
1.912221175892195,20.927960714101992
1.943636588962913,20.927960714101992
1.9750520020336308,20.927960714101992
2.006467415104349,20.927960714101992
1.880805762821477,20.927960714101992
1.91216848486445,20.927960714101992
1.943531206907423,20.927960714101992
1.974893928950396,20.927960714101992
2.006256650993369,20.927960714101992
2.037619373036342,20.927960714101992
2.068982095079315,20.927960714101992
2.1003448171222883,20.927960714101992
2.131707539165261,20.927960714101992
2.163070261208234,20.927960714101992
2.0376193730363417,20.927960714101992
2.06889967429466,20.927960714101992
2.1001799755529786,20.927960714101992
2.131460276811297,20.927960714101992
2.162740578069615,20.927960714101992
2.1940208793279337,20.927960714101992
2.225301180586252,20.927960714101992
2.2565814818445706,20.927960714101992
2.287861783102889,20.927960714101992
2.319142084361207,20.927960714101992
2.194020879327934,20.927960714101992
2.2252040748880892,20.927960714101992
2.2563872704482444,20.927960714101992
2.2875704660083995,20.927960714101992
2.3187536615685547,20.927960714101992
2.34993685712871,20.927960714101992
2.381120052688865,20.927960714101992
2.4123032482490205,20.927960714101992
2.4434864438091757,20.927960714101992
2.474669639369331,20.927960714101992
2.34993685712871,20.927960714101992
2.381489686967,20.927960714101992
2.4130425168052905,20.927960714101992
2.4445953466435806,20.927960714101992
2.476148176481871,20.927960714101992
2.5077010063201612,20.927960714101992
2.539253836158452,20.927960714101992
2.570806665996742,20.927960714101992
2.602359495835032,20.927960714101992
2.6339123256733226,20.927960714101992
2.5077010063201604,20.927960714101992
2.5390000029261435,20.927960714101992
2.570298999532126,20.927960714101992
2.6015979961381093,20.927960714101992
2.6328969927440924,20.927960714101992
2.6641959893500755,20.927960714101992
2.695494985956058,20.927960714101992
2.7267939825620413,20.927960714101992
2.7580929791680244,20.927960714101992
2.789391975774007,20.927960714101992
2.664195989350076,20.927960714101992
2.6955931173300893,20.927960714101992
2.7269902453101027,20.927960714101992
2.758387373290116,20.927960714101992
2.7897845012701294,20.927960714101992
2.821181629250143,20.927960714101992
2.852578757230156,20.927960714101992
2.8839758852101696,20.927960714101992
2.915373013190183,20.927960714101992
2.9467701411701963,20.927960714101992
2.821181629250143,20.927960714101992
2.8524381312783564,20.927960714101992
2.88369463330657,20.927960714101992
2.9149511353347832,20.927960714101992
2.946207637362997,20.927960714101992
2.9774641393912105,20.927960714101992
3.008720641419424,20.927960714101992
3.0399771434476377,20.927960714101992
3.0712336454758513,20.927960714101992
3.1024901475040645,20.927960714101992
2.977464139391211,20.788003553028275
3.0089057623433826,20.635466156169755
3.0403473852955543,20.481792774172344
3.071789008247726,20.326957642644153
3.1032306311998976,20.1709340083091
3.1346722541520693,20.013694075039513
3.166113877104241,19.855208946041913
3.1975555000564126,19.69544856185545
3.2289971230085843,19.534381633786236
3.260438745960756,19.371975572360093
3.1346722541520693,19.170568474721613
3.165511451208829,18.967022795153277
3.1963506482655886,18.761268927760135
3.227189845322348,18.553233406811113
3.258029042379108,18.342838600268113
3.2888682394358675,18.130002371300446
3.319707436492627,17.914637703599638
3.3505466335493868,17.696652285647353
3.3813858306061464,17.475948048302893
3.412225027662906,17.25242064913952
3.2888682394358675,16.99360872873077
3.3200743324448956,16.73079367500339
3.3512804254539237,16.463783780342606
3.382486518462952,16.19237152909391
3.4136926114719803,15.916331710119326
3.4448987044810084,15.63541922932957
3.4761047974900365,15.349366561758428
3.5073108904990646,15.05788076780948
3.5385169835080927,14.760639978940802
3.569723076517121,14.45728923271041
3.444898704481008,14.260599706864811
3.476182114944306,14.061159128628804
3.5074655254076044,13.858848728585269
3.538748935870903,13.653540937170764
3.570032346334201,13.44509844382652
3.6013157567974994,13.233373122729319
3.6325991672607976,13.018204801222138
3.6638825777240958,12.799419841842502
3.6951659881873944,12.57682950226089
3.7264493986506926,12.350228029074133
3.601315756797499,12.350228029074133
3.6439677225056553,12.350228029074133
3.686619688213812,12.350228029074133
3.7292716539219684,12.350228029074133
3.771923619630125,12.350228029074133
3.8145755853382814,12.350228029074133
3.857227551046438,12.350228029074133
3.8998795167545945,12.350228029074133
3.9425314824627513,12.350228029074133
3.9851834481709076,13.664286779419541
3.8145755853382806,13.664286779419541
3.8674961096803724,12.350228029074133
3.920416634022464,12.350228029074133
3.973337158364556,12.350228029074133
4.026257682706648,12.350228029074133
4.07917820704874,12.350228029074133
4.1320987313908315,12.350228029074133
4.185019255732923,12.350228029074133
4.237939780075015,12.350228029074133
4.290860304417107,12.350228029074133
4.07917820704874,12.350228029074133
4.131488666290927,12.350228029074133
4.183799125533114,12.350228029074133
4.236109584775302,12.350228029074133
4.288420044017489,12.350228029074133
4.340730503259676,12.350228029074133
4.393040962501863,12.350228029074133
4.445351421744051,12.350228029074133
4.497661880986238,12.350228029074133
4.549972340228425,12.350228029074133
4.340730503259678,12.350228029074133
4.3926030375739895,12.602889268565646
4.442968352631906,12.850583779008868
4.491938617731639,13.093593433695908
4.53961343766656,13.332174412020095
4.586081678072588,13.56656036356018
4.631422970446365,13.796965088153296
4.6757089619541405,14.023584819486052
4.719004360233926,14.246600181619417
4.761367812251953,14.466177873941588
4.581346776463375,14.682472129247033
4.625610750538295,14.682472129247033
4.669874724613215,14.682472129247033
4.714138698688134,14.682472129247033
4.7584026727630535,14.682472129247033
4.802666646837973,14.682472129247033
4.846930620912893,14.682472129247033
4.891194594987812,14.682472129247033
4.935458569062732,14.682472129247033
4.979722543137651,14.682472129247033
4.802666646837972,14.682472129247033
4.847179793168106,14.682472129247033
4.891692939498239,14.682472129247033
4.934932760524554,14.926169619201119
4.977160122099508,15.165951706906132
5.018436692682208,15.402001261240551
5.058818431524721,15.634487344531067
5.098356279436791,15.863566629271887
5.137096747934667,16.089384633241732
5.175082424191246,16.312076800684874
5.014683598421427,16.531769452375272
5.053961828816258,16.72649801953498
5.0925678141313195,16.9189855123919
5.130531509485396,17.109307570429213
5.167880830927551,17.29753567160842
5.204641837962339,17.48373744602638
5.240838896080755,17.667976959816436
5.276494821865432,17.850314972672717
5.311631012862437,18.030809171932443
5.346267564097423,18.20951438577269
5.202284486546192,18.386482777755017
5.238150097000421,18.386482777755017
5.27401570745465,18.386482777755017
5.309881317908879,18.386482777755017
5.345746928363108,18.386482777755017
5.381612538817337,18.386482777755017
5.417478149271566,18.386482777755017
5.4533437597257945,18.386482777755017
5.489209370180023,18.386482777755017
5.525074980634252,18.386482777755017
5.381612538817336,18.386482777755017
5.418549534519499,18.386482777755017
5.4554865302216635,18.386482777755017
5.492423525923827,18.386482777755017
5.52936052162599,18.386482777755017
5.565585179082854,18.5162924860462
5.601438875799113,18.645198468263622
5.636931666421463,18.773219340674345
5.672073184442519,18.900373089047697
5.706872665624987,19.026677098151627
5.564037335302414,19.152148179498216
5.597194470030047,19.239928070848162
5.630126487334956,19.32730929160511
5.662837424166455,19.414297224862906
5.695331205389485,19.500897133651925
5.727611647929835,19.587114164654988
5.7596824647294165,19.672953351776705
5.791547268521926,19.758419619573235
5.823209575438577,19.797836700061776
5.854672808452975,19.763673424000405
5.726737719832586,19.733925110554615
5.759538560281521,19.70413188464328
5.79224885857491,19.674293542230533
5.824869278594177,19.64440987773092
5.857400476643322,19.614480683992888
5.889843101564737,19.584505752282038
5.922197794852808,19.55448487226412
5.954465190765371,19.52441783198783
5.986645916433053,19.494304417867347
6.018740591966567,19.464144414664634
5.889476684576657,19.448733465024887
5.921906106622162,19.43331029424059
5.9543355286676665,19.41787487319083
5.986764950713171,19.402427172638845
6.019194372758676,19.3869671632314
6.05162379480418,19.37149481549813
6.084053216849685,19.356010099850884
6.11648263889519,19.340512986583057
6.148912060940694,19.325003445868937
6.181341482986199,19.30948144776303
6.051623794804181,19.10142949086142
6.084796241521984,18.89108634798952
6.117968688239787,18.6783746139765
6.15114113495759,18.463212424518314
6.184313581675393,18.2455130880371
6.217486028393196,18.025184677516588
6.250658475110999,17.802129576863113
6.283830921828802,17.576243975442253
6.317003368546605,17.347417303365816
6.350175815264408,17.115531598812858
6.2174860283931945,16.85144191285144
6.2504838785407,16.583147082940886
6.283230491647625,16.31043959575264
6.3157309142323825,16.033094287720644
6.347990036039756,15.75086616891862
6.380012596521359,15.46348788932917
6.411803190984513,15.17066677294293
6.443366276429687,14.8720813260256
6.474706177095198,14.567377100911617
6.505827089726575,14.256161763686919
6.379045398451945,14.025705657085986
6.410478840420051,13.791399135911437
6.441883193839566,13.553042502435519
6.4732875472590825,13.310418175986378
6.504691900678598,13.063288367269301
6.536096254098114,12.811392348735493
6.567500607517629,12.554443231782255
6.598904960937145,12.292124137302233
6.63030931435666,12.024083613883143
6.661713667776176,11.749930114705279
6.536096254098116,11.745918539935454
6.578162986220256,11.71935219391489
6.620229718342397,11.69272548823567
6.662296450464538,11.666038009600964
6.704363182586678,11.639289339975733
6.746429914708819,11.612479056510331
6.78849664683096,11.585606731462509
6.830563378953101,11.558671932117795
6.8726301110752415,11.531674220708199
6.914696843197382,11.504613154329196
6.74642991470882,11.504613154329196
6.802381145885542,11.504613154329196
6.858332377062265,11.504613154329196
6.914283608238987,11.504613154329196
6.970234839415709,11.504613154329196
7.0261860705924315,11.504613154329196
7.082137301769154,11.504613154329196
7.1380885329458765,11.504613154329196
7.194039764122599,11.504613154329196
7.249990995299322,11.749930114705279
7.026186070592432,11.749930114705279
7.083345234764154,11.504613154329196
7.140504398935877,11.504613154329196
7.197663563107599,11.504613154329196
7.254822727279321,11.504613154329196
7.311981891451044,11.504613154329196
7.369141055622766,11.504613154329196
7.426300219794488,11.504613154329196
7.483459383966211,11.504613154329196
7.540618548137933,11.504613154329196
7.311981891451042,11.504613154329196
7.369152283848427,11.504613154329196
7.426322676245812,11.504613154329196
7.483493068643197,11.504613154329196
7.540663461040582,11.504613154329196
7.597833853437968,11.504613154329196
7.655004245835353,11.504613154329196
7.712174638232738,11.504613154329196
7.769345030630123,11.504613154329196
7.826515423027508,11.504613154329196
7.597600741412932,11.693795977943127
7.653009057721632,11.939032563234532
7.706769202352208,12.179332195083202
7.759006628438841,12.414981550143596
7.809832428551513,12.646240590097182
7.859345465077627,12.873345922285985
7.907634119111392,13.09651363558458
7.95477773693575,13.315941708315957
8.000847834719055,13.531812064593721
8.04590910834586,13.744292339866023
7.854199395099548,13.953537404397334
7.9012813447548185,13.953537404397334
7.948363294410088,13.953537404397334
7.995445244065358,13.953537404397334
8.042527193720629,13.953537404397334
8.089609143375899,13.953537404397334
8.13669109303117,13.953537404397334
8.18377304268644,13.953537404397334
8.230854992341708,13.953537404397334
8.277936941996977,13.953537404397334
8.089609143375897,13.953537404397334
8.1367884605397,13.953537404397334
8.182963208007177,14.194920676719624
8.228003946330682,14.432267318090014
8.27198273673266,14.665773312827932
8.31496469998163,14.895619281711747
8.357008888316214,15.12197211702725
8.398169024387483,15.344986400469583
8.438494130821022,15.56480563813899
8.478029069260396,15.781563340667176
8.311031145448675,15.995383971569328
8.351839848117855,16.20699755079303
8.391867108461367,16.415883492059926
8.431151776340474,16.622144628126655
8.469729758685675,16.825877488316443
8.507634311942432,17.0271728265531
8.54489629903561,17.226116093849555
8.581544415889832,17.422787862229654
8.617605391729413,17.617264206048883
8.653104166714558,17.809617045832443
8.504946358858758,17.999914459037846
8.541192072109956,18.152835916574947
8.576986422161719,18.304479864107233
8.612344137949753,18.454877793605704
8.647279209764767,18.60405992406858
8.681804938241863,18.752055272416097
8.715933979352094,18.89889171938826
8.749678385780742,19.044596070869446
8.783049645034552,19.189194115021863
8.816058714583013,19.33271067557272
8.680149134104639,19.475169661566934
8.713929582670268,19.475169661566934
8.747710031235895,19.475169661566934
8.781490479801525,19.475169661566934
8.815270928367152,19.475169661566934
8.849051376932781,19.475169661566934
8.882831825498409,19.475169661566934
8.916612274064038,19.475169661566934
8.950392722629665,19.475169661566934
8.984173171195295,19.475169661566934
8.849051376932785,19.475169661566934
8.882817395238703,19.475169661566934
8.916583413544624,19.475169661566934
8.950349431850542,19.475169661566934
8.984115450156462,19.475169661566934
9.017881468462381,19.475169661566934
9.05102376754543,19.586467532606555
9.08389039109199,19.524481854812162
9.116487425360177,19.357273824078423
9.148820748415066,19.18860881100592
9.016705437344834,18.977320927065236
9.049444629409953,18.763653989451047
9.081946462984432,18.54752577846588
9.114215480340535,18.328849226557306
9.14625608925008,18.10753200844567
9.178072568286282,17.883476085590814
9.209669071866825,17.656577198622404
9.241049635053097,17.42672430027877
9.272218178119621,17.193798920103163
9.303178510906708,16.957674450582978
9.177155423159451,16.728340176968715
9.208595323304042,16.495817875474277
9.240035223448633,16.259970777502883
9.271475123593223,16.020652046333154
9.302915023737816,15.777703707894558
9.334354923882406,15.530955430962406
9.365794824026997,15.280223130012587
9.397234724171588,15.025307358167508
9.428674624316178,14.765991450350825
9.460114524460769,14.502039367491202
9.334354923882405,14.337330054414146
9.365891412872422,14.170706417188581
9.397427901862438,14.002100115164588
9.428964390852455,13.831438642022551
9.460500879842472,13.658644961378018
9.492037368832488,13.48363710034943
9.523573857822505,13.306327695005187
9.555110346812521,13.126623480537733
9.586646835802538,12.944424717721025
9.618183324792556,12.759624545639639
9.492037368832491,12.695676966071261
9.535821257776444,12.590672296736063
9.579605146720398,12.484784505179155
9.623389035664351,12.377990927356752
9.667172924608304,12.270267912914152
9.710956813552258,12.16159076402652
9.75474070249621,12.051933669275638
9.798524591440163,11.941269632061086
9.842308480384116,11.829570392983376
9.88609236932807,11.716806345566757
9.710956813552254,11.716806345566757
9.760517048095693,11.659516933054244
9.810077282639131,11.576299160236399
9.859637517182568,11.492478818009683
9.909197751726007,11.408042624285402
9.958757986269445,11.322976801734775
10.008318220812884,11.237267051544837
10.057878455356322,11.150898525358686
10.107438689899759,11.063855795244162
10.156998924443197,10.97612282151895
9.958757986269447,10.97612282151895
10.014676793022808,10.86908042296929
10.07059559977617,10.59306271883802
10.12651440652953,10.309657913311073
10.182433213282891,10.018239107435962
10.238352020036253,9.718085374085831
10.294270826789614,9.408360742567359
10.350189633542975,9.088086728599386
10.406108440296336,8.756105807424094
10.462027247049697,8.411031888839062
10.238352020036253,8.411031888839062
10.29822491856714,8.411031888839062
10.358097817098026,8.411031888839062
10.417970715628913,8.411031888839062
10.477843614159799,8.411031888839062
10.537716512690686,8.154989111718589
10.597589411221573,7.837057896044336
10.657462309752459,7.505671556873044
10.717335208283346,7.15896183628291
10.777208106814232,6.794583403495562
10.53771651269069,6.794583403495562
10.616088460794554,6.794583403495562
10.694460408898419,6.794583403495562
10.772832357002283,6.794583403495562
10.851204305106148,6.794583403495562
10.92957625321001,6.794583403495562
11.007948201313875,6.794583403495562
11.08632014941774,6.794583403495562
11.164692097521604,6.794583403495562
11.243064045625468,6.794583403495562
10.929576253210012,6.794583403495562
11.026117076330294,6.794583403495562
11.122657899450576,6.794583403495562
11.219198722570857,6.794583403495562
11.31573954569114,6.794583403495562
11.412280368811421,6.794583403495562
11.508821191931702,6.794583403495562
11.605362015051984,6.794583403495562
11.701902838172266,6.794583403495562
11.798443661292549,6.794583403495562
11.412280368811423,6.794583403495562
11.508216536794755,6.794583403495562
11.604152704778087,6.794583403495562
11.700088872761421,6.794583403495562
11.796025040744754,6.794583403495562
11.891961208728086,6.794583403495562
11.987897376711418,6.794583403495562
12.08383354469475,6.794583403495562
12.179769712678084,6.794583403495562
12.275705880661416,6.794583403495562
11.891961208728084,6.794583403495562
11.987921143590771,6.794583403495562
12.083881078453459,6.794583403495562
12.179841013316146,6.794583403495562
12.275800948178833,6.794583403495562
12.37176088304152,6.794583403495562
12.467720817904208,6.794583403495562
12.563680752766896,6.794583403495562
12.659640687629583,6.794583403495562
12.75560062249227,6.794583403495562
12.37176088304152,6.794583403495562
12.46860900025882,6.794583403495562
12.565457117476116,6.794583403495562
12.662305234693415,6.794583403495562
12.759153351910712,6.794583403495562
12.85600146912801,6.794583403495562
12.952849586345309,6.794583403495562
13.049697703562606,6.794583403495562
13.146545820779904,6.794583403495562
13.243393937997203,6.794583403495562
12.856001469128014,6.794583403495562
12.95200454313158,6.794583403495562
13.048007617135145,6.794583403495562
13.14401069113871,6.794583403495562
13.240013765142276,6.794583403495562
13.336016839145842,6.794583403495562
13.432019913149409,6.794583403495562
13.511612343054832,7.118570975531038
13.586980418044126,7.428441413936607
13.658716332456914,6.794583403495562
13.320226147580003,6.794583403495562
13.400357428262263,6.794583403495562
13.474583069552926,6.794583403495562
13.543954076020471,6.794583403495562
13.609253601334203,6.794583403495562
13.671081703882189,6.794583403495562
13.729908939518486,6.794583403495562
13.78611160953502,6.794583403495562
13.839995725466228,6.794583403495562
13.89181377139834,6.794583403495562
13.658092835038252,6.794583403495562
13.754825804751471,6.794583403495562
13.85155877446469,6.794583403495562
13.94829174417791,6.794583403495562
14.045024713891129,6.794583403495562
14.141757683604348,6.794583403495562
14.238490653317568,6.794583403495562
14.335223623030789,6.794583403495562
14.431956592744008,6.794583403495562
14.528689562457227,6.794583403495562
14.141757683604348,6.794583403495562
14.23832267559755,6.794583403495562
14.33488766759075,6.794583403495562
14.431452659583952,6.794583403495562
14.528017651577153,6.794583403495562
14.624582643570355,6.794583403495562
14.721147635563556,6.794583403495562
14.817712627556757,6.794583403495562
14.914277619549958,6.794583403495562
15.01084261154316,6.794583403495562
14.624582643570355,6.794583403495562
14.720764840478404,6.794583403495562
14.816947037386454,6.794583403495562
14.913129234294503,6.794583403495562
15.009311431202553,6.794583403495562
15.105493628110603,6.794583403495562
15.201675825018652,6.794583403495562
15.297858021926702,6.794583403495562
15.394040218834752,6.794583403495562
15.490222415742801,6.794583403495562
15.105493628110603,6.794583403495562
15.201598631574027,6.794583403495562
15.29770363503745,6.794583403495562
15.393808638500875,6.794583403495562
15.4899136419643,6.794583403495562
15.586018645427723,6.794583403495562
15.682123648891148,6.794583403495562
15.778228652354573,6.794583403495562
15.874333655817995,6.794583403495562
15.97043865928142,6.794583403495562
15.586018645427727,6.794583403495562
15.68228162579805,6.794583403495562
15.77854460616837,6.794583403495562
15.874807586538694,6.794583403495562
15.971070566909017,6.794583403495562
16.06733354727934,6.794583403495562
16.163596527649663,6.794583403495562
16.259859508019986,6.794583403495562
16.356122488390305,6.794583403495562
16.452385468760628,6.794583403495562
16.06733354727934,6.794583403495562
16.161011255518673,7.103962535800891
16.24899964026048,7.400419163335812
16.332415125177686,7.669450484320651
16.418230620718763,7.669450484320651
16.504046116259836,7.669450484320651
16.589861611800913,7.669450484320651
16.67567710734199,7.669450484320651
16.761492602883063,7.669450484320651
16.84730809842414,7.669450484320651
16.504046116259843,7.669450484320651
16.58686385502937,8.021902708859022
16.664610381984275,8.359508084172965
16.73804771896814,8.683998373347764
16.80777175548996,8.996792766717485
16.874257719647126,9.299071589476743
16.93789104902668,9.591829062549383
17.000940005271502,9.793842535017065
17.068020670712524,9.793842535017065
17.13510133615355,9.793842535017065
16.866778674389455,9.793842535017065
16.9326130294117,10.033875863689273
16.99617954324695,10.268299669134262
17.057676852750717,10.497489763860665
17.117277576999044,10.721781782408002
17.1751327111388,10.941476949516128
17.231375128768445,11.156846825335974
17.28612240131786,11.36813724104464
17.3433034146067,11.383695778034735
17.400982342412973,11.383695778034735
17.17026663118788,11.383695778034735
17.227079866685408,11.625892894855674
17.28217996912553,11.863146363358478
17.33569905095729,12.095747090373347
17.38775391046932,12.323958524357549
17.438448331337433,12.548020152434203
17.48787496554045,12.768150444825777
17.536116886996044,12.984549349804732
17.58324888265157,13.197400420284454
17.629338532519416,13.406872636418013
17.43311872184889,13.613121975687426
17.481361383494768,13.613121975687426
17.52960404514065,13.613121975687426
17.57784670678653,13.613121975687426
17.62608936843241,13.613121975687426
17.674332030078293,13.613121975687426
17.722574691724173,13.613121975687426
17.770817353370052,13.613121975687426
17.819060015015932,13.613121975687426
17.867302676661815,13.613121975687426
17.674332030078286,13.613121975687426
17.722541453139325,13.613121975687426
17.769596390967706,13.87849152130762
17.81535794920932,14.138881281384007
17.859917789933004,14.394561503259995
17.903357763143415,14.64577884078543
17.94575127235309,14.892759141114913
17.98716441014379,15.135709822050812
18.02765690866881,15.374821911143849
18.067282940134774,15.610271803573845
17.8989615311366,15.842222784808836
17.94004970517121,16.041280044725802
17.980389298861006,16.237897283303656
18.020015766226617,16.432162088201366
18.058961999747236,16.624156929081373
18.09725857340896,16.813959566756612
18.134933957567405,17.001643421220436
18.172014709453165,17.18727790349973
18.208525642556534,17.3709287155849
18.24448997763788,17.552658122111705
18.094660935557343,17.732525196980152
18.131568806798192,17.86197907462801
18.168080464201147,17.990501467812447
18.2042070803924,18.1181121992407
18.239959342741788,18.2448303983673
18.275347481295963,18.370674534869433
18.31038129472892,18.495662450072263
18.345070174476245,18.61981138647559
18.379423127203207,18.74313801552021
18.413448795742678,18.865658463720575
18.27386914319051,18.987388337279686
18.30861418250275,18.987388337279686
18.343359221814993,18.987388337279686
18.378104261127234,18.987388337279686
18.412849300439476,18.987388337279686
18.447594339751717,18.987388337279686
18.48233937906396,18.987388337279686
18.5170844183762,18.987388337279686
18.55182945768844,18.987388337279686
18.586574497000683,18.987388337279686
18.447594339751717,18.987388337279686
18.482086623313947,18.987388337279686
18.51657890687618,18.987388337279686
18.55107119043841,18.987388337279686
18.58556347400064,18.987388337279686
18.620055757562874,18.987388337279686
18.65382408739473,19.110777116120293
18.687274343483455,19.233374329362736
18.720414473231134,19.3551950185151
18.75325211670366,19.476253754665297
18.618694318364028,19.59656465882417
18.652339652317192,19.70562585550213
18.685708346633614,19.814086763880685
18.718806397070402,19.921957188392646
18.75163959856915,20.029246669450828
18.784213554198526,20.13596449329569
18.816533683604327,20.242119701375703
18.848605230999187,20.347721099287263
18.88043327272159,20.452777265299147
18.912022724391743,20.557296558484904
18.783155091151276,20.661287126484954
18.814792619840226,20.743470613376076
18.846243425240885,20.825329780172527
18.877510421742148,20.906868436422627
18.908775956207045,20.927960714101992
18.94010349406525,20.927960714101992
18.971431031923455,20.927960714101992
19.00275856978166,20.927960714101992
19.034086107639865,20.927960714101992
19.06541364549807,20.927960714101992
18.940103494065244,20.927960714101992
18.971538919120103,20.927960714101992
19.002974344174962,20.927960714101992
19.034409769229818,20.927960714101992
19.065845194284677,20.927960714101992
19.097280619339536,20.927960714101992
19.128716044394395,20.927960714101992
19.16015146944925,20.927960714101992
19.19158689450411,20.927960714101992
19.223022319558968,20.927960714101992
19.09728061933954,20.927960714101992
19.128743822106674,20.927960714101992
19.160207024873813,20.927960714101992
19.191670227640948,20.927960714101992
19.223133430408083,20.927960714101992
19.254596633175222,20.927960714101992
19.286059835942357,20.927960714101992
19.317523038709496,20.927960714101992
19.34898624147663,20.927960714101992
19.380449444243766,20.927960714101992
19.254596633175215,20.927960714101992
19.286034115875854,20.927960714101992
19.317471598576493,20.927960714101992
19.34890908127713,20.927960714101992
19.38034656397777,20.927960714101992
19.41178404667841,20.927960714101992
19.44322152937905,20.927960714101992
19.474659012079687,20.927960714101992
19.506096494780323,20.91697041185202
19.53753397748096,20.814095871568966
19.41178404667841,20.657196729728813
19.44322701012832,20.499096724260152
19.47466997357823,20.339767852422206
19.506112937028142,20.17918100593486
19.537555900478054,20.017305908891355
19.568998863927966,19.85411105111461
19.600441827377875,19.68956361654178
19.631884790827787,19.523629406176003
19.6633277542777,19.35627275509298
19.69477071772761,19.18745644293191
19.56899886392797,18.975924496212457
19.600468149092034,18.762007787614383
19.6319374342561,18.54562379536071
19.663406719420163,18.32668512567388
19.69487600458423,18.105099100312678
19.726345289748295,17.88076729809685
19.75781457491236,17.653585043985725
19.789283860076424,17.423440838186448
19.820753145240488,17.19021571645714
19.852222430404552,16.95378253118981
19.72634528974829,16.777568826949953
19.757771543215423,16.599484611613967
19.78919779668255,16.419469023064508
19.820624050149682,16.237457825273665
19.85205030361681,16.053383140500543
19.88347655708394,15.867173153522751
19.91490281055107,15.678751784247343
19.9463290640182,15.48803832446851
19.977755317485332,15.29494703385309
20.00918157095246,15.099386689416809
19.88347655708395,14.974995600854497
19.918192997311376,14.84956255566761
19.9529094375388,14.723060923047205
19.987625877766227,14.595462918072645
20.022342317993655,14.466739530450795
20.05705875822108,14.336860447496226
20.091775198448506,14.205793970773183
20.126491638675933,14.073506925749877
20.161208078903357,13.939964563735582
20.195924519130784,13.805130455279219
20.057058758221086,13.805130455279219
20.099271092095552,13.805130455279219
20.141483425970023,13.805130455279219
20.18369575984449,13.805130455279219
20.225908093718957,13.805130455279219
20.268120427593423,13.805130455279219
20.310332761467894,13.805130455279219
20.35254509534236,13.805130455279219
20.394757429216828,13.805130455279219
20.436969763091298,14.108930568059344
20.26812042759342,14.108930568059344
20.31571125690743,13.805130455279219
20.36330208622144,13.805130455279219
20.41089291553545,13.805130455279219
20.45848374484946,13.805130455279219
20.50607457416347,13.805130455279219
20.55366540347748,13.805130455279219
20.60125623279149,13.805130455279219
20.6488470621055,13.805130455279219
20.69643789141951,13.805130455279219
20.506074574163474,13.805130455279219
20.553625024300654,13.805130455279219
20.60117547443783,13.805130455279219
20.64872592457501,13.805130455279219
20.69627637471219,13.805130455279219
20.743826824849368,13.805130455279219
20.791377274986548,13.805130455279219
20.838927725123728,13.805130455279219
20.886478175260905,13.805130455279219
20.934028625398085,13.805130455279219
20.743826824849375,13.805130455279219
20.791437286658816,13.805130455279219
20.83828181211796,13.984884089856193
20.884248723939947,14.162356411492684
20.929380865588666,14.337632135244055
20.97371788833336,14.510790859392126
21.017296563570305,14.681907487940833
21.060151057810153,14.851052609289624
21.10231317555601,15.018292836515181
21.14381257446492,15.183691113914241
20.9705453708815,15.347306993808175
21.013505143978588,15.534840718217454
21.055703071518057,15.720137414112532
21.097174298873878,15.903275275765502
21.137951496590325,16.084328045490988
21.178065089378876,16.263365360624523
21.217543459203295,16.4404530664868
21.256413125888947,16.615653499322526
21.294698908173356,16.789025742661263
21.33242406768347,16.960625860089486
21.175409230210374,17.130507107033637
21.213124123738456,17.29873167012595
21.250298058879473,17.46533598434073
21.286951314778907,17.63036598306444
21.323103005132133,17.79386546952866
21.35877116655915,17.955876252596894
21.39397283875212,18.11643827162121
21.428724137296737,18.27558971142519
21.463040319955486,18.433367108351067
21.496935847104055,18.58980544820541
21.356822954293136,18.744938256847266
21.3919707650062,18.744938256847266
21.427118575719263,18.744938256847266
21.462266386432326,18.744938256847266
21.49741419714539,18.744938256847266
21.532562007858452,18.744938256847266
21.56770981857152,18.744938256847266
21.602857629284582,18.744938256847266
21.638005439997645,18.744938256847266
21.67315325071071,18.744938256847266
21.532562007858452,18.744938256847266
21.567626955910363,18.744938256847266
21.602691903962274,18.744938256847266
21.637756852014185,18.744938256847266
21.6728218000661,18.744938256847266
21.70788674811801,18.744938256847266
21.742162740240396,18.875579554002034
21.776093342088846,19.005322852977347
21.809687782713176,19.134186420967744
21.842954909733713,19.262187914117902
21.706405399410347,19.38934440576146
21.740193979169625,19.50284406126295
21.77369057297695,19.61568699971138
21.80690182803892,19.72788449031858
21.839834157840013,19.839447483638722
21.87249375306306,19.95038662404228
21.904886591878984,20.06071226156917
21.937018449648903,20.17043446319831
21.9688949080784,20.279563023568443
22.000521363860564,20.38810747518246
21.871381280902767,20.49607709812532
21.903332854655865,20.582597691068848
21.935084431976968,20.66875610704447
21.9666393217944,20.75455685656968
21.998000748214952,20.8400043573095
22.029171853422106,20.925102936730667
22.060522788208814,20.927960714101992
22.09191402373333,20.927960714101992
22.123305259257847,20.927960714101992
22.154696494782364,20.927960714101992
22.0291315526843,20.927960714101992
22.060642942955003,20.927960714101992
22.0921543332257,20.927960714101992
22.1236657234964,20.927960714101992
22.155177113767103,20.927960714101992
22.186688504037804,20.927960714101992
22.2181998943085,20.927960714101992
22.249711284579202,20.927960714101992
22.281222674849904,20.927960714101992
22.312734065120605,20.927960714101992
22.186688504037807,20.927960714101992
22.218476501270505,20.927960714101992
22.250264498503203,20.927960714101992
22.2820524957359,20.927960714101992
22.3138404929686,20.927960714101992
22.345628490201296,20.927960714101992
22.377416487433994,20.927960714101992
22.40920448466669,20.927960714101992
22.440992481899386,20.927960714101992
22.472780479132084,20.927960714101992
22.345628490201296,20.927960714101992
22.376754412635368,20.927960714101992
22.407880335069443,20.927960714101992
22.439006257503515,20.927960714101992
22.47013217993759,20.927960714101992
22.50125810237166,20.927960714101992
22.532384024805737,20.927960714101992
22.563509947239808,20.927960714101992
22.594635869673883,20.927960714101992
22.625761792107955,20.927960714101992
22.501258102371654,20.927960714101992
22.532540061490504,20.927960714101992
22.563822020609354,20.927960714101992
22.595103979728204,20.927960714101992
22.62638593884705,20.927960714101992
22.6576678979659,20.927960714101992
22.68894985708475,20.927960714101992
22.7202318162036,20.927960714101992
22.75151377532245,20.927960714101992
22.7827957344413,20.927960714101992
22.657667897965904,20.927960714101992
22.689374300183974,20.927960714101992
22.72108070240205,20.927960714101992
22.75278710462012,20.927960714101992
22.784493506838192,20.927960714101992
22.816199909056262,20.927960714101992
22.847906311274333,20.927960714101992
22.879612713492406,20.927960714101992
22.911319115710477,20.927960714101992
22.94302551792855,20.927960714101992
22.816199909056255,20.927960714101992
22.84751295775924,20.927960714101992
22.87882600646222,20.927960714101992
22.910139055165203,20.927960714101992
22.941452103868187,20.927960714101992
22.972765152571167,20.927960714101992
23.00407820127415,20.927960714101992
23.03539124997713,20.927960714101992
23.066704298680115,20.927960714101992
23.0980173473831,20.927960714101992
22.972765152571174,20.927960714101992
23.00420711530489,20.927960714101992
23.035649078038603,20.927960714101992
23.06709104077232,20.927960714101992
23.098533003506034,20.927960714101992
23.12997496623975,20.927960714101992
23.161416928973463,20.927960714101992
23.19285889170718,20.927960714101992
23.224300854440894,20.927960714101992
23.25574281717461,20.927960714101992
23.129974966239754,20.927960714101992
23.161372686017945,20.927960714101992
23.192770405796136,20.927960714101992
23.224168125574323,20.927960714101992
23.255565845352514,20.927960714101992
23.286963565130705,20.927960714101992
23.318361284908896,20.927960714101992
23.349759004687087,20.927960714101992
23.381156724465274,20.927960714101992
23.412554444243465,20.927960714101992
23.28696356513071,20.927960714101992
23.31842430755521,20.927960714101992
23.349885049979708,20.927960714101992
23.38134579240421,20.927960714101992
23.41280653482871,20.927960714101992
23.44426727725321,20.927960714101992
23.47572801967771,20.927960714101992
23.50718876210221,20.927960714101992
23.53864950452671,20.927960714101992
23.570110246951213,20.927960714101992
23.444267277253207,20.927960714101992
23.47570967421242,20.927960714101992
23.507152071171635,20.927960714101992
23.53859446813085,20.927960714101992
23.570036865090064,20.927960714101992
23.601479262049278,20.927960714101992
23.632921659008492,20.927960714101992
23.664364055967702,20.927960714101992
23.695806452926917,20.927960714101992
23.72724884988613,20.927960714101992
23.601479262049278,20.927960714101992
23.632920768562652,20.927960714101992
23.664362275076027,20.927960714101992
23.6958037815894,20.927960714101992
23.727245288102775,20.927960714101992
23.75868679461615,20.927960714101992
23.790128301129524,20.927960714101992
23.8215698076429,20.927960714101992
23.853011314156273,20.927960714101992
23.884452820669647,20.927960714101992
23.75868679461615,20.927960714101992
23.790122125095326,20.927960714101992
23.821557455574506,20.927960714101992
23.852992786053683,20.927960714101992
23.88442811653286,20.927960714101992
23.91586344701204,20.927960714101992
23.947298777491216,20.927960714101992
23.978734107970393,20.927960714101992
24.01016943844957,20.927960714101992
24.04160476892875,20.927960714101992
23.915863447012033,20.927960714101992
23.947294618751283,20.927960714101992
23.978725790490536,20.927960714101992
24.010156962229786,20.927960714101992
24.041588133969036,20.927960714101992
24.07301930570829,20.927960714101992
24.10445047744754,20.927960714101992
24.135881649186793,20.927960714101992
24.167312820926043,20.927960714101992
24.198743992665293,20.927960714101992
24.073019305708282,20.927960714101992
24.10443092410603,20.927960714101992
24.135842542503777,20.927960714101992
24.167254160901525,20.927960714101992
24.198665779299272,20.927960714101992
24.23007739769702,20.927960714101992
24.261489016094767,20.927960714101992
24.292900634492515,20.927960714101992
24.324312252890262,20.927960714101992
24.35572387128801,20.87638206033096
24.23007739769702,20.789519959523115
24.261446716909962,20.70229340836207
24.292657418358694,20.61469778057426
24.323895630853997,20.526728351174597
24.3551338433493,20.438380293492354
24.386372055844603,20.349648676080832
24.417610268339903,20.2605284595052
24.448848480835206,20.171014493002623
24.48008669333051,20.08110151100839
24.511324905825813,19.99078412954142
24.386372055844603,19.8958270587341
24.417546246563823,19.800414606471925
24.448633331186375,19.70454015767223
24.479633956192163,19.608196935527967
24.510548760592588,19.511377995917645
24.541378376046097,19.414076221564343
24.57212342697148,19.316284315929938
24.602784530658987,19.217994796829657
24.63336229737934,19.11919998975121
24.66385733049066,19.019892020861565
24.541025989188128,18.949073119747286
24.572031277768794,18.87798855042096
24.603036566349463,18.80663530039652
24.63404185493013,18.735010299821457
24.665047143510797,18.66311041993568
24.696052432091463,18.59093247147672
24.72705772067213,18.518473203029
24.758063009252798,18.445729299314756
24.789068297833463,18.37269737942403
24.820073586414132,18.299373994981092
24.696052432091456,18.228235026918703
24.729222423605968,18.156817336333525
24.762392415120477,18.08511762122042
24.79556240663499,18.013132513857023
24.8287323981495,17.94085857895794
24.861902389664014,17.86829231176176
24.895072381178522,17.79543013604785
24.928242372693035,17.722268402079788
24.961412364207547,17.64880338447203
24.99458235572206,17.575031279976347
24.861902389664017,17.517427017523858
24.896615151074457,17.45963270336471
24.9313279124849,17.401646443900944
24.96604067389534,17.343466313879073
25.000753435305782,17.285090355644254
25.03546619671622,17.226516578371665
25.070178958126665,17.16774295727431
25.104891719537104,17.10876743278631
25.139604480947543,17.049587909720785
25.174317242357986,16.990202256401332
25.035466196716214,16.96718419155024
25.072155527182353,16.944134857423666
25.108844857648492,16.92105412623951
25.14553418811463,16.897941869342983
25.18222351858077,16.874797957198243
25.21891284904691,16.85162225937994
25.255602179513048,16.828414644564617
25.292291509979187,16.80517498052205
25.328980840445325,16.781903134106447
25.365670170911464,16.758598971247544
25.21891284904691,16.758598971247544
25.257469215066017,16.758598971247544
25.296025581085125,16.758598971247544
25.334581947104233,16.758598971247544
25.37313831312334,16.758598971247544
25.41169467914245,16.758598971247544
25.450251045161558,16.758598971247544
25.48880741118067,16.758598971247544
25.527363777199778,16.758598971247544
25.565920143218886,17.04544468590006
25.41169467914245,17.04544468590006
25.45097686409416,16.758598971247544
25.49025904904587,16.758598971247544
25.52954123399758,16.758598971247544
25.568823418949293,16.758598971247544
25.608105603901002,16.758598971247544
25.64738778885271,16.758598971247544
25.686669973804424,16.758598971247544
25.725952158756133,16.758598971247544
25.765234343707846,16.758598971247544
25.608105603900995,16.758598971247544
25.64735156424095,16.758598971247544
25.686597524580904,16.758598971247544
25.72584348492086,16.758598971247544
25.765089445260816,16.758598971247544
25.80433540560077,16.758598971247544
25.843581365940725,16.758598971247544
25.88282732628068,16.758598971247544
25.922073286620634,16.758598971247544
25.96131924696059,16.758598971247544
25.804335405600767,16.758598971247544
25.843597499203888,16.758598971247544
25.88285959280701,16.758598971247544
25.92212168641013,16.758598971247544
25.960434054738617,16.940615425693558
25.998150289323835,17.12069690530715
26.03529478288716,17.298903839421186
26.071890395817558,17.475293576008625
26.107958583164425,17.649920597267162
26.143519508719358,17.822836716190352
25.99576055259626,17.994091256135448
26.03220349852889,18.147978677447345
26.06818967983097,18.300572122751703
26.103734096747147,18.451903694822118
26.13885099255346,18.602004190568913
26.173553904071827,18.750903174217946
26.20785570803715,18.89862904529982
26.241768663718467,19.045209101892354
26.275304452150984,19.190669599515196
26.308474212296897,19.335035806036412
26.171879613291356,19.478332052916222
26.205516502788083,19.478332052916222
26.239153392284805,19.478332052916222
26.272790281781532,19.478332052916222
26.306427171278255,19.478332052916222
26.34006406077498,19.478332052916222
26.373700950271704,19.478332052916222
26.40733783976843,19.478332052916222
26.440974729265157,19.478332052916222
26.47461161876188,19.478332052916222
26.34006406077499,19.478332052916222
26.373906135647996,19.478332052916222
26.407748210521003,19.478332052916222
26.441590285394014,19.478332052916222
26.47543236026702,19.478332052916222
26.50927443514003,19.478332052916222
26.542490429226078,19.58981928689878
26.57542972251752,19.700675618441092
26.608098432982096,19.81091163860783
26.640502469001547,19.920537645415475
26.508093986218505,20.029563655060063
26.540832716447042,20.127575886951277
26.573334331131388,20.225113150681306
26.60560336336061,20.322182285146972
26.637644212128063,20.41878996668561
26.669461147612104,20.514942714433797
26.70105831619932,20.610646895461088
26.732439745265093,20.70590872969016
26.763609347725485,20.800734294614184
26.79457092637338,20.895129529821492
26.66854487316049,20.927960714101992
26.700019838498182,20.927960714101992
26.731494803835876,20.927960714101992
26.762969769173566,20.927960714101992
26.79444473451126,20.927960714101992
26.825919699848953,20.927960714101992
26.857394665186646,20.927960714101992
26.888869630524336,20.927960714101992
26.92034459586203,20.927960714101992
26.951819561199724,20.927960714101992
26.825919699848956,20.927960714101992
26.857163596759367,20.927960714101992
26.88840749366978,20.927960714101992
26.919651390580192,20.927960714101992
26.950895287490606,20.927960714101992
26.982139184401017,20.927960714101992
27.013383081311428,20.927960714101992
27.044626978221842,20.927960714101992
27.075870875132253,20.927960714101992
27.107114772042667,20.927960714101992
26.98213918440101,20.927960714101992
27.012364744728078,20.927960714101992
27.042590305055146,20.927960714101992
27.07281586538221,20.927960714101992
27.10304142570928,20.927960714101992
27.133266986036347,20.927960714101992
27.163492546363415,20.927960714101992
27.193718106690483,20.927960714101992
27.223943667017547,20.927960714101992
27.254169227344615,20.927960714101992
27.13326698603635,20.927960714101992
27.164611215990917,20.927960714101992
27.195955445945483,20.927960714101992
27.22729967590005,20.927960714101992
27.25864390585462,20.927960714101992
27.28998813580919,20.927960714101992
27.321332365763755,20.927960714101992
27.35267659571832,20.927960714101992
27.38402082567289,20.927960714101992
27.41536505562746,20.927960714101992
27.289988135809196,20.927960714101992
27.321395880124342,20.927960714101992
27.352803624439492,20.927960714101992
27.384211368754638,20.927960714101992
27.415619113069784,20.927960714101992
27.44702685738493,20.927960714101992
27.47843460170008,20.90881941404831
27.509842346015226,20.795570496884842
27.541250090330372,20.68170146028926
27.57265783464552,20.567202004505976
27.447026857384927,20.40055340096302
27.47843666730917,20.232532215146307
27.50984647723341,20.06310396245612
27.54125628715765,19.89223268966336
27.572666097081893,19.719880885824356
27.604075907006134,19.54600938612509
27.635485716930376,19.37057726795666
27.666895526854617,19.193541738440786
27.69830533677886,19.014858012529512
27.7297151467031,18.83447918069536
27.604075907006134,18.613709002419252
27.635491784434834,18.39028873197591
27.666907661863537,18.164120580532842
27.698323539292236,17.935100593050304
27.72973941672094,17.703118089803557
27.76115529414964,17.468055041137994
27.792571171578338,17.229785365433983
27.82398704900704,16.988174138429933
27.85540292643574,16.74307669982779
27.886818803864443,16.49433764038474
27.76115529414963,16.2149474521666
27.792606657816492,15.93065810184989
27.824058021483353,15.641202455039922
27.855509385150214,15.346288180568559
27.886960748817074,15.04559429210324
27.918412112483935,14.738767054407264
27.949863476150796,14.4254151054863
27.981314839817657,14.105103602848994
28.012766203484517,13.77734714408456
28.044217567151378,13.441601132682308
27.918412112483935,13.11099438777006
27.949847436529666,12.771832549096064
27.981282760575397,12.423414968846583
28.012718084621127,12.064939797370437
28.04415340866686,11.695482253425238
28.07558873271259,11.313966500135855
28.10702405675832,10.91912866451385
28.13845938080405,10.50946733275382
28.16989470484978,10.08317591060631
28.201330028895512,9.638048001034392
28.07558873271259,9.638048001034392
28.11198000802959,9.638048001034392
28.148371283346595,9.638048001034392
28.184762558663596,9.490403654253324
28.2211538339806,9.181236512415564
28.257545109297602,8.861289199273466
28.293936384614604,8.529348665015895
28.33032765993161,8.18395570770372
28.36671893524861,7.823328792905497
28.403110210565615,7.44525458115114
28.257545109297595,7.44525458115114
28.325800545534868,7.44525458115114
28.394055981772144,7.44525458115114
28.462311418009417,7.44525458115114
28.530566854246693,7.44525458115114
28.598822290483966,7.44525458115114
28.66707772672124,7.44525458115114
28.735333162958515,7.44525458115114
28.803588599195788,7.44525458115114
28.871844035433064,7.571290108796683
28.59882229048396,7.571290108796683
28.686607079519497,7.44525458115114
28.774391868555032,7.44525458115114
28.86217665759057,7.44525458115114
28.949961446626105,7.44525458115114
29.037746235661643,7.44525458115114
29.125531024697178,7.44525458115114
29.213315813732716,7.44525458115114
29.30110060276825,7.44525458115114
29.38888539180379,7.44525458115114
29.03774623566165,7.44525458115114
29.126447237147993,7.44525458115114
29.21514823863433,7.44525458115114
29.303849240120673,7.44525458115114
29.39255024160701,7.44525458115114
29.481251243093354,7.44525458115114
29.569952244579692,7.443426314713866
29.65310743624401,7.23396626956064
29.740331875960248,7.0182576666653755
29.827556315676482,6.795705508795503
29.478658556811546,6.795705508795503
29.565127077058783,6.795705508795503
29.65159559730602,6.795705508795503
29.73806411755326,6.795705508795503
29.8245326378005,6.795705508795503
29.911001158047736,6.795705508795503
29.997469678294973,6.795705508795503
30.083938198542214,6.795705508795503
30.17040671878945,6.795705508795503
30.256875239036688,7.436788189196482
29.911001158047732,7.436788189196482
30.007684600237354,6.795705508795503
30.104368042426977,6.795705508795503
30.201051484616602,6.795705508795503
30.297734926806225,6.795705508795503
30.394418368995847,6.795705508795503
30.49110181118547,6.795705508795503
30.587785253375095,6.795705508795503
30.684468695564718,6.795705508795503
30.78115213775434,6.795705508795503
30.394418368995844,6.795705508795503
30.48849364166955,7.071693002004106
30.577411445343795,7.337306758403532
30.664615770409988,7.436788189196482
30.753191184527918,7.436788189196482
30.841766598645844,7.436788189196482
30.930342012763774,7.436788189196482
31.0189174268817,7.436788189196482
31.107492840999626,7.436788189196482
31.196068255117556,7.436788189196482
30.841766598645837,7.436788189196482
30.92643870025206,7.84750257596059
31.005016555836963,8.237765157398206
31.078561698742334,8.610357303688371
31.147870404050657,8.967481865379794
31.21355610930978,9.31091881151647
31.276102039847732,9.642130844548163
31.335896101749253,9.962337342818845
31.3932547681149,10.272567519411037
31.44843988446159,10.573699520489242
31.199983996715627,10.86648975789009
31.25925975497721,11.197288913353086
31.316037219149027,11.518591856640708
31.37058136631134,11.831172288097207
31.42311552271828,12.135704226018735
31.4738297369001,12.432779110568106
31.52288714535963,12.72291930977118
31.570428881829127,13.006588911537031
31.616577912501803,13.284202439909132
31.661442067500875,13.55613196362655
31.466816924160266,13.822712945222696
31.515608972669153,13.476335179875338
31.564401021178035,13.476335179875338
31.613193069686922,13.476335179875338
31.661985118195805,13.476335179875338
31.71077716670469,13.476335179875338
31.759569215213574,13.476335179875338
31.80836126372246,13.476335179875338
31.857153312231343,13.476335179875338
31.90594536074023,13.476335179875338
31.7107771667047,13.476335179875338
31.75956918732081,13.476335179875338
31.80836120793692,13.476335179875338
31.85715322855303,13.476335179875338
31.90594524916914,13.476335179875338
31.95473726978525,13.476335179875338
32.00352929040136,13.476335179875338
32.05232131101747,13.476335179875338
32.101113331633584,13.476335179875338
32.1499053522497,13.476335179875338
31.95473726978526,13.476335179875338
32.003481168909595,13.476335179875338
32.05132924795931,13.677125853420863
32.09815760598031,13.875011111357031
32.14402269457191,14.070113541483906
32.18897621034817,14.262547346116559
32.23306561930169,14.452419123807067
32.276334610719644,14.639828559793722
32.31882349170269,14.82486903787415
32.3605695313698,15.007628184363021
32.18535727005567,15.18818835312675
32.228215864098765,15.387033611165178
32.2702620008374,15.147468267441283
32.31153567720128,14.844768605836892
32.35207388918775,14.535766749935847
32.39191092729519,14.220051865455362
32.43107863643859,13.897166441542696
32.46960664534488,13.56659851074102
32.50752256962557,13.22777211775817
32.54485219206675,12.880035529727408
32.389111223206754,12.550673959087387
32.427507138841094,12.212432943831795
32.465320349138715,11.864553088416857
32.50257393996292,11.506160157417236
32.53928959650424,11.136239183333378
32.575487715295345,10.753600547197367
32.611187505238966,10.356834763042103
32.646407078915274,9.944250996894198
32.68116353526854,9.513791540153962
32.71547303463049,9.062909634867765
32.573405996046354,9.062909634867765
32.61583987584782,9.062909634867765
32.65827375564929,9.062909634867765
32.700707635450755,9.062909634867765
32.743141515252226,8.756099297108312
32.78557539505369,8.400517403473907
32.828009274855155,8.029203596329797
32.87044315465663,7.6398644056398455
32.91287703445809,7.229588223530438
32.95531091425956,6.794583403495562
32.78557539505368,6.794583403495562
32.858247962916,6.794583403495562
32.93092053077833,6.794583403495562
33.00359309864066,6.794583403495562
33.07626566650299,6.794583403495562
33.14893823436532,6.794583403495562
33.221610802227644,6.794583403495562
33.29428337008997,6.794583403495562
33.3669559379523,6.794583403495562
33.439628505814625,7.060296289556592
33.14893823436531,7.060296289556592
33.2457988207292,6.794583403495562
33.34265940709308,6.794583403495562
33.43951999345697,6.794583403495562
33.53638057982086,6.794583403495562
33.63324116618474,6.794583403495562
33.73010175254863,6.794583403495562
33.82696233891251,6.794583403495562
33.9238229252764,6.794583403495562
34.020683511640286,6.794583403495562
33.63324116618475,6.794583403495562
33.72988402740422,6.794583403495562
33.826526888623675,6.794583403495562
33.92316974984314,6.794583403495562
34.019812611062605,6.794583403495562
34.11645547228207,6.794583403495562
34.21309833350153,6.794583403495562
34.299704976163234,6.987918612003346
34.389196712435684,7.060296289556592
34.48220243825478,7.060296289556592
34.1101795349784,7.060296289556592
34.202493401395984,7.496355974157654
34.28748973251997,7.908408315600032
34.36655927113698,8.30002959520111
34.44071638276973,8.673987576436623
34.510724932076215,9.032476386414716
34.577175437566595,9.377270331290552
34.64053452880909,9.709828425933415
34.70117785487165,10.031367666276974
34.76652363100852,10.100783612747303
34.49652259623592,10.100783612747303
34.559384049192744,10.406442644558116
34.61961064918721,10.703376450326829
34.67748040664872,10.992292134052123
34.73322784771222,11.273806157783511
34.787052714928514,11.548459819656069
34.83912659135743,11.816731490947229
34.88959801556776,12.079046404914468
34.93859648216249,12.335784570711763
34.98623560717178,12.587287233472653
34.77964230693414,12.833862194245226
34.829418343121176,13.006816744107097
34.87822407758044,13.177501463050291
34.92610859381674,13.346003439329708
34.97311719375151,13.458083901639618
35.019291779763144,13.458083901639618
35.06467118962239,13.458083901639618
35.1092914911166,13.458083901639618
35.15318624204196,13.458083901639618
35.19638672033265,14.315424749760224
35.01596500128389,14.429703797051392
35.0646452609906,13.458083901639618
35.11332552069731,13.458083901639618
35.16200578040402,13.458083901639618
35.21068604011074,13.458083901639618
35.25936629981745,13.458083901639618
35.30804655952416,13.458083901639618
35.35672681923087,13.458083901639618
35.405407078937586,13.458083901639618
35.4540873386443,13.458083901639618
35.25936629981746,13.458083901639618
35.30859990502741,13.458083901639618
35.35783351023735,13.458083901639618
35.4070671154473,13.458083901639618
35.45630072065724,13.458083901639618
35.50553432586719,13.458083901639618
35.55476793107713,13.458083901639618
35.60400153628708,13.458083901639618
35.65323514149702,13.458083901639618
35.70246874670697,13.458083901639618
35.5055343258672,13.458083901639618
35.55418833317259,13.458083901639618
35.60168888233811,13.717757112272452
35.647896315381296,13.972605271710478
35.69290142620659,14.22288775062088
35.736785376713605,14.468841482803365
35.7796210256811,14.710683591941656
35.82147403570029,14.948613635717242
35.862403801180925,15.182815533282405
35.90246423104024,15.413459229044317
35.73238206027029,15.640702135554575
35.77424578031661,15.864868701394844
35.815243570134754,16.08591167860417
35.855421834016866,16.303958113023054
35.89482319450984,16.51912666488657
35.93348689598048,16.73152836383822
35.97144915569045,16.54857439180005
36.0087434703567,16.33032875730104
36.04540088479653,16.109126613262628
36.081450228144746,15.88484444880463
35.93055091022249,15.747267950838502
35.96727599733425,15.608478871058884
36.00358818988777,15.468444570191204
36.039499672813726,15.327130917881009
36.07502207755304,15.184502195549584
36.11016651535756,15.040520990957605
36.14494360812188,14.895148083594956
36.17936351696238,14.748342319901877
36.21343596873804,14.600060477196484
36.247170280687854,14.450257115033663
36.108633666431004,14.325750489007955
36.14800454729044,14.200152233551666
36.18737542814988,14.073433121977489
36.226746309009314,13.945562599676778
36.26611718986876,13.81650869808413
36.305488070728195,13.686237941339654
36.34485895158763,13.554715244876808
36.38422983244707,13.421903805065302
36.423600713306506,13.287764978925429
36.46297159416594,13.15225815279976
36.30548807072819,13.15138820871755
36.35004372152318,13.150518207086073
36.39459937231817,13.149648147893904
36.43915502311316,13.148778031129618
36.483710673908156,13.147907856781783
36.52826632470315,13.147037624838967
36.57282197549814,13.146167335289732
36.61737762629313,13.145296988122634
36.66193327708812,13.144426583326231
36.70648892788311,13.143556120889071
36.52826632470314,13.143556120889071
36.578298073922724,13.143556120889071
36.62832982314231,13.143556120889071
36.678361572361894,13.143556120889071
36.72839332158148,13.143556120889071
36.77842507080106,13.143556120889071
36.82845682002065,13.143556120889071
36.87848856924023,13.143556120889071
36.92852031845982,13.143556120889071
36.9785520676794,13.156733565676243
36.77842507080106,13.156733565676243
36.82844362858344,13.143556120889071
36.878462186365816,13.143556120889071
36.928480744148196,13.143556120889071
36.97849930193057,13.143556120889071
37.02851785971295,13.143556120889071
37.07853641749533,13.143556120889071
37.1285549752777,13.143556120889071
37.17857353306008,13.143556120889071
37.22859209084246,13.143556120889071
37.02851785971296,13.143556120889071
37.077984150698356,13.355960474833731
37.12630228246808,13.565039362555538
37.173541059802886,13.770944252666244
37.219763036841826,13.973815452924864
37.26502525845978,14.173783228720623
37.3093798947657,14.370968781439972
37.35287478667457,14.565485107591938
37.395553917089224,14.757437755987413
37.437457819533776,14.946925497379155
37.26122243760079,15.134040918623267
37.3042210155691,15.36962630276366
37.34625672536349,15.601654747065956
37.38738529716065,15.830282657194937
37.42765756622058,16.0556553016913
37.467120034736986,16.277907891580202
37.5058153552322,16.497166529037955
37.543782748272506,16.713549044019686
37.58105836492011,16.927165734608156
37.61767560246372,17.13812002428894
37.463906774776135,17.346509047268697
37.50152539801136,17.51957660228178
37.53859605193474,17.690951147958767
37.57513959153572,17.86068141801169
37.61117565534521,18.028813852052288
37.64672275903142,18.1953927439942
37.68179838015692,18.360460378335866
37.716419035078665,18.524057155512278
37.75060034884784,18.686221707368507
37.784357118859795,18.846991003690068
37.64475355983738,18.72738215421214
37.67934782341469,18.50701881632798
37.71394208699199,18.283999797252584
37.7485363505693,18.05822670430148
37.78313061414661,17.82959491469062
37.81772487772391,17.597993008862577
37.852319141301216,17.363302135768723
37.88691340487852,17.12539529984652
37.921507668455824,16.884136557550697
37.956101932033135,16.6393801090075
37.817724877723904,16.363799910700294
37.85231987047821,16.083498519378033
37.88691486323252,15.79822463849137
37.92150985598683,15.507703854331117
37.95610484874113,15.211635544511202
37.990699841495434,14.909689233664029
38.024569656704905,14.601500270514585
38.058120840098624,14.28666466517773
38.09136134314447,13.96473287824147
38.12429881019483,13.635202289149902
37.98933606254842,13.413685275386914
38.02274348373654,13.188448122058361
38.055879278935436,12.959296858599917
38.0887492704561,12.726020048326603
38.12135908772577,12.488386503928504
38.15371417578489,12.246142603799639
38.18581980332092,11.99900912049364
38.217681070269165,11.746677448316293
38.24930291500815,11.488805084771677
38.28069012117519,11.225010177143204
38.15267393569104,11.225010177143204
38.198375519697535,11.225010177143204
38.24407710370403,11.167411628569146
38.28977868771052,11.090164059462044
38.335480271717024,11.012374641723095
38.38118185572352,10.93403181052388
38.42688343973001,10.855123583701403
38.47258502373651,10.775637540364498
38.518286607743,10.695560798069211
38.563988191749495,10.61487998844439
38.38118185572351,10.61487998844439
38.439706024854615,10.61487998844439
38.49823019398571,10.61487998844439
38.556754363116816,10.61487998844439
38.61527853224792,10.61487998844439
38.67380270137902,10.61487998844439
38.73232687051012,10.61487998844439
38.79085103964122,10.61487998844439
38.84937520877232,10.61487998844439
38.907899377903426,10.850443928616441
38.67380270137903,10.850443928616441
38.735688693546734,10.61487998844439
38.79757468571444,10.61487998844439
38.85946067788214,10.61487998844439
38.92134667004984,10.61487998844439
38.983232662217546,10.61487998844439
39.04511865438525,10.61487998844439
39.10700464655295,10.61487998844439
39.168890638720654,10.61487998844439
39.23077663088836,10.61487998844439
38.983232662217546,10.61487998844439
39.04513802154,10.61487998844439
39.10704338086244,10.61487998844439
39.168948740184895,10.61487998844439
39.23085409950734,10.61487998844439
39.29275945882979,10.61487998844439
39.354664818152244,10.61487998844439
39.41657017747469,10.61487998844439
39.47847553679714,10.61487998844439
39.540380896119586,10.61487998844439
39.29263088730968,10.703432185951394
39.35355052993696,10.799034724244635
39.41367352286899,10.893798299565793
39.47308986042955,10.98005967798831
39.532872239361794,10.98005967798831
39.59265461829404,10.98005967798831
39.65243699722628,10.98005967798831
39.71221937615852,10.98005967798831
39.77200175509077,10.98005967798831
39.83178413402301,10.98005967798831
39.59265461829403,10.98005967798831
39.65125406731584,11.001885202648614
39.70770233775067,10.620620400328619
39.762199610563684,10.225149258739176
39.81491828426907,9.81375448231268
39.866007934366685,9.384342103457765
39.91559921152497,8.93431454507552
39.963806939722765,8.460382737557792
40.010732603589815,7.9582771842644275
40.05646636399067,7.422282359032269
39.85968636424421,7.422282359032269
39.91031852875581,7.422282359032269
39.9609506932674,7.422282359032269
40.011582857779,7.422282359032269
40.062215022290594,7.422282359032269
40.112847186802185,7.422282359032269
40.16347935131378,7.368941019218535
40.21411151582537,7.210347415383749
40.26474368033697,7.048186146544424
40.31537584484857,6.882205029069561
40.1128471868022,6.882205029069561
40.20135442020492,6.882205029069561
40.28986165360765,6.882205029069561
40.378368887010375,6.882205029069561
40.4668761204131,6.882205029069561
40.55538335381583,6.882205029069561
40.64389058721855,6.882205029069561
40.73239782062127,6.882205029069561
40.820905054024,6.858408107116357
40.909412287426726,6.833663782676034
40.55538335381581,6.833663782676034
40.65100062256714,6.833663782676034
40.746617891318465,6.833663782676034
40.84223516006979,6.833663782676034
40.93785242882112,6.833663782676034
41.03346969757245,6.833663782676034
41.129086966323776,6.833663782676034
41.2247042350751,6.833663782676034
41.32032150382643,6.816165043791804
41.41593877257775,6.794583403495562
41.03346969757244,6.794583403495562
41.12945435698683,6.794583403495562
41.225439016401204,6.794583403495562
41.32142367581559,6.794583403495562
41.417408335229965,6.794583403495562
41.51339299464435,6.794583403495562
41.609377654058726,6.794583403495562
41.70536231347311,6.794583403495562
41.80134697288749,6.794583403495562
41.89733163230187,6.833663782676034
41.51339299464436,6.833663782676034
41.61008449301846,6.794583403495562
41.70677599139256,6.794583403495562
41.80346748976666,6.794583403495562
41.90015898814076,6.794583403495562
41.99685048651486,6.794583403495562
42.09354198488896,6.794583403495562
42.19023348326306,6.794583403495562
42.286924981637156,6.794583403495562
42.383616480011256,6.794583403495562
41.99685048651486,6.794583403495562
42.09111299013978,7.0381387589983655
42.18092196847249,7.260559641062454
42.27149941577905,7.260559641062454
42.362076863085605,7.260559641062454
42.452654310392155,7.260559641062454
42.54323175769871,7.260559641062454
42.63380920500527,7.260559641062454
42.72438665231183,7.260559641062454
42.814964099618386,7.260559641062454
42.45265431039216,7.260559641062454
42.539050484044324,7.731737114345416
42.61830278848074,8.175805239196185
42.69182139079818,8.59696596557118
42.76062143929894,8.998436326224164
42.82545942290431,9.382744205243585
42.88691518351979,9.751918853484861
42.94544368034482,10.107618603255414
43.00140899351269,10.45121937061874
43.055107424424904,10.783877727270362
42.81071669528867,11.106576940742778
42.86871094392942,11.430337734121085
42.92435698077349,11.745177312050487
42.97789460614966,12.051794864954292
43.02952725862842,12.350802761050465
43.07942907869088,12.642740929790698
43.12775033341785,12.928088319362539
43.174621638182415,13.207272124427181
43.22015728189622,13.480675292584731
43.26445787500654,13.748642686445
43.072745778816255,14.011486184376402
43.11969669678355,14.011486184376402
43.166647614750836,14.011486184376402
43.21359853271813,14.011486184376402
43.260549450685424,14.011486184376402
43.30750036865271,14.011486184376402
43.354451286620005,14.011486184376402
43.4014022045873,14.011486184376402
43.448353122554586,14.011486184376402
43.49530404052188,14.011486184376402
43.307500368652725,14.011486184376402
43.35446212273686,14.011486184376402
43.40035883637157,14.00541475406942
43.445058038635274,13.697041264717729
43.488640424966526,13.381563301096591
43.531178463919765,13.058465964849391
43.57273748930795,12.727168983281583
43.613376616618105,12.38701446285099
43.6531495165519,12.037251525026567
43.69210507160374,11.677016795852836
43.527068684117125,11.539941585610386
43.56739283868615,11.267007103558734
43.60710189415457,10.987294769140675
43.64622034179437,10.70027306269934
43.684771179643846,10.405337134791557
43.722776032499404,10.101793809072486
43.76025526008246,9.788842394959593
43.79722805475072,9.465549783594259
43.83371252994216,9.130817596362572
43.86972580038568,8.783338047142864
43.720580231328704,8.783338047142864
43.77684823693735,8.783338047142864
43.83311624254599,8.783338047142864
43.889384248154634,8.783338047142864
43.945652253763285,8.73170449064516
44.00192025937193,8.450745381845927
44.05818826498057,8.16011836345697
44.114456270589216,7.858750912356559
44.17072427619786,7.545356194329227
44.2269922818065,7.218367841565005
44.00192025937192,7.218367841565005
44.0769660565584,7.218367841565005
44.152011853744874,7.218367841565005
44.22705765093135,7.218367841565005
44.30210344811782,7.218367841565005
44.377149245304295,7.218367841565005
44.45219504249077,7.218367841565005
44.52724083967725,7.218367841565005
44.602286636863724,7.218367841565005
44.6773324340502,8.205419651851786
44.3771492453043,8.205419651851786
44.468298049816916,7.218367841565005
44.55944685432953,7.218367841565005
44.65059565884214,7.218367841565005
44.74174446335476,7.218367841565005
44.83289326786738,7.218367841565005
44.92404207237999,7.218367841565005
45.0151908768926,7.218367841565005
45.10633968140522,7.218367841565005
45.19748848591783,7.218367841565005
44.83289326786737,7.218367841565005
44.923965511852565,7.218367841565005
45.01503775583776,7.218367841565005
45.106109999822955,7.218367841565005
45.19718224380815,7.218367841565005
45.288254487793346,7.218367841565005
45.37932673177854,7.218367841565005
45.45680365580978,7.51721011960323
45.53055339997696,7.804617970688288
45.60104932533643,8.08181139067944
45.275016871264825,8.205419651851786
45.35235505233454,8.624712249971346
45.42449215646927,9.024544926289419
45.49227985021113,9.407399261136225
45.556368750624955,9.775270358933133
45.617267686104654,10.129790734365988
45.67538256216554,10.472316365248776
45.7310427176114,10.532068004375885
45.78451931547678,10.184816301911935
45.83603849693587,9.82529947424423
45.60527626147051,9.82529947424423
45.66050972336911,9.82529947424423
45.71424865879732,9.82529947424423
45.76659692690283,9.82529947424423
45.817647497119474,9.82529947424423
45.86748393335658,9.82529947424423
45.916181633328996,9.82529947424423
45.96380886991496,9.82529947424423
46.01042767129353,9.82529947424423
46.05609456890298,13.618005779327625
45.86270419351219,13.810641650058226
45.92964844488027,9.82529947424423
45.996592696248356,9.82529947424423
46.06353694761645,9.82529947424423
46.13048119898453,9.82529947424423
46.19742545035262,9.82529947424423
46.2643697017207,9.82529947424423
46.33131395308879,9.82529947424423
46.39825820445688,9.82529947424423
46.465202455824965,9.82529947424423
46.19742545035261,9.82529947424423
46.262662573638615,10.15946541449054
46.32485521309185,10.48298455869677
46.38435876805928,10.79681402116015
46.441467469638965,11.101775567771396
46.496427783391084,11.216070542670066
46.54944832421241,10.817042999835087
46.600707318610176,10.402720802867455
46.650358308289626,9.971197568223255
46.6985345703567,9.520134546668519
46.48819356904022,9.520134546668519
46.53894826642589,9.520134546668519
46.58828291313712,9.520134546668519
46.636299421495025,9.520134546668519
46.683088681012364,9.520134546668519
46.72873210653097,9.520134546668519
46.77330292341518,9.520134546668519
46.81686724159028,9.520134546668519
46.859484958709416,9.520134546668519
46.90121052405439,10.482471426077833
46.72422792173778,10.482471426077833
46.793383651789995,9.520134546668519
46.86253938184221,9.520134546668519
46.93169511189443,9.520134546668519
47.000850841946644,9.520134546668519
47.07000657199886,9.520134546668519
47.139162302051076,9.520134546668519
47.20831803210329,9.520134546668519
47.27747376215551,9.520134546668519
47.346629492207725,9.520134546668519
47.07000657199886,9.520134546668519
47.13800301381382,9.725777513040212
47.20391952926663,9.927161461346635
47.26791873479701,10.124540539013763
47.33014414612423,10.31814457994364
47.39110693267203,10.482471426077833
47.45385968569312,10.482471426077833
47.516612438714205,10.482471426077833
47.579365191735285,10.482471426077833
47.64211794475637,10.482471426077833
47.391106932672045,10.482471426077833
47.45231715691631,10.816085847589315
47.510839661299926,11.139713592651542
47.56697073869455,11.454201185162988
47.62095837281983,11.760281912185306
47.67301229372085,12.058595959644578
47.72331154119537,12.349706165809783
47.77201024218156,12.634110504729799
47.819242085478855,12.912252092861552
47.865123831235685,13.18452729427533
47.665577016386635,13.451292348223454
47.714524823788736,13.451292348223454
47.76347263119084,13.451292348223454
47.81242043859294,13.451292348223454
47.86136824599504,13.451292348223454
47.91031605339714,13.451292348223454
47.95926386079924,13.451292348223454
48.00821166820134,13.451292348223454
48.05715947560344,13.451292348223454
48.10610728300554,13.451292348223454
47.91031605339714,13.451292348223454
47.95918614670835,13.451292348223454
48.007420776073246,13.592541213927664
48.05492082003943,13.73233729076261
48.10171555506386,13.667443540662266
48.147832469181886,13.32167237822362
48.19329740606187,12.966684116159445
48.238134694826485,12.60169984501286
48.282367267293125,12.225824348457351
48.32684191475808,11.83802023206871
48.14530132889796,11.49576432259059
48.19013008497827,11.143001018855973
48.23385401352662,10.778698717929906
48.2765432767095,10.401645081312012
48.31826129405952,10.01039932985997
48.35906558706972,9.603227014339478
48.39900849539732,9.178008685690926
48.43813778738436,8.732108438418333
48.47649718305899,8.26217841286275
48.51412680424547,7.763856417506304
48.35545406156402,7.763856417506304
48.40693618757396,7.763856417506304
48.458418313583906,7.763856417506304
48.50990043959385,7.763856417506304
48.56138256560379,7.763856417506304
48.61286469161374,7.763856417506304
48.66434681762368,7.602956956985723
48.715828943633625,7.393833706903902
48.76731106964357,7.178620987412484
48.81879319565351,6.956753673696494
48.61286469161374,6.956753673696494
48.698098198328765,6.956753673696494
48.78333170504379,6.956753673696494
48.86856521175881,6.956753673696494
48.95379871847384,6.956753673696494
49.03903222518887,6.956753673696494
49.1242657319039,6.956753673696494
49.20949923861892,6.956753673696494
49.294732745333945,6.956753673696494
49.37996625204897,7.763856417506304
49.039032225188876,7.763856417506304
49.133472527118144,6.956753673696494
49.227912829047405,6.956753673696494
49.32235313097667,6.956753673696494
49.41679343290593,6.956753673696494
49.5112337348352,6.956753673696494
49.60567403676447,6.956753673696494
49.70011433869373,6.956753673696494
49.794554640623,6.956753673696494
49.88899494255226,6.956753673696494
49.511233734835216,6.956753673696494
49.60577982923651,6.956753673696494
49.700325923637806,6.956753673696494
49.7948720180391,6.956753673696494
49.889418112440396,6.956753673696494
49.98396420684169,6.956753673696494
50.07851030124299,6.956753673696494
50.15473755815439,7.335075954404452
50.22656534434674,7.694820130274333
50.29466481279248,8.038480852603172
49.9665503863791,8.368039913746859
50.042539921366455,8.737753971447773
50.114036663541455,9.092447246646094
50.18169425654634,9.433814149141
50.24602805624683,9.763252627481465
50.30745193231305,10.081932073541982
50.36630356102597,10.390842449147485
50.42286227548217,10.690830616490755
50.47736195713718,10.982627724637984
50.53000053655541,11.266870204518986
50.296438907864015,11.544116106180173
50.352267820906796,11.8558613083971
50.40599115593051,12.159616690296055
50.457809942587,12.455966792903123
50.50789661898819,12.745428177855942
50.55640025647293,13.028460005996994
50.60345064096893,13.305472589083115
50.64916149851376,13.57683436997819
50.69363307160568,13.839184251560903
50.73695419713288,13.50574016607385
50.55026546252391,13.248956390156414
50.5961840478689,12.98709642002524
50.64210263321389,12.719846752921137
50.68802121855888,12.446860223066874
50.73393980390387,12.167750712737764
50.77985838924886,11.882086744427358
50.82577697459385,11.589383650430351
50.87169555993884,11.28909391366855
50.91761414528383,10.980595128971574
50.96353273062882,10.663174826530804
50.77985838924887,10.663174826530804
50.82557350882341,10.663174826530804
50.870956697266614,10.570218385319961
50.91594980137914,10.3550349974131
50.96056166730444,10.135284055316067
51.00480083115966,9.910661732005492
51.04930020689368,9.680828944389633
51.0939410180115,9.445405345183767
51.138581829129315,9.20396193055578
51.18322264024713,8.95601185257222
51.00465939577586,8.95601185257222
51.06612453317169,8.95601185257222
51.12758967056751,8.95601185257222
51.18905480796334,8.95601185257222
51.250519945359166,8.95601185257222
51.31198508275499,8.95601185257222
51.373450220150815,8.95601185257222
51.43491535754664,8.95601185257222
51.49638049494247,8.95601185257222
51.55784563233829,9.275978728556026
51.311985082755,9.275978728556026
51.38592287473972,8.95601185257222
51.459860666724445,8.95601185257222
51.533798458709164,8.95601185257222
51.60773625069388,8.95601185257222
51.6816740426786,8.95601185257222
51.75561183466333,8.95601185257222
51.829549626648046,8.95601185257222
51.903487418632764,8.95601185257222
51.97742521061749,8.95601185257222
51.681674042678594,8.95601185257222
51.755057780462224,8.95601185257222
51.82844151824585,8.95601185257222
51.90182525602949,8.95601185257222
51.97520899381312,8.95601185257222
52.04859273159675,8.95601185257222
52.12197646938038,8.95601185257222
52.19536020716401,8.95601185257222
52.26398842878728,9.094622778376218
52.33117487762138,9.231152618091906
52.046131397624606,9.275978728556026
52.11532866065744,9.56263445913589
52.181568750409724,9.840943767011495
52.245169443387866,10.111595850898693
52.306397942590145,10.375189977939726
52.365481165004034,10.632251102413363
52.42261353481962,10.883242160826866
52.47796297436206,11.128573868992769
52.5316755708553,11.368612614741428
52.585814343612974,11.51618486084501
52.35771389259591,11.51618486084501
52.41396516815307,11.77205981049051
52.46844938962786,12.022490200219586
52.521308278713796,12.26780946408062
52.572666497836515,12.508318331398355
52.622634306480236,12.744289148956335
52.67130971908188,12.975969495371677
52.71878027259193,13.203585224378505
52.76512448543901,13.427343043582244
52.81041307036193,13.647432712515807
52.617197678979075,13.86402892651543
52.664679696622535,13.86402892651543
52.712161714265996,13.86402892651543
52.759643731909456,13.86402892651543
52.80712574955292,13.86402892651543
52.85460776719638,13.86402892651543
52.90208978483984,13.86402892651543
52.94957180248329,13.86402892651543
52.99705382012675,13.86402892651543
53.04453583777021,13.86402892651543
52.85460776719638,13.86402892651543
52.9020659478629,13.86402892651543
52.94842501462737,14.125249783703724
52.99354995711047,14.381726767978442
53.03752557177459,14.633709311229097
53.08042784573547,14.881425724113893
53.12232514775934,15.125085618239792
53.16327922420799,15.364881982490127
53.20334603702749,15.600992972007111
53.242576472909235,15.833583456987265
53.07620790695599,16.062806369565262
53.11665819119981,16.273594795240708
53.15633993799919,16.481687615448383
53.195291065430986,16.687185674845345
53.23354664050452,16.890183682846757
53.27113916042963,17.090770723810028
53.30809880000064,17.289030713934807
53.34445362987358,17.48504281152666
53.38022980974737,17.67888178631384
53.415451759830894,17.870618352703925
53.268491873043246,18.06031947119257
53.30504039429185,18.06031947119257
53.34158891554046,18.06031947119257
53.37813743678907,18.06031947119257
53.41468595803767,18.06031947119257
53.45123447928628,18.06031947119257
53.48778300053489,17.92660214890276
53.524331521783495,17.703733437042423
53.5608800430321,17.47802307512674
53.597428564280705,17.249359513311546
53.45123447928627,17.0075889363505
53.487665439522445,16.76233155728261
53.524096399758626,16.513432018955747
53.5605273599948,16.260723072885575
53.59695832023098,16.00402426458651
53.632556200444434,15.743140425908491
53.66772399961086,15.477859938579192
53.702475452604624,15.207952725027624
53.73682361775477,14.933167912237362
53.77078092100275,14.653231101142028
53.63076066361511,14.475238585830112
53.665095505676085,14.295029994020087
53.69914286479003,14.112520431983894
53.73290908458306,13.92761944326423
53.7664002924093,13.740230484588706
53.79962240915233,13.550250336538058
53.83258115847745,13.35756843875706
53.86528207557105,13.162066137552557
53.897730515400866,12.96361583133875
53.92993166052813,12.762079996449074
53.798524127601276,12.762079996449074
53.840277107342665,12.762079996449074
53.882030087084054,12.762079996449074
53.92378306682544,12.762079996449074
53.965536046566825,12.762079996449074
54.007289026308214,12.762079996449074
54.0490420060496,12.762079996449074
54.09079498579099,12.762079996449074
54.13254796553238,12.762079996449074
54.17430094527377,12.868562981338933
54.00728902630822,12.821377434143612
54.05851461687431,12.752209096731312
54.109740207440396,12.682663536684501
54.16096579800649,12.612734514082836
54.21219138857258,12.542415615053034
54.26341697913866,12.471700244903097
54.31464256970475,12.400581620904148
54.36586816027084,12.329052764697519
54.417093750836926,12.257106494303022
54.46831934140302,12.184735415702514
54.263416979138675,11.812452129190335
54.3147430206534,11.428047666078028
54.36606906216814,11.03025482987087
54.417395103682864,10.617568919749372
54.46872114519759,10.188180304616033
54.520047186712326,9.739880187820804
54.57137322822705,9.269925254652401
54.62269926974179,8.774836886266351
54.674025311256514,8.250091547026539
54.72535135277124,7.689620191404575
54.52004718671231,7.689620191404575
54.57070844525615,7.689620191404575
54.62005476540695,7.689620191404575
54.66817393373282,7.689620191404575
54.715144882215796,7.689620191404575
54.7610388506413,7.689620191404575
54.80592036406274,7.666210489644092
54.8498480595254,7.584253018356473
54.89287538909258,7.50140016406067
54.93505122072933,7.417621923250714
54.756791381566806,7.417621923250714
54.84258662220304,7.417621923250714
54.92838186283927,7.417621923250714
55.0141771034755,7.417621923250714
55.09997234411173,7.417621923250714
55.18576758474796,7.417621923250714
55.27156282538419,7.417621923250714
55.35735806602042,7.417621923250714
55.44315330665665,7.417621923250714
55.52894854729288,7.689620191404575
55.18576758474796,7.689620191404575
55.274231588084255,7.417621923250714
55.362695591420554,7.417621923250714
55.45115959475685,7.417621923250714
55.53962359809316,7.417621923250714
55.628087601429456,7.417621923250714
55.716551604765755,7.417621923250714
55.80501560810205,7.417621923250714
55.89347961143835,7.417621923250714
55.98194361477465,7.417621923250714
55.62808760142945,7.417621923250714
55.713935350558266,7.802317170244612
55.793934206205265,8.168916173758802
55.86905334280845,8.519755259554255
55.94003062891859,8.856707509650901
56.007441502573066,9.181301985029734
56.07174391676126,9.494806178596548
56.13330868979537,9.79828467630531
56.19668320268751,9.93190678520152
56.263281896793515,9.93190678520152
55.9968871203695,9.93190678520152
56.061310535357364,10.25395478165759
56.12285617448359,10.566191600507022
56.18184644722058,10.869462784009691
56.238550386282725,11.164498980577601
56.29319492029755,11.451936681699951
56.34597331390297,11.732334381358703
56.39705158840668,12.006185335499284
56.44657347646892,12.273927757026462
56.494664295140964,12.535953049491338
56.285283485945726,12.792612521818901
56.335675012542694,13.062539200864128
56.384558900676275,13.326999872995662
56.43205054526916,13.586313733148543
56.47825206129313,13.840770068759001
56.52325426401473,14.09063204178469
56.56713829286624,14.336139877166508
56.60997695317534,14.577513567765871
56.6518358325769,14.814955182487472
56.69277423602755,15.048650846498722
56.51855417405416,15.278772448745384
56.56221175565993,15.278772448745384
56.605869337265695,15.278772448745384
56.649526918871466,15.278772448745384
56.69318450047723,15.278772448745384
56.736842082083,15.278772448745384
56.780499663688765,15.278772448745384
56.824157245294536,15.278772448745384
56.8678148269003,15.278772448745384
56.91147240850607,15.278772448745384
56.736842082083015,15.278772448745384
56.780035671665715,15.278772448745384
56.823229261248414,15.278772448745384
56.865287650287115,15.511474215570114
56.90643785538224,15.740736232465492
56.946730986774135,15.966706671690547
56.98621377379336,16.189523363569506
57.02492905661506,16.40931477970114
57.0629162107676,16.62620089915534
57.10021151513012,16.840293974240154
56.94333549195916,17.051699209714695
56.981675417737826,17.23412994863445
57.019417626809094,17.414649701738277
57.05658643134267,17.593317293281764
57.09320462989402,17.770188590161933
57.129293631551555,17.94531670597528
57.164873567600914,18.118752187322105
57.19996339218083,18.290543184209255
57.23458097320606,18.460735606179345
57.26874317466416,18.629373265601075
57.12716678035765,18.572953725866313
57.16180332955076,18.35093096255978
57.19643987874387,18.126188906719996
57.23107642793698,17.898625125175478
57.26571297713009,17.66813058761528
57.3003495263232,17.434589055968328
57.33498607551631,17.197876399135865
57.36962262470942,16.957859821611283
57.40425917390253,16.714396992380014
57.43889572309565,16.467335057875815
57.300349526323195,16.20424873331999
57.33558961772578,15.936819949860107
57.37082970912837,15.664826306640483
57.40606980053096,15.388025744720222
57.44130989193355,15.106154024871088
57.476549983336135,14.818921773397875
57.51100223040174,14.526011001959288
57.54510945618935,14.227070982180377
57.578880823228836,13.921713322538846
57.61232511767411,13.609506050474875
57.47507050135394,13.308751042648163
57.50855136245386,13.001040484994457
57.541808743280505,12.685868242644696
57.5748465844455,12.362663646925672
57.607668718963055,12.030779352323517
57.64027887616394,11.68947608755714
57.67268068543301,11.337903270836565
57.704877679779706,10.975074029642023
57.73687329925049,10.599832514403193
57.768670894191395,10.210810384620578
57.63941029092932,10.210810384620578
57.679232627344476,10.210810384620578
57.71905496375964,10.210810384620578
57.758877300174795,10.033768345174954
57.79869963658995,9.80946530731969
57.83852197300511,9.579911900763086
57.87834430942027,9.344721207037471
57.91816664583543,9.103456313298235
57.95798898225058,8.855620772086118
57.99781131866574,8.600646584407288
57.8385219730051,8.600646584407288
57.902948450796586,8.600646584407288
57.96737492858807,8.600646584407288
58.03180140637955,8.600646584407288
58.096227884171036,8.600646584407288
58.16065436196252,8.600646584407288
58.22508083975401,8.600646584407288
58.28950731754549,8.600646584407288
58.35393379533697,8.600646584407288
58.41836027312846,9.65597472239593
58.16065436196253,9.65597472239593
58.237112416840475,8.600646584407288
58.313570471718414,8.600646584407288
58.39002852659636,8.600646584407288
58.46648658147431,8.600646584407288
58.542944636352246,8.600646584407288
58.61940269123019,8.600646584407288
58.69586074610814,8.600646584407288
58.77231880098608,8.600646584407288
58.848776855864024,8.600646584407288
58.54294463635226,8.600646584407288
58.619431819162784,8.600646584407288
58.69591900197331,8.600646584407288
58.77240618478383,8.600646584407288
58.84889336759436,8.600646584407288
58.92538055040488,8.600646584407288
59.001867733215406,8.600646584407288
59.07835491602594,8.600646584407288
59.14586532735927,8.844690501245283
59.21099750486327,9.082179168886746
58.92081439431112,9.313614059467042
58.98999667321512,9.575860222347007
59.056466345468664,9.831113423572793
59.12049212126799,10.079904924967233
59.182303127595986,10.322701945014405
59.242096388329855,10.559917972921461
59.300042613954204,10.791921040484645
59.35629073931072,11.01904042524941
59.41557905752668,11.024587080450656
59.47525592915283,11.024587080450656
59.23654844264823,11.024587080450656
59.295356666191985,11.244618138548699
59.352495729525295,11.460425553578597
59.40808708730795,11.672243599944965
59.46223888171111,11.880285663391899
59.5150478363273,12.08474675908163
59.56660082438388,12.285805672338826
59.61697617618563,12.483626788950868
59.66624477611889,12.678361668336752
59.71471612877592,12.79753477889242
59.50998617797256,12.633381069831184
59.560356719968695,12.467066138196941
59.609167358538954,12.298502304459053
59.65654150352635,12.127595795185147
59.70258790349187,11.954246133069216
59.74740289997181,11.778345446140053
59.791072263871065,11.599777682663404
59.83367270355796,11.418417715507864
59.87527311263039,11.234130316336538
59.9159356094717,11.046768975724962
59.7425847766331,11.046768975724962
59.79379023687377,11.046768975724962
59.84499569711444,11.046768975724962
59.89620115735511,11.046768975724962
59.94740661759578,11.046768975724962
59.99861207783645,11.046768975724962
60.049817538077114,11.046768975724962
60.10102299831779,11.046768975724962
60.152228458558454,11.046768975724962
60.20343391879912,12.839685572739226
59.998612077836434,12.839685572739226
60.05816412243545,11.046768975724962
60.117716167034466,11.046768975724962
60.17726821163348,11.046768975724962
60.2368202562325,11.046768975724962
60.29637230083152,11.046768975724962
60.35592434543054,11.046768975724962
60.41547639002955,11.046768975724962
60.47502843462857,11.046768975724962
60.534580479227586,11.046768975724962
60.296372300831514,11.046768975724962
60.354810221893246,11.344581793551233
60.411047618765885,11.634774056169235
60.46529427364286,11.917902441522303
60.51773017464784,12.194458982389413
60.56851095296904,12.46488111217722
60.61777213165902,12.729559788470574
60.66563248459086,12.98884612564879
60.712196720195585,13.243056857965843
60.757557646597846,13.49247887568666
60.5620963036766,13.737373019554552
60.60998619488106,13.737373019554552
60.65787608608552,13.737373019554552
60.705765977289985,13.737373019554552
60.75365586849445,13.737373019554552
60.801545759698904,13.737373019554552
60.84943565090337,13.737373019554552
60.89732554210783,13.737373019554552
60.94521543331229,13.737373019554552
60.993105324516755,13.737373019554552
60.80154575969891,13.737373019554552
60.84945637256371,13.737373019554552
60.89623677017908,14.001101223690808
60.9417496835949,14.259952786516761
60.98608369954765,14.514188626007932
61.02931804853807,14.764047191369613
61.07152389013578,15.009747082034389
61.11276538450328,15.251489286764448
61.15310059141206,15.48945910811419
61.192582229028844,15.723827824661289
61.02499817909187,15.954754133399971
61.065814790357614,16.169075306703103
61.1058382183074,16.38059257445922
61.14510846558167,16.589413187542867
61.18366246193655,16.79563772899421
61.22153437379478,16.99936068033755
61.25875587573687,17.200670927519045
61.295356389406145,17.399652214150475
61.33136329440662,17.59638354861544
61.36680211504009,17.79093957065159
61.218813316559455,17.983390882232673
61.25525190098303,18.137502503326385
61.2912328594554,18.290315647718398
61.32677125012202,18.44186259378846
61.36188136976525,18.592174304345786
61.39657680470896,18.741280500493485
61.4308704775359,18.889209730244907
61.46477469002384,19.035989432340536
61.498301162661335,19.18164599566946
61.531461071064555,19.326204814659906
61.39489977027638,19.469690340968068
61.428629044207995,19.469690340968068
61.46235831813961,19.469690340968068
61.49608759207122,19.469690340968068
61.52981686600283,19.469690340968068
61.56354613993444,19.469690340968068
61.59727541386605,19.469690340968068
61.63100468779766,19.469690340968068
61.664733961729276,19.469690340968068
61.69846323566089,19.469690340968068
61.563546139934445,19.469690340968068
61.597283508298176,19.469690340968068
61.63102087666191,19.469690340968068
61.66475824502564,19.469690340968068
61.698495613389376,19.469690340968068
61.73223298175311,19.469690340968068
61.76534692717684,19.580998715747093
61.79818533252173,19.69167792340189
61.830754283262415,19.801738513875428
61.863059656632416,19.911190745528042
61.73105751778303,20.020044596296625
61.76389219586588,20.11852867852422
61.79648782178036,20.216533004931815
61.82884898925812,20.314064519204255
61.86098015544575,20.41112999912766
61.89288564631079,20.507736062086057
61.92456966178282,20.60388917032609
61.956036280644966,20.699595636001604
61.98728946519023,20.79486162600926
62.01833306565612,20.889693166625698
61.89196224273062,20.927960714101992
61.92336429344429,20.927960714101992
61.954766344157946,20.90422750622493
61.98616839487161,20.768593592950715
62.01757044558527,20.63206805015668
62.04897249629894,20.49463305900934
62.080374547012596,20.356270199144564
62.11177659772626,20.21696041984857
62.14317864843992,20.076684009439063
62.17458069915359,19.93542056270719
62.04897249629895,19.825768305592177
62.080340848531044,19.715506202023775
62.11170920076314,19.60462396214354
62.14307755299524,19.493111003430606
62.17444590522733,19.380956438914
62.20581425745942,19.2681490647674
62.237182609691516,19.154677347246324
62.26855096192361,19.040529408924694
62.29991931415571,18.925693014184205
62.3312876663878,18.81015555390639
62.205814257459416,18.588435683470838
62.2372669700707,18.364039053402944
62.268719682681976,18.136866310123285
62.30017239529326,17.906811797404405
62.33162510790454,17.673762982003524
62.36307782051583,17.43759981019219
62.3945305331271,17.19819398474128
62.42598324573839,16.9554081500024
62.45743595834967,16.709094970390954
62.48888867096095,16.45909608471622
62.363077820515834,16.1785167030936
62.39456430776128,15.892984663008908
62.426050795006724,15.602228055152706
62.457537282252176,15.305949139839448
62.48902376949762,15.003820775312859
62.520510256743066,14.69548218480998
62.55199674398851,14.380533906306306
62.58348323123396,14.058531723362261
62.61496971847941,13.728979313959973
62.64645620572485,13.391319269941205
62.52051025674306,13.145723067789765
62.551895936568094,12.89545028917336
62.58328161639312,12.640223152542148
62.61466729621816,12.379735236732
62.64605297604319,12.113647168260483
62.67743865586822,11.841581435882055
62.70882433569325,11.563116106316144
62.74021001551829,11.277777142401296
62.771595695343315,10.98502892391233
62.80298137516835,10.68426242867105
62.67743865586824,10.68426242867105
62.72330045159911,10.68426242867105
62.76916224732998,10.676767295878191
62.81502404306086,10.560609295159898
62.86088583879173,10.443159362937116
62.9067476345226,10.32437340831804
62.952609430253474,10.204204773967847
62.998471225984346,10.082604021965343
63.04433302171522,9.959518696123585
63.0901948174461,9.834893057533403
62.906747634522596,9.834893057533403
62.968074178700185,9.834893057533403
63.02940072287777,9.834893057533403
63.09072726705536,9.834893057533403
63.152053811232946,9.834893057533403
63.21338035541053,9.834893057533403
63.27470689958812,9.834893057533403
63.33603344376571,9.834893057533403
63.39735998794329,9.834893057533403
63.45868653212088,10.68426242867105
63.21338035541054,10.68426242867105
63.27979179381297,9.834893057533403
63.346203232215395,9.834893057533403
63.41261467061782,9.834893057533403
63.479026109020246,9.834893057533403
63.54543754742268,9.834893057533403
63.611848985825105,9.834893057533403
63.67826042422753,9.834893057533403
63.74467186262996,9.834893057533403
63.81108330103238,9.834893057533403
63.54543754742267,9.834893057533403
63.612386879078564,9.834893057533403
63.67933621073446,9.834893057533403
63.74628554239035,9.834893057533403
63.81323487404625,9.834893057533403
63.88018420570214,9.834893057533403
63.94713353735804,9.834893057533403
64.01408286901393,9.834893057533403
64.08103220066982,9.834893057533403
64.14119447223817,10.049245762812122
63.87877076171503,10.259120788336398
63.94126888351697,10.524699682692324
64.00150100132045,10.783739957549596
64.05967550775276,11.036702022490216
64.11597219734193,11.283994664764226
64.17054731679241,11.525982806494872
64.22353754569127,11.762993824567081
64.27506316830014,11.99532274588688
64.32523062595266,12.223236553351121
64.37413458976911,12.446977781789718
64.16386247301577,12.666767541940397
64.21468831802049,12.893662941382994
64.26421251011158,13.11663402441463
64.3125208328155,13.335877631969705
64.35969052461074,13.551574679693438
64.40579138718078,13.763891905407666
64.45088671941298,13.972983377510511
64.4950341089899,14.17899180310869
64.53828610684032,14.382049667452195
64.58069080464398,14.58228023052294
64.40157364546954,14.779798402073641
64.44590444785476,14.779798402073641
64.49023525023998,14.779798402073641
64.5345660526252,14.779798402073641
64.57889685501043,14.779798402073641
64.62322765739565,14.779798402073641
64.66755845978086,14.779798402073641
64.71188926216608,14.779798402073641
64.7562200645513,14.779798402073641
64.80055086693652,14.779798402073641
64.62322765739563,14.779798402073641
64.66770323542994,14.779798402073641
64.71217881346425,14.779798402073641
64.75539359184978,14.773169331961636
64.7976051887541,14.540078364565215
64.83887419529432,14.303189350091927
64.87925563888155,14.06231034792892
64.91879965103927,13.817232684526754
64.95755203774004,13.567728837032382
64.99555476884329,13.31354995980132
64.83515199292896,13.15260905240987
64.8741480367727,12.989674254535501
64.91275518660586,12.824669570493844
64.95098364052569,12.657514050782607
64.98884318431288,12.488121327852621
65.02634321354684,12.316399094401572
65.06349275425703,12.14224851524561
65.1003004822249,11.96556356213081
65.1367747410408,11.78623025877235
65.1729235590108,11.604125820853948
65.02488113926238,11.604125820853948
65.0732357760876,11.58386732531073
65.12159041291282,11.509183151828744
65.16994504973803,11.434011169938382
65.21829968656326,11.35834169437655
65.26665432338848,11.282164715077947
65.3150089602137,11.205469881717898
65.36336359703891,11.12824648729637
65.41171823386414,11.050483450689434
65.46007287068936,10.97216929808769
65.2666543233885,10.97216929808769
65.32322417344729,10.967294880158938
65.37979402350607,10.938011807653517
65.43636387356486,10.908650128241122
65.49293372362365,10.879209205469962
65.54950357368243,10.849688394253066
65.60607342374122,10.820087040703369
65.66264327380001,10.790404481964718
65.7192131238588,10.760640046038692
65.77578297391759,10.730793051607083
65.54950357368246,10.730793051607083
65.6094331800234,10.730793051607083
65.66936278636435,10.730793051607083
65.72929239270529,10.730793051607083
65.78922199904622,10.730793051607083
65.84915160538716,10.730793051607083
65.90908121172811,10.730793051607083
65.96901081806905,10.730793051607083
66.02894042441,10.730793051607083
66.08887003075094,10.97216929808769
65.84915160538718,10.97216929808769
65.90998816207836,10.730793051607083
65.97082471876956,10.730793051607083
66.03166127546075,10.730793051607083
66.09249783215195,10.730793051607083
66.15333438884313,10.730793051607083
66.21417094553433,10.730793051607083
66.27500750222552,10.730793051607083
66.33584405891672,10.730793051607083
66.3966806156079,10.730793051607083
66.1533343888431,10.730793051607083
66.2142911472378,10.730793051607083
66.27524790563248,10.730793051607083
66.33620466402718,10.730793051607083
66.39716142242186,10.730793051607083
66.45811818081656,10.730793051607083
66.51907493921124,10.730793051607083
66.58003169760593,10.730793051607083
66.64098845600063,10.730793051607083
66.70194521439531,10.730793051607083
66.45777486966335,10.975292312872867
66.51634674497578,11.297999488590122
66.57252799016092,11.611741623691042
66.62656458929716,11.917226801002634
66.6786649582449,12.215074527718278
66.72900729280067,12.505830512560463
66.77774520067761,12.78997841671614
66.82501207669655,13.067949303209021
66.87092454337069,13.340129312807187
66.91558518672863,13.606865957067189
66.72222175348483,13.868473321341842
66.76940541650134,13.868473321341842
66.81658907951785,13.868473321341842
66.86377274253437,13.868473321341842
66.91095640555086,13.868473321341842
66.95814006856737,13.868473321341842
67.00532373158389,13.868473321341842
67.0525073946004,13.868473321341842
67.09969105761691,13.868473321341842
67.14687472063342,13.868473321341842
66.95814006856739,13.868473321341842
67.00538543385375,13.868473321341842
67.05156571283747,14.122714289802904
67.09654796563382,14.372458577363716
67.14041247555272,14.617936660304304
67.18323138491152,14.859359974484137
67.22506977016106,15.096923047360807
67.26598654489415,15.330805332550753
67.3060352227565,15.561172796135878
67.3452645655483,15.788179294580868
67.1791155872318,16.011967776774494
67.21998298414502,16.225714170525094
67.2600609956899,16.4366811918554
67.29938919948843,16.64497452271427
67.33800415031043,16.85069331276673
67.37593968288533,17.05393073106712
67.41322717768554,17.25477445923735
67.44989579497866,17.453307133556773
67.48597268158375,17.649606742286863
67.52148315406171,17.84374698364926
67.37322867032108,18.035797589117212
67.40963699486983,18.035797589117212
67.44604531941857,18.035797589117212
67.48245364396732,18.035797589117212
67.51886196851606,18.035797589117212
67.55527029306481,18.035797589117212
67.59167861761355,18.035797589117212
67.6280869421623,18.035797589117212
67.66449526671104,18.035797589117212
67.70090359125979,18.035797589117212
67.55527029306481,18.035797589117212
67.59175059482496,18.035797589117212
67.6282308965851,18.035797589117212
67.66471119834524,18.035797589117212
67.70119150010538,18.035797589117212
67.73698778158632,18.159577052406963
67.77242738730396,18.28251850180945
67.807519725536,18.404638730920638
67.84227382093378,18.52595397981986
67.87669833529993,18.535639487011355
67.73549965562404,18.304654193831034
67.77086972570925,18.07071661885653
67.80623979579445,17.833710580871806
67.84160986587966,17.59351207251072
67.87697993596487,17.349988501692497
67.91235000605008,17.102997835822332
67.94772007613528,16.852387633075168
67.98309014622049,16.597993942001132
68.0184602163057,16.339640046891724
68.0538302863909,16.077135031630146
67.91235000605008,15.795072935588058
67.94698609037907,15.507881456079792
67.98127007904604,15.21527014124628
68.01521138125248,14.916920046925831
68.04881901862218,14.612479663002267
68.08210164637546,14.30156005885134
68.11506757307622,13.983729056736227
68.14772477906519,13.658504184114971
68.18008093368307,13.325344076711989
68.21214341137741,12.98363789459797
68.08078046036583,12.742620379954623
68.1134494552615,12.496955441915818
68.1459003207056,12.24636339844706
68.17813690415211,11.990535336523482
68.21016294796894,11.729128647346858
68.24198209326177,11.461761644512034
68.27359788352528,11.188007023826971
68.30501376813143,10.907383844662116
68.33623310566298,10.61934760257854
68.36725916710078,10.323277806684514
68.24113432274605,10.323277806684514
68.28985589964823,10.323277806684514
68.33857747655043,10.323277806684514
68.38729905345261,10.192025154234122
68.4360206303548,10.011993168479105
68.48474220725699,9.828664083526483
68.53346378415918,9.641849829152843
68.58218536106136,9.451343745154226
68.63090693796356,9.256917902314848
68.67962851486574,9.058319905552484
68.48474220725696,9.058319905552484
68.54845682934855,9.058319905552484
68.61217145144016,9.058319905552484
68.67588607353176,9.058319905552484
68.73960069562335,9.058319905552484
68.80331531771496,9.037518964164075
68.86702993980656,9.012788489772209
68.93074456189815,8.98798996968263
68.99445918398976,8.963122839103606
69.05817380608136,8.938186525386781
68.80331531771493,8.938186525386781
68.8760268840244,8.938186525386781
68.94873845033386,8.938186525386781
69.02145001664333,8.938186525386781
69.0941615829528,8.938186525386781
69.16687314926226,8.938186525386781
69.23958471557172,8.938186525386781
69.31229628188119,8.938186525386781
69.38500784819065,8.938186525386781
69.45771941450012,8.941720523629012
69.16687314926226,8.941720523629012
69.24045332654337,8.938186525386781
69.3140335038245,8.938186525386781
69.38761368110562,8.938186525386781
69.46119385838674,8.938186525386781
69.53477403566785,8.938186525386781
69.60835421294898,8.938186525386781
69.6819343902301,8.938186525386781
69.75551456751121,8.938186525386781
69.82909474479233,8.938186525386781
69.53477403566784,8.938186525386781
69.60834439152192,8.938186525386781
69.68191474737601,8.938186525386781
69.75548510323011,8.938186525386781
69.8290554590842,8.938186525386781
69.90262581493829,8.938186525386781
69.97619617079238,8.938186525386781
70.04976652664647,8.938186525386781
70.12319547969663,8.941720523629012
70.19673675865131,8.941720523629012
69.9025716428326,8.941720523629012
69.97452326714037,9.224439959388812
70.0433345204304,9.498748296804683
70.1093496347612,9.765354363653715
70.17285701779126,10.02487269193038
70.2341008133311,10.277840197779504
70.29328961075268,10.524729249380862
70.35060310725468,10.765958035142708
70.41095608879192,10.787504617131479
70.47200715330594,10.787504617131479
70.22780289524985,10.787504617131479
70.28753676650604,11.095412945590448
70.34489873256052,11.395004212448509
70.40012658106026,11.686918052688759
70.45342267066474,11.971716089968286
70.50496069922889,12.249894640663188
70.55489092650478,12.52189487561255
70.60334425621848,12.788111035036994
70.65043546394169,12.942723834685781
70.69626577670581,12.579735835230387
70.49816545291462,12.284438028531449
70.54671729574822,11.981864699180996
70.59526913858181,11.671450023974304
70.64382098141542,11.352550799480257
70.69237282424902,11.024430762965945
70.74092466708261,10.686240575622465
70.78947650991621,10.336991904453152
70.83802835274982,9.97552332589023
70.8865801955834,9.600454656839442
70.93513203841701,9.210124516567634
70.74092466708264,9.210124516567634
70.78980890453589,9.210124516567634
70.83869314198915,9.210124516567634
70.8875773794424,9.173609625550602
70.93646161689567,8.821771661038678
70.98534585434892,8.455305844084858
71.03423009180219,8.07222017753022
71.08311432925544,7.670024789532068
71.1319985667087,7.245538071775408
71.18088280416195,6.794583403495562
70.98534585434889,6.794583403495562
71.05623873898249,6.794583403495562
71.12713162361608,6.794583403495562
71.19802450824969,6.794583403495562
71.26891739288328,6.794583403495562
71.33981027751688,6.794583403495562
71.41070316215047,6.794583403495562
71.48159604678406,6.794583403495562
71.55248893141766,6.794583403495562
71.62338181605126,6.794583403495562
71.33981027751686,6.794583403495562
71.43697755545857,6.794583403495562
71.53414483340028,6.794583403495562
71.63131211134198,6.794583403495562
71.72847938928369,6.794583403495562
71.8256466672254,6.794583403495562
71.9228139451671,6.794583403495562
72.01998122310883,6.794583403495562
72.11714850105054,6.794583403495562
72.21431577899224,6.794583403495562
71.8256466672254,6.794583403495562
71.92246769225271,6.794583403495562
72.01928871728002,6.794583403495562
72.11610974230733,6.794583403495562
72.21293076733464,6.794583403495562
72.30975179236195,6.794583403495562
72.40657281738926,6.794583403495562
72.50339384241657,6.794583403495562
72.60021486744388,6.794583403495562
72.6970358924712,6.794583403495562
72.30975179236195,6.794583403495562
72.40211334062279,7.246979677229847
72.48666964621366,7.672748220638255
72.56499171942122,8.07610153925968
72.63820265225951,8.460246266365871
72.7071347618584,8.827690394586952
72.77242316029184,9.180439451235863
72.83456433511462,9.520127064957322
72.893954372499,9.848104901353254
72.950914777771,10.16550642925295
72.69122929654147,10.361486502791799
72.75317234444456,10.706769038818404
72.81227816942561,11.041259165224957
72.8688722159922,11.365909759307781
72.92322483609892,11.681541223648171
72.9755631725921,11.988865920630499
73.02607999598233,12.288507100779945
73.07494038606895,12.581013769525208
73.12228685996793,12.86687250935699
73.16824336102164,13.146516986453499
72.96783530280278,13.420335673081137
73.01689212378757,13.420335673081137
73.06473732521475,13.690299604802147
73.11122805150123,13.955041990632544
73.15646307094147,14.214854577215668
73.2005302837183,14.4700029143902
73.24350827528797,14.720729534691294
73.2854676012858,14.967256653261622
73.32647185774879,15.20978847373217
73.36657857829802,15.444945820248783
73.19595233357698,15.235671509510734
73.23746000246605,15.023482329374032
73.27812030795937,14.808252977860368
73.31797808353798,14.589848909827928
73.35707455406255,14.368125353256906
73.39544771622994,14.142926186691373
73.4331326701259,13.91408265310715
73.47016190921966,13.681411880094613
73.50656557489239,13.444715169466802
73.5423716805765,13.203776010800373
73.39256742945174,13.203776010800373
73.4306255084213,13.203776010800373
73.46868358739084,13.203776010800373
73.5067416663604,13.203776010800373
73.54479974532995,13.203776010800373
73.5828578242995,13.203776010800373
73.62091590326905,13.203776010800373
73.6589739822386,13.203776010800373
73.69703206120816,13.203776010800373
73.7350901401777,14.62463908790456
73.58285782429952,14.62463908790456
73.63270063647452,13.203776010800373
73.68254344864953,13.203776010800373
73.73238626082454,13.203776010800373
73.78222907299954,13.203776010800373
73.83207188517454,13.203776010800373
73.88191469734954,13.203776010800373
73.93175750952454,13.203776010800373
73.98160032169955,13.203776010800373
74.03144313387456,13.203776010800373
73.83207188517453,13.203776010800373
73.88119331663935,13.366612823588362
73.92943582126391,13.527489634372161
73.97684030018166,13.686475559484833
74.0234447497929,13.843635746172502
74.06928453278498,13.999031684549989
74.11439261823509,14.152721488723076
74.1587997949283,14.304760150722323
74.20253486139424,14.455199770394831
74.24562479564368,14.604089763978862
74.06622514110599,14.62463908790456
74.11145733081257,14.870987733369647
74.15559713526599,15.113321404661356
74.19871257951014,15.35183023600638
74.24086527434402,15.586689812456148
74.28211120511067,15.818062682398526
74.32250140270544,16.04609967371677
74.36208251727561,16.27094104387998
74.40089731105518,16.492717488879226
74.43898508363057,16.711551031623223
74.2785241692698,16.92755580694129
74.31679691726158,17.112105030402645
74.35446197004461,17.294685066399772
74.39154449238455,17.47535763640822
74.4280680546262,17.654181303441707
74.46405476573607,17.83121169380282
74.49952539274061,18.006501699209377
74.53449946819327,18.180101661378295
74.56899538708014,18.352059540892668
74.6030304943847,18.52242107195734
74.46189839023867,18.691229904458105
74.49687068703173,18.691229904458105
74.53184298382479,18.691229904458105
74.56681528061785,18.691229904458105
74.60178757741089,18.691229904458105
74.63675987420395,18.691229904458105
74.671732170997,18.691229904458105
74.70670446779006,18.691229904458105
74.74167676458312,18.691229904458105
74.77664906137618,18.691229904458105
74.63675987420396,18.691229904458105
74.67203906847672,18.691229904458105
74.70731826274948,18.691229904458105
74.74259745702226,18.691229904458105
74.77787665129502,18.691229904458105
74.81315584556778,18.691229904458105
74.84783232274785,18.789982805245003
74.88224153106607,18.88821940526679
74.91638893995389,18.98594771881538
74.95027984531748,19.083175554966864
74.81201775873242,19.17991052486374
74.84620503579825,19.29887634325378
74.88007956712686,19.417113289122614
74.9136488844678,19.53463459737713
74.94692023961179,19.651453107174166
74.97990061821025,19.767581278292162
75.01259675275212,19.88303120664222
75.04501513475881,19.99781463897318
75.07716202625286,20.111942986821326
75.10904347055178,20.22542733975164
74.97871509494783,20.338278477934033
75.01082999233432,20.4284609700238
75.04273385936537,20.518247092809286
75.0744303598128,20.42530080975057
75.10592305893721,20.274068787650897
75.1372154270173,20.121700157889325
75.16831084272222,19.968168901569474
75.19938748636643,19.813447991685074
75.23070124342219,19.657509337574083
75.26201500047796,19.5003237253748
75.1367599722549,19.29715131496782
75.16831043103276,19.091816894971345
75.19986088981064,18.884249940875655
75.23141134858851,18.674376008525993
75.26296180736637,18.46211642218086
75.29451226614424,18.24738792990682
75.32606272492211,18.030102322029627
75.35761318369998,17.81016600768244
75.38916364247785,17.587479543685504
75.42071410125573,17.36193710902977
75.29451226614425,17.10355260607953
75.32596473274309,16.84120433104339
75.35741719934192,16.574704066467653
75.38886966594077,16.30384821022338
75.42032213253961,16.02841595520371
75.45177459913845,15.748167182375656
75.48322706573728,15.462840010007165
75.51467953233613,15.172147927900753
75.54613199893497,14.875776427371038
75.5775844655338,14.573379014084297
75.45177459913843,14.264206902973028
75.48321063054608,13.948183439197168
75.51464666195375,13.624831886528542
75.5460826933614,13.293617514387709
75.57751872476905,12.953937212350013
75.6089547561767,12.605106583610358
75.64039078758437,12.24634372646987
75.67182681899202,11.876748601764657
75.70326285039967,11.495276422608962
75.73469888180732,11.100702802744529
75.60895475617669,11.100702802744529
75.64077675531071,11.077238302481607
75.67259875444473,10.85928845017393
75.70442075357877,10.636873736121727
75.7362427527128,10.409707974401178
75.76806475184682,10.177473033441393
75.79988675098085,9.939813608943682
75.83170875011487,9.696330842883679
75.8635307492489,9.446574461082314
75.89535274838293,9.190032985952111
75.76806475184681,9.190032985952111
75.82749768945915,9.190032985952111
75.8869306270715,9.190032985952111
75.94636356468385,9.190032985952111
76.00579650229619,9.190032985952111
76.06522943990853,9.190032985952111
76.12466237752088,9.190032985952111
76.18409531513322,9.190032985952111
76.24352825274556,9.190032985952111
76.30296119035792,10.598269151900213
76.06522943990852,10.598269151900213
76.13691171294992,9.190032985952111
76.20859398599133,9.190032985952111
76.28027625903273,9.190032985952111
76.35195853207415,9.190032985952111
76.42364080511555,9.190032985952111
76.49532307815696,9.190032985952111
76.56700535119836,9.190032985952111
76.63868762423976,9.190032985952111
76.71036989728117,9.190032985952111
76.42364080511554,9.190032985952111
76.49513970462552,9.190032985952111
76.56663860413549,9.190032985952111
76.63813750364548,9.190032985952111
76.70963640315546,9.190032985952111
76.78113530266543,9.190032985952111
76.85263420217541,9.190032985952111
76.9241331016854,9.190032985952111
76.987615409745,9.43884964301168
77.04894393716461,9.681273618893105
76.77705063760361,9.91777370100616
76.84190684148913,10.218169380414734
76.90404228387277,10.509982673121828
76.96374426870642,10.793909675914323
77.02125512800367,11.070557185357593
77.07678122669479,11.340457957981611
77.13049981679585,11.60408277285302
77.18256432904478,11.86185007921193
77.23310851085411,12.114133795041884
77.28224969992456,12.36126967211102
77.06913146056607,12.60356053697238
77.12054549428957,12.864847206272124
77.17044675541482,13.120931715100413
77.21894919215433,13.372112940890384
77.26615383987664,13.618662193311362
77.31215071819521,13.860826648044062
77.35702039151505,14.09883224947118
77.40083526217269,14.332886179354412
77.44366064930739,14.56317896827231
77.48555569469123,14.789886311041377
77.30741386043952,15.013170635316488
77.35121338607426,15.013170635316488
77.39501291170899,15.013170635316488
77.43881243734373,15.013170635316488
77.48261196297845,15.013170635316488
77.52641148861319,15.013170635316488
77.57021101424792,15.013170635316488
77.61401053988266,15.013170635316488
77.65781006551738,15.013170635316488
77.70160959115212,15.013170635316488
77.52641148861322,15.013170635316488
77.57027819515032,15.013170635316488
77.61414490168741,15.013170635316488
77.65683042432191,15.247519815533822
77.69857258156651,15.478321243761027
77.73942568136425,15.705731327290405
77.7794392726184,15.92989530803635
77.81865869101979,16.15094834754188
77.85712552865162,16.369016480073967
77.89487803979037,16.584217452894798
77.73590707323511,16.796661469615554
77.77476576092873,16.97855429687029
77.81301147244568,17.158519035705773
77.85066942936268,17.33661573045853
77.88776326521653,17.51290137220235
77.92431515720338,17.687430111788196
77.96034594449148,17.86025345414495
77.99587523474547,18.03142043581707
78.03092150024243,18.20097778747357
78.06550216477531,18.368970082914586
77.92213787735238,18.535439875921906
77.95763908612238,18.535439875921906
77.99314029489237,18.535439875921906
78.02864150366237,18.535439875921906
78.06414271243237,18.535439875921906
78.09964392120237,18.535439875921906
78.13514512997236,18.535439875921906
78.17064633874236,18.535439875921906
78.20614754751236,18.535439875921906
78.24164875628234,18.535439875921906
78.09964392120239,18.535439875921906
78.13516078420884,18.535439875921906
78.1706776472153,18.535439875921906
78.20619451022175,18.535439875921906
78.24171137322821,18.535439875921906
78.27722823623466,18.535439875921906
78.31197693740883,18.6595837308707
78.34638865382945,18.78290708662621
78.38047205304778,18.905425999968678
78.4142354576662,19.027156010706125
78.27578462247153,19.148112164681113
78.31009037633238,19.26814374125043
78.3440790198202,19.38743219190637
78.37775826860157,19.505991150363183
78.41113554862494,19.364844351174884
78.44421801056592,19.178058253351832
78.47701254338291,18.989434957172445
78.50952578704798,18.798919160856283
78.54176414451217,18.60645273124719
78.57373379296006,18.411974496611236
78.44301709378608,18.180805900468144
78.47518615051501,17.946659898631054
78.50714223678195,17.709418393718263
78.5388890774944,17.468955268429806
78.570430296668,17.22513560170242
78.60176942106715,16.977814783524728
78.63290988368315,16.72683751192393
78.66393727634943,16.472036652367557
78.69527110448321,16.2132319357855
78.72660493261701,15.95022846639538
78.60126962008187,15.753693822958759
78.63252827889289,15.55467614593272
78.6637869377039,15.353078875006402
78.69504559651493,15.14879902432821
78.72630425532596,14.941726567462235
78.75756291413697,14.731743744517354
78.788821572948,14.518724279062733
78.82008023175901,14.302532490044031
78.85133889057003,14.083022280962442
78.88259754938106,13.860035984924572
78.757562914137,13.704797809231415
78.7940947624337,13.5477809430336
78.8306266107304,13.388922808386585
78.86715845902711,13.22815706957869
78.90369030732381,13.065413309419448
78.94022215562052,12.900616668766846
78.97675400391722,12.73368744405858
79.01328585221393,12.564540636707944
79.04981770051063,12.393085447135245
79.08634954880735,12.219224704886377
78.94022215562052,12.219224704886377
78.9860704304819,12.219224704886377
79.03191870534327,12.219224704886377
79.07776698020466,12.219224704886377
79.12361525506603,12.219224704886377
79.16946352992741,12.219224704886377
79.21531180478878,12.219224704886377
79.26116007965017,12.219224704886377
79.30700835451154,12.219224704886377
79.35285662937292,12.59288277561144
79.16946352992744,12.59288277561144
79.2231284006715,12.219224704886377
79.27679327141556,12.219224704886377
79.33045814215961,12.219224704886377
79.38412301290369,12.219224704886377
79.43778788364774,12.219224704886377
79.4914527543918,12.219224704886377
79.54511762513586,12.219224704886377
79.59878249587992,12.219224704886377
79.65244736662397,12.219224704886377
79.43778788364773,12.219224704886377
79.49162937536099,12.219224704886377
79.54547086707423,12.219224704886377
79.59931235878749,12.219224704886377
79.65315385050074,12.219224704886377
79.706995342214,12.219224704886377
79.76083683392724,12.219224704886377
79.8146783256405,12.219224704886377
79.86851981735376,12.219224704886377
79.92236130906701,12.219224704886377
79.70699534221401,12.219224704886377
79.75890668125209,12.440873341789896
79.80947253972016,12.658641578953542
79.85878262075204,12.87272635234527
79.90691759150916,13.083308482960923
79.95395026786707,13.290554464666634
79.9999466108634,13.494618004827819
80.04496656966163,13.69564135826344
80.08906479853418,13.893756487434526
80.13229126979286,14.08908607575672
79.94960269826899,14.281744416143107
79.99565608329928,14.281744416143107
80.04170946832957,14.281744416143107
80.08776285335986,14.281744416143107
80.13381623839015,14.281744416143107
80.17986962342044,14.281744416143107
80.22592300845072,14.281744416143107
80.27197639348101,14.281744416143107
80.3180297785113,14.281744416143107
80.3640831635416,14.281744416143107
80.17986962342044,14.281744416143107
80.22579602763051,14.131506498529424
80.27091476661882,13.973152532645592
80.31511204391802,13.812983294103432
80.35843679722721,13.650934886145384
80.40093400556617,13.486939573097438
80.44264510894996,13.3209254494942
80.4836083738072,13.15281607160926
80.52385921233925,12.982530046034304
80.56343046261081,12.809980569024454
80.39764303552458,12.691905759115377
80.44161158810918,12.561513096072696
80.48558014069378,12.42975264143843
80.52954869327839,12.296580426764402
80.57351724586299,12.161950076218254
80.61748579844759,12.025812617905078
80.66145435103219,11.8881162757396
80.70542290361679,11.748806239360855
80.7493914562014,11.607824409189877
80.793360008786,11.465109113267266
80.61748579844759,11.465109113267266
80.66875045559574,11.465109113267266
80.72001511274388,11.465109113267266
80.77127976989203,11.465109113267266
80.82254442704019,11.465109113267266
80.87380908418834,11.465109113267266
80.92507374133648,11.465109113267266
80.97633839848463,11.465109113267266
81.02760305563278,11.465109113267266
81.07886771278093,11.783507026850266
80.87380908418835,11.783507026850266
80.93117944644807,11.465109113267266
80.98854980870777,11.465109113267266
81.04592017096749,11.465109113267266
81.10329053322721,11.465109113267266
81.16066089548691,11.465109113267266
81.21803125774663,11.465109113267266
81.27540162000635,11.465109113267266
81.33277198226605,11.465109113267266
81.39014234452577,11.465109113267266
81.16066089548694,11.465109113267266
81.21804120037224,11.465109113267266
81.27542150525754,11.465109113267266
81.33280181014283,11.465109113267266
81.39018211502813,11.465109113267266
81.44756241991342,11.465109113267266
81.50494272479872,11.465109113267266
81.56232302968402,11.465109113267266
81.61970333456932,11.465109113267266
81.67708363945461,11.465109113267266
81.44744429537452,11.559908875615717
81.50370375650823,11.78297066875969
81.55841671161805,12.001887449445746
81.61169227777016,12.216882045656144
81.6636279619319,12.428158008562153
81.71431126595228,12.635901869439305
81.76382102309321,12.840285067801721
81.81222851820476,13.04146560746621
81.85959843223041,13.239589486046617
81.90598964308522,13.43479193465043
81.70938438949247,13.627198497697918
81.75759679568412,13.627198497697918
81.80580920187577,13.627198497697918
81.85402160806744,13.627198497697918
81.9022340142591,13.627198497697918
81.95044642045075,13.627198497697918
81.9986588266424,13.627198497697918
82.04687123283405,13.627198497697918
82.09508363902572,13.627198497697918
82.14329604521737,13.627198497697918
81.95044642045073,13.627198497697918
81.99870009057358,13.627198497697918
82.04581504966374,13.888905812722623
82.09165302743757,14.145772175943598
82.13630330364836,14.39805668250823
82.17984572563095,14.645996108552662
82.22235200446933,14.889807513556365
82.2638867955128,15.129690465101373
82.30450860488658,15.365828950915704
82.34427055456405,15.598393030303443
82.17549376328896,15.827540267105274
82.21657670584132,16.045088768596706
82.25684342709064,16.25972682050524
82.29633598736785,16.47156819986387
82.33509314755003,16.680719458346992
82.37315070830783,16.887280548785387
82.41054180680007,17.091345383517783
82.44729717705596,17.29300233342967
82.4834453792459,17.492334675203114
82.51901300219367,17.689420993198805
82.37036202905668,17.884335541471255
82.40691043610444,18.041122265099744
82.44298953199002,18.196558119837487
82.47861509989919,18.350677432535544
82.51380210769547,18.50351310041731
82.54856476359488,18.65509667307197
82.58291656716484,18.80545842849907
82.61687035611014,18.954627443723403
82.65043834925619,19.102631660446637
82.68363218609409,19.24949794615548
82.54684965281638,19.395252151064955
82.58079299207432,19.395252151064955
82.61473633133227,19.395252151064955
82.64867967059021,19.395252151064955
82.68262300984817,19.395252151064955
82.71656634910612,19.395252151064955
82.75050968836406,19.395252151064955
82.784453027622,19.395252151064955
82.81839636687995,19.395252151064955
82.8523397061379,19.395252151064955
82.7165663491061,19.395252151064955
82.75055379067439,19.395252151064955
82.78454123224269,19.395252151064955
82.81852867381097,19.395252151064955
82.85251611537927,19.395252151064955
82.88650355694756,19.395252151064955
82.91984789609752,19.50880853468588
82.9529082953532,19.621707746337357
82.98569117155003,19.733961065187046
83.01820271687986,19.845579451403303
82.88529154974098,19.956573558644877
82.9181369768481,20.056298207121323
82.95073954238235,20.155529448376
82.98310398534197,20.254274534421775
83.0152349016668,20.352540541345213
83.04713674998614,20.450334375224156
83.07881385708079,20.547662777791757
83.11027042307609,20.644532331860248
83.14151052638151,20.74094946651665
83.17253812839155,20.836920462102153
83.0461997119525,20.927960714101992
83.07766928996575,20.927960714101992
83.10913886797903,20.927960714101992
83.14060844599229,20.85556746356246
83.17207802400554,20.722865053300517
83.2035476020188,20.58930736589754
83.23501718003207,20.4548776480697
83.26648675804533,20.319558592341522
83.29795633605859,20.18333231103573
83.32942591407185,20.046180308672216
83.20354760201879,19.860951255630507
83.23496857909494,19.67397836202084
83.2663895561711,19.485211428157445
83.29781053324726,19.294597798625677
83.32923151032341,19.102082190731565
83.36065248739958,18.907606507228707
83.39207346447573,18.711109631524543
83.42349444155188,18.51252720332002
83.45491541862805,18.311791372347955
83.4863363957042,18.10883052753905
83.36065248739955,17.880674974547233
83.39205365436955,17.649570306828128
83.42345482133956,17.415399119340865
83.45485598830956,17.178036004043303
83.48625715527956,16.9373467646641
83.51765832224957,16.693187529550695
83.54905948921957,16.44540374594118
83.58046065618959,16.193829035693987
83.61186182315959,15.938283888410169
83.64326299012959,15.678574162781022
83.51765832224955,15.45842828228725
83.54915359583474,15.235101645194627
83.5805091305895,15.008452262648728
83.61172656951018,14.77832725652668
83.64280752558992,14.544561653133211
83.6737535825507,14.30697699944285
83.70456629555324,14.065379768899966
83.73524719188539,13.819559516286116
83.76579777163,13.569286731621816
83.79621950831284,13.31431033083432
83.6731978471847,13.118793378729654
83.70970655455349,12.92031810141842
83.74621526192229,12.7187460061863
83.78272396929108,12.513927444967846
83.81923267665987,12.305700314324211
83.85574138402866,12.093888553893594
83.89225009139746,11.878300403763072
83.92875879876625,11.6587263716959
83.96526750613505,11.434936848890638
84.00177621350385,11.206679297015528
83.85574138402868,11.206679297015528
83.9037689893743,11.206679297015528
83.95179659471994,11.039154980328822
83.99982420006556,10.863762994515248
84.0478518054112,10.685492507239859
84.09587941075682,10.504196963288503
84.14390701610245,10.319716932398858
84.19193462144808,10.131878467792632
84.23996222679371,9.940491185419372
84.28798983213935,9.74534600353833
84.0958794107568,9.74534600353833
84.15471406279758,9.74534600353833
84.21354871483838,9.74534600353833
84.27238336687917,9.74534600353833
84.33121801891996,9.74534600353833
84.39005267096074,9.74534600353833
84.44888732300154,9.74534600353833
84.50772197504233,9.74534600353833
84.56655662708312,9.74534600353833
84.62539127912392,10.15330704280726
84.39005267096073,10.15330704280726
84.45745944523318,9.74534600353833
84.52486621950563,9.74534600353833
84.59227299377808,9.74534600353833
84.65967976805054,9.74534600353833
84.727086542323,9.74534600353833
84.79449331659544,9.74534600353833
84.86190009086789,9.74534600353833
84.92930686514035,9.74534600353833
84.99671363941279,9.74534600353833
84.72708654232301,9.74534600353833
84.79462534066576,9.74534600353833
84.86216413900851,9.74534600353833
84.92970293735128,9.74534600353833
84.99724173569403,9.74534600353833
85.06478053403679,9.74534600353833
85.13231933237954,9.74534600353833
85.19985813072229,9.74534600353833
85.26739692906504,9.74534600353833
85.33052858090048,9.881038279650578
85.06385924819222,10.014892223042624
85.12822178772717,10.291500825698266
85.19010549931392,10.560867021771298
85.24975180139954,10.823531552027047
85.30736711976607,11.079971040752476
85.3631293988696,11.33060815976362
85.41719316328965,11.575819810116707
85.46969350005176,11.815943774514114
85.52074922660707,12.051284175915333
85.57046543649592,12.282115994194802
85.35595587807279,12.508688832209563
85.40780103785563,12.761293975658697
85.45815817062893,13.008995025186291
85.50713671777463,13.25206697830419
85.55483400037902,13.490760053814576
85.6013369608209,13.725302709293437
85.6467236019553,13.955904201945371
85.69106418474091,14.182756774548986
85.73442223135814,14.406037531471098
85.77685537052393,14.62591005682356
85.59664754834093,14.842525816801912
85.64098678733585,14.842525816801912
85.68532602633077,14.842525816801912
85.72966526532568,14.842525816801912
85.7740045043206,14.842525816801912
85.81834374331552,14.842525816801912
85.86268298231045,14.842525816801912
85.90702222130535,14.842525816801912
85.95136146030028,14.842525816801912
85.9957006992952,14.842525816801912
85.81834374331554,14.842525816801912
85.86259573476637,14.842525816801912
85.90684772621721,14.842525816801912
85.94985816984682,15.084077945106687
85.99187998895252,15.321822420511102
86.03297232251272,15.555933823377478
86.07318892985762,15.78657378752344
86.11257883052707,16.01389230576205
86.15118685155413,16.238028870899562
86.18905409778674,16.45911347684894
86.02930021000118,16.67726750026554
86.0685556637178,16.871392513105757
86.10714694271458,17.06330915699381
86.1451033120805,17.253091127186934
86.18245206655558,17.4408081091125
86.21921870502,17.626526077328798
86.25542708606925,17.810307566423997
86.29109956708018,17.99221191700697
86.32625712882411,18.17229549953322
86.36091948739087,18.3506119183591
86.21688530180546,18.527212198117958
86.25234722122568,18.527212198117958
86.28780914064588,18.527212198117958
86.32327106006609,18.527212198117958
86.35873297948629,18.527212198117958
86.3941948989065,18.527212198117958
86.4296568183267,18.527212198117958
86.46511873774692,18.527212198117958
86.50058065716713,18.527212198117958
86.53604257658733,18.527212198117958
86.39419489890653,18.527212198117958
86.42969638294966,18.527212198117958
86.46519786699278,18.527212198117958
86.50069935103589,18.527212198117958
86.53620083507901,18.527212198117958
86.57170231912214,18.527212198117958
86.6063559357013,18.66432793784145
86.64063959153304,18.80044368913901
86.67456375673629,18.93558101684986
86.70813844339045,19.069760721699755
86.5701126401355,19.20300287767725
86.60425870254686,19.32137171987843
86.63809430517425,19.439019799242843
86.67162687960526,19.55596012403872
86.70486358283817,19.672205315892516
86.73781131075664,19.787767625689032
86.77047671078736,19.90265894864061
86.80286619379963,20.01689083857784
86.83498594530012,20.130474521510383
86.86684193597274,20.243420908502987
86.73663379301844,20.35574060790845
86.76884521563352,20.445842092050444
86.80084534069654,20.53554825198661
86.83263783031482,20.62486424600848
86.86422624829693,20.713795121196107
86.89561406366839,20.802345816746154
86.92680465403144,20.89052116717304
86.9580654501573,20.927960714101992
86.98950010806956,20.927960714101992
87.02093476598182,20.927960714101992
86.89519613433282,20.927960714101992
86.92685979229483,20.927960714101992
86.95852345025686,20.927960714101992
86.99018710821888,20.927960714101992
87.02185076618089,20.927960714101992
87.05351442414292,20.927960714101992
87.08517808210493,20.927960714101992
87.11684174006695,20.927960714101992
87.14850539802897,20.927960714101992
87.18016905599099,20.927960714101992
87.05351442414289,20.927960714101992
87.08473401502684,20.927960714101992
87.11595360591079,20.927960714101992
87.14717319679474,20.927960714101992
87.17839278767869,20.927960714101992
87.20961237856264,20.927960714101992
87.24083196944657,20.927960714101992
87.27205156033052,20.927960714101992
87.30327115121447,20.927960714101992
87.33449074209842,20.927960714101992
87.20961237856264,20.927960714101992
87.24104651629503,20.927960714101992
87.27248065402742,20.927960714101992
87.30391479175981,20.927960714101992
87.3353489294922,20.927960714101992
87.36678306722459,20.927960714101992
87.39821720495698,20.927960714101992
87.42965134268937,20.927960714101992
87.46108548042176,20.927960714101992
87.49251961815415,20.927960714101992
87.36678306722459,20.927960714101992
87.39823851326324,20.927960714101992
87.42969395930187,20.927960714101992
87.46114940534052,20.927960714101992
87.49260485137916,20.927960714101992
87.5240602974178,20.927960714101992
87.55551574345645,20.927960714101992
87.58697118949509,20.927960714101992
87.61842663553374,20.927960714101992
87.64988208157237,20.927960714101992
87.52406029741783,20.927960714101992
87.55546069280891,20.927960714101992
87.58686108819998,20.927960714101992
87.61826148359107,20.927960714101992
87.64966187898214,20.927960714101992
87.68106227437322,20.927960714101992
87.71246266976429,20.927960714101992
87.74386306515538,20.927960714101992
87.77526346054646,20.927960714101992
87.80666385593753,20.899126271045176
87.6810622743732,20.74593819815299
87.71249972921021,20.59161053803408
87.74393718404723,20.43611747320339
87.77537463888423,20.279432196367374
87.80681209372125,20.121526856467785
87.83824954855825,19.962372500883934
87.86968700339526,19.801939013453705
87.90112445823227,19.6401950479376
87.93256191306928,19.477107956509492
87.9639993679063,19.312643712812033
87.83824954855822,19.105513891858863
87.86960859790511,18.8961137529918
87.90096764725202,18.6843669643903
87.9323266965989,18.47019281853856
87.9636857459458,18.253505872790225
87.99504479529269,18.03421555105686
88.02640384463959,17.81222570135397
88.05776289398648,17.587434103073956
88.08912194333337,17.359731916822987
88.12048099268027,17.12900306842043
87.99504479529267,16.929351844713636
88.02646513314801,16.72731782582795
88.05788547100333,16.522813604541266
88.08930580885867,16.315746295360395
88.12072614671399,16.10601704142644
88.15214648456933,15.893520462844958
88.18356682242465,15.678144037704968
88.21498716027999,15.459767405468178
88.24640749813531,15.238261580486428
88.27782783599065,15.013488061056337
88.15214648456936,14.873634797661097
88.18511418021885,14.732453985297527
88.21808187586832,14.58990708550342
88.25104957151781,14.44595365832027
88.2840172671673,14.300551228293639
88.31698496281679,14.153655138082339
88.34995265846626,14.005218388246522
88.38292035411575,13.855191461585525
88.41588804976524,13.703522130164432
88.44885574541472,13.550155242897413
88.3169849628168,13.550155242897413
88.35919635544775,13.550155242897413
88.4014077480787,13.550155242897413
88.44361914070964,13.550155242897413
88.4858305333406,13.550155242897413
88.52804192597155,13.550155242897413
88.5702533186025,13.550155242897413
88.61246471123344,13.550155242897413
88.65467610386439,13.550155242897413
88.69688749649534,14.47915560614164
88.52804192597154,14.47915560614164
88.5764073147667,13.550155242897413
88.62477270356186,13.550155242897413
88.67313809235702,13.550155242897413
88.72150348115218,13.550155242897413
88.76986886994735,13.550155242897413
88.81823425874252,13.550155242897413
88.86659964753768,13.550155242897413
88.91496503633284,13.550155242897413
88.963330425128,13.550155242897413
88.76986886994735,13.550155242897413
88.8180188761394,13.550155242897413
88.86616888233145,13.550155242897413
88.91431888852351,13.550155242897413
88.96246889471557,13.550155242897413
89.01061890090762,13.550155242897413
89.05876890709968,13.550155242897413
89.10691891329174,13.550155242897413
89.15506891948378,13.550155242897413
89.20321892567584,13.550155242897413
89.01061890090764,13.550155242897413
89.05910780592299,13.550155242897413
89.10644923643893,13.811126139081741
89.1525041018912,14.067256425921638
89.19736258573361,14.318805867656712
89.24110531958912,14.566011794538921
89.28380469901778,14.809091725073946
89.32552597985683,15.048245606869271
89.36632819760456,15.283657741773302
89.40626494304095,15.515498448025241
89.23672289514779,15.743925502036662
89.27832119821403,15.965344155026894
89.3190745825849,16.18373373987667
89.35902753261874,16.399215272018157
89.39822096929471,16.61190191738335
89.43669262414657,16.82189968723912
89.47447736534978,17.02930805588726
89.511607483117,17.234220511444022
89.54811294034113,17.436725048352656
89.58402159343936,17.636904608990207
89.43381787255814,17.834837480655413
89.47035006740731,17.956057186394368
89.5065166379938,18.076464018185042
89.5423272059738,18.196074112852262
89.57779100264109,18.31490308028099
89.61291688993641,18.432966027195942
89.64771338006163,18.55027757957906
89.68218865380796,18.6668519038189
89.71635057769795,18.782702726678632
89.7502067200323,18.89784335416226
89.61154278799701,19.01228668935245
89.64603878553227,19.01228668935245
89.68053478306753,19.01228668935245
89.71503078060279,19.01228668935245
89.74952677813805,19.01228668935245
89.78402277567331,19.01228668935245
89.81851877320857,19.01228668935245
89.85301477074383,19.01228668935245
89.8875107682791,19.01228668935245
89.92200676581436,19.01228668935245
89.78402277567331,19.01228668935245
89.81841947626621,19.01228668935245
89.85281617685912,19.01228668935245
89.88721287745203,19.01228668935245
89.92160957804494,19.01228668935245
89.95600627863784,19.01228668935245
89.98968696120387,19.134816232231994
90.02305292783628,19.256566135332893
90.05611197958733,19.377551094181385
90.08887161820635,19.497785348361255
89.9546595210242,19.617282701075894
89.98798431596244,19.724912601657326
90.02103893074354,19.83195839326284
90.05382914033108,19.938429483818354
90.08636052890785,20.044335031381948
90.11863849825696,20.149683953337185
90.15066827568742,20.018305616378566
90.18245492153359,19.865252291147982
90.2140033362557,19.71101056341827
90.24531826716664,19.55555231312614
90.11760355267042,19.49612428475248
90.14931892777946,19.436514553325082
90.18084707636847,19.376721441893107
90.21219092135865,19.316743247551393
90.2435550373343,19.25657824087459
90.27497045510081,19.19622466533529
90.30638587286732,19.13568073670569
90.33780129063383,19.074944642442127
90.36921670840034,19.01401454105192
90.40063212616685,18.952888561441927
90.27497045510081,18.952888561441927
90.30732325211848,18.952888561441927
90.33967604913616,18.952888561441927
90.37202884615382,18.952888561441927
90.4043816431715,18.952888561441927
90.43673444018917,18.952888561441927
90.46908723720685,18.952888561441927
90.50144003422452,18.952888561441927
90.5337928312422,18.952888561441927
90.56614562825986,19.243007308187956
90.43673444018914,19.03424363441637
90.47131371008489,18.823164750000597
90.50589297998063,18.609691874854082
90.54047224987637,18.39374165710596
90.5750515197721,18.17522579281204
90.60963078966785,17.954050604001456
90.64421005956359,17.730116569340147
90.67878932945933,17.503317800740952
90.71336859935508,17.273541458111016
90.74794786925082,17.04066709305786
90.60963078966786,16.791119529424126
90.64385700804799,16.53780684148873
90.67775389083204,16.28055328302373
90.71132977498796,16.01916899456267
90.74459267194634,15.753448363813593
90.77755028447122,15.483168132728018
90.81021002245126,15.208085201671762
90.84257901769334,14.927934069263934
90.87466413779275,14.642423831158354
90.90647199914851,14.351234641181827
90.77630778664142,14.351234641181827
90.80853911828193,14.351234641181827
90.84058815896854,14.351234641181827
90.87245763614195,14.351234641181827
90.90415021396538,14.351234641181827
90.93566849528305,14.351234641181827
90.96701502350327,14.351234641181827
90.99819228440981,14.351234641181827
91.02920270790483,14.351234641181827
91.06004866968618,14.873258567899098
90.9349525771016,14.873258567899098
90.98080345040768,14.351234641181827
91.02665432371377,14.351234641181827
91.07250519701985,14.351234641181827
91.11835607032593,14.351234641181827
91.16420694363201,14.351234641181827
91.2100578169381,14.351234641181827
91.25590869024418,14.351234641181827
91.30175956355026,14.351234641181827
91.34761043685634,14.351234641181827
91.164206943632,14.351234641181827
91.209925321117,14.351234641181827
91.25564369860201,14.351234641181827
91.30136207608702,14.351234641181827
91.34708045357203,14.351234641181827
91.39279883105704,14.351234641181827
91.43851720854205,14.351234641181827
91.48423558602705,14.351234641181827
91.52995396351207,14.351234641181827
91.57567234099707,14.351234641181827
91.39279883105701,14.351234641181827
91.43727215402353,14.351234641181827
91.48081292464155,14.595664738412397
91.52330000687333,14.836068299452277
91.56479940763238,15.07263799127049
91.6053708640534,15.305551589072778
91.64506862062565,15.534973539586282
91.68394208934174,15.761056319470585
91.72203641336202,15.983941620745535
91.75939295062793,16.20376138942064
91.60170673505874,16.420638738951567
91.64139171070127,16.6215773321075
91.68037193343268,16.820115618487964
91.71867995910458,17.016337615109066
91.75634604803565,17.038064711566708
91.79339837769453,17.038064711566708
91.829863231286,17.038064711566708
91.86576516544014,17.038064711566708
91.90112715971989,17.038064711566708
91.93597075026003,18.14917310248082
91.79094212607004,18.331174013572785
91.82942088962767,17.038064711566708
91.86789965318529,17.038064711566708
91.90637841674292,17.038064711566708
91.94485718030054,17.038064711566708
91.98333594385818,17.038064711566708
92.0218147074158,17.038064711566708
92.06029347097343,17.038064711566708
92.09877223453105,17.038064711566708
92.13725099808869,17.038064711566708
91.98333594385821,17.038064711566708
92.02174342648313,17.174280147907705
92.059700219791,17.309423678508153
92.09722019609221,17.443520217128786
92.13431657087942,17.57659372713219
92.17100194399279,17.70866727147881
92.207288337608,17.83976305939142
92.2431872313364,17.969902489955494
92.27870959469622,18.09910619289778
92.31386591718766,18.227394066763157
92.16933688595003,18.354785314689867
92.20511214415427,18.354785314689867
92.24088740235851,18.300244233666568
92.27666266056275,18.075243341842253
92.31243791876699,17.84740610626034
92.34821317697123,17.616622479259327
92.38398843517547,17.382775107321365
92.4197636933797,17.145738633452847
92.45553895158395,16.905378911507537
92.49131420978817,16.661552118473534
92.34821317697123,16.395952831944314
92.383863291728,16.12597964584092
92.41951340648477,15.85140907959947
92.45516352124154,15.571997947583393
92.49081363599831,15.287480837282324
92.52571305818806,14.997567156742695
92.56022322328128,14.70193765772866
92.59435561514445,14.40024031613615
92.62812119457519,14.092085418177321
92.66153043090513,13.777039656760039
92.52408843823868,13.435849235734699
92.55805717964931,13.085765841816313
92.5917402960598,12.726055580905678
92.62514411653913,12.355877695645683
92.65827475348554,11.974261422367912
92.69113811248637,11.580075975254323
92.72373990162309,11.171990985232501
92.75608564025852,10.748423398599918
92.78818066734044,10.307464699770945
92.82003014925297,9.846778738170066
92.69004731956714,9.846778738170066
92.72243577915161,9.846778738170066
92.75464934112266,9.846778738170066
92.7866905048866,9.8059129627537
92.81856171444575,9.609063112617603
92.85026536003724,9.408095384903127
92.88180377971175,9.202740007226259
92.91317926085458,8.992696398176134
92.94439404165178,8.77762800413285
92.97545031250348,8.55715596726532
92.84957667230107,8.55715596726532
92.91608747290361,8.55715596726532
92.98259827350616,8.55715596726532
93.0491090741087,8.55715596726532
93.11561987471124,8.55715596726532
93.1821306753138,8.55715596726532
93.24864147591634,8.55715596726532
93.31515227651889,8.55715596726532
93.38166307712143,8.55715596726532
93.44817387772397,9.846778738170066
93.18213067531379,9.846778738170066
93.25869458958259,8.55715596726532
93.3352585038514,8.55715596726532
93.41182241812021,8.55715596726532
93.48838633238901,8.55715596726532
93.56495024665783,8.55715596726532
93.64151416092663,8.55715596726532
93.71807807519544,8.55715596726532
93.79464198946425,8.41503325920235
93.87120590373306,7.851161786587463
93.5649502466578,7.851161786587463
93.64130965168896,7.851161786587463
93.71766905672013,7.851161786587463
93.79402846175128,7.851161786587463
93.87038786678245,7.851161786587463
93.9467472718136,7.851161786587463
94.02310667684478,7.851161786587463
94.09946608187593,7.851161786587463
94.16121702919034,7.851161786587463
94.21984101252427,9.3453778695849
93.93948616358458,9.71553766725952
94.0232566829319,7.851161786587463
94.10702720227924,7.851161786587463
94.19079772162657,7.851161786587463
94.27456824097389,7.851161786587463
94.35833876032123,7.851161786587463
94.44210927966856,7.851161786587463
94.52587979901588,7.851161786587463
94.60965031836322,7.851161786587463
94.69342083771055,7.851161786587463
94.3583387603212,7.851161786587463
94.43929989945083,8.199515076968233
94.51545613578473,8.53366003516003
94.58750896886013,8.855205231610705
94.65601100225739,9.165476844780294
94.72140568908041,9.465583547275987
94.78405461240875,9.756463395550663
94.84425671665844,10.038918471975858
94.90756191951384,10.103409897561566
94.97256132333384,10.103409897561566
94.71256370805388,10.103409897561566
94.77584420236454,10.423780861376347
94.83635545211563,10.734594698163813
94.89440176694758,11.03665887946608
94.95023798958248,11.330673197544279
95.00407976284733,11.617248856652727
95.05611125915114,11.89692342100469
95.10649108944554,12.170172668171178
95.15535688314878,12.437420096666012
95.20282888247982,12.699044631341462
94.99640959019128,12.95538692732306
95.04619858638132,13.177765908542678
95.09476331611445,13.396453942892725
95.14218135456241,13.463632661421915
95.18852283784003,13.333454687773726
95.23385139289854,13.20199315937269
95.27822492634664,13.069209342930101
95.32169629710104,12.935062516993863
95.36431389279453,12.799509826073331
95.40612212599805,12.66250612070754
95.22984737778086,12.656353409919527
95.27599903865146,12.650197706621322
95.32215069952208,12.644039006442247
95.36830236039269,12.637877305000977
95.41445402126331,12.631712597905498
95.46060568213392,12.625544880753074
95.50675734300454,12.619374149130211
95.55290900387514,12.61320039861262
95.59906066474576,12.607023624765175
95.64521232561637,12.600843823141883
95.46060568213389,12.600843823141883
95.51239439265413,12.600843823141883
95.56418310317437,12.600843823141883
95.61597181369463,12.600843823141883
95.66776052421487,12.600843823141883
95.71954923473511,12.600843823141883
95.77133794525535,12.600843823141883
95.82312665577561,12.600843823141883
95.87491536629585,12.600843823141883
95.9267040768161,12.67645056046599
95.7195492347351,12.67645056046599
95.7715454940872,12.600843823141883
95.82354175343933,12.600843823141883
95.87553801279144,12.600843823141883
95.92753427214355,12.600843823141883
95.97953053149567,12.600843823141883
96.03152679084778,12.600843823141883
96.0835230501999,12.600843823141883
96.13551930955201,12.600843823141883
96.18751556890412,12.600843823141883
95.97953053149564,12.600843823141883
96.03067003750353,12.886479826853755
96.08017248103509,13.13344843609821
96.12817154969856,12.883652269861502
96.1747845575549,12.628916176686118
96.22011503754706,12.368934949494287
96.2642548396042,12.103370595494386
96.30728584330599,11.831847182876182
96.34928136703563,11.553944596802943
96.39030733595169,11.269190908536816
96.21510471217873,11.269190908536816
96.25876375150408,11.269190908536816
96.30242279082941,11.269190908536816
96.34608183015476,11.269190908536816
96.38974086948011,11.269190908536816
96.43339990880546,11.269190908536816
96.47705894813079,11.269190908536816
96.52071798745614,11.269190908536816
96.56437702678149,11.269190908536816
96.60803606610682,14.686321369378907
96.43339990880547,14.686321369378907
96.49172510513462,11.269190908536816
96.55005030146378,11.269190908536816
96.60837549779293,11.269190908536816
96.66670069412208,11.269190908536816
96.72502589045125,11.269190908536816
96.7833510867804,11.269190908536816
96.84167628310955,11.269190908536816
96.90000147943871,11.269190908536816
96.95832667576786,11.269190908536816
96.72502589045122,11.269190908536816
96.78259833555177,11.530210145123784
96.83829000326989,11.785449853458374
96.89225749352423,12.03527774943514
96.9446378659861,12.280024135306704
96.99555178978628,12.51998702161395
97.04510608218784,12.755436381364941
97.093395773075,12.986617709654617
97.1405057976804,13.21375502249007
97.18651239508796,13.437053399166356
96.98982850099158,13.656701150340616
97.03796335531707,13.656701150340616
97.08609820964257,13.656701150340616
97.13423306396808,13.656701150340616
97.18236791829358,13.656701150340616
97.23050277261908,13.656701150340616
97.27863762694457,13.656701150340616
97.32677248127008,13.656701150340616
97.37490733559558,13.656701150340616
97.42304218992108,13.656701150340616
97.23050277261906,13.656701150340616
97.27858610252018,13.656701150340616
97.32552451026336,13.921381015326272
97.37117975261235,14.152575340803491
97.41564228979912,13.880068294377438
97.45899294785558,13.60210288654091
97.50130425283838,13.31833735927677
97.54264154139335,13.02839272876628
97.58306389116817,12.731846848530374
97.62262490503022,12.428227196744336
97.45462694677677,12.204322877394041
97.4957571033114,11.976233236601212
97.53629949127333,11.743714411516466
97.57627606493597,11.506497895582632
97.61570752132867,11.26428690432002
97.65461339523998,11.0167520215635
97.69301214540693,10.763525943965176
97.73092123285235,10.504197084413422
97.76835719221204,10.238301716104454
97.80533569679055,9.965314228451373
97.65249551362066,9.965314228451373
97.70520488109352,9.965314228451373
97.75791424856638,9.965314228451373
97.81062361603924,9.965314228451373
97.8633329835121,9.965314228451373
97.91604235098495,9.965314228451373
97.96875171845781,9.965314228451373
98.02146108593067,9.965314228451373
98.07417045340353,9.965314228451373
98.12687982087638,10.096368176605317
97.91604235098495,10.096368176605317
97.981911723275,9.965314228451373
98.04778109556507,9.965314228451373
98.11365046785512,9.965314228451373
98.17951984014519,9.965314228451373
98.24538921243524,9.965314228451373
98.3112585847253,9.965314228451373
98.37712795701536,9.965314228451373
98.44299732930541,9.965314228451373
98.50886670159547,9.965314228451373
98.24538921243521,9.965314228451373
98.31139701847385,9.965314228451373
98.3774048245125,9.965314228451373
98.44341263055112,9.965314228451373
98.50942043658976,9.965314228451373
98.5754282426284,9.965314228451373
98.64143604866705,9.965314228451373
98.70744385470569,9.965314228451373
98.77345166074433,9.965314228451373
98.83726342134862,10.035591530789407
98.57496759881201,10.096368176605317
98.63892948762826,10.3377700906609
98.70073856764085,10.573662115707952
98.76057927244362,10.804405149148751
98.81861238482547,11.030322330591547
98.874978950464,11.251704351187913
98.92980341294836,11.468813839989535
98.9831961488245,11.681889016170715
99.0354033646131,11.883202238487755
99.09072014624473,11.883202238487755
98.86945301971822,11.883202238487755
98.92407153705479,12.111485505260445
98.977194981346,12.335544854098151
99.02892841284987,12.555606419078327
99.07936575713529,12.77187684931758
99.12859133851549,12.984545581477539
99.17668115793897,13.193786782451859
99.22370396475061,13.399761018918765
99.26972216095258,13.602616699277693
99.3147925684155,13.802491324786327
99.12382336087393,13.999512579877035
99.1707966683467,13.999512579877035
99.21776997581948,13.999512579877035
99.26474328329225,13.976384361006943
99.31171659076502,13.847999337751453
99.35868989823778,13.718412864108222
99.40566320571057,13.58759056499331
99.45263651318334,13.45549639417515
99.4996098206561,13.32209251827301
99.54658312812889,13.18733919019265
99.35868989823777,13.080053091248097
99.40576877643946,12.971879695038297
99.45233692085849,12.862796615636306
99.49831100452657,12.752780509673283
99.54371091954863,12.641807018008963
99.58855553396565,12.529850702752153
99.63286276147694,12.416884979169959
99.67664962532274,12.302882041969454
99.72036384232675,12.187812785372625
99.7648977300992,12.071646716333706
99.58676217900945,12.071646716333706
99.63640474543247,11.98623110972538
99.68604731185549,11.884260747190833
99.7356898782785,11.78140784451048
99.78533244470152,11.677649082335254
99.83497501112453,11.57296009591486
99.88461757754754,11.467315408285847
99.93426014397056,11.36068835786733
99.98390271039358,11.253051019881434
100.0335452768166,11.14437412094223
99.83497501112454,11.14437412094223
99.88953118752089,11.14437412094223
99.94408736391723,11.076432599730358
99.99864354031358,10.969041148286756
100.05319971670993,10.860587842711215
100.10775589310627,10.751040548043955
100.1623120695026,10.640365475025934
100.21686824589895,10.528527058357332
100.2714244222953,10.415487823189133
100.32598059869164,10.301208238427167
100.10775589310627,10.301208238427167
100.16665101747527,10.301208238427167
100.22554614184426,10.301208238427167
100.28444126621326,10.215382385922911
100.34333639058227,10.076121187690976
100.40223151495125,9.93490810664326
100.46112663932026,9.791658694310016
100.52002176368924,9.646282231215707
100.57891688805825,9.498681054898034
100.63781201242725,9.348749792410201
100.40223151495128,9.348749792410201
100.46552108886546,9.348749792410201
100.52881066277963,9.348749792410201
100.59210023669382,9.348749792410201
100.655389810608,9.327004654987542
100.71867938452218,9.253318914279811
100.78196895843635,9.17904167245022
100.84525853235053,9.104158452036462
100.9085481062647,9.02865417518005
100.9718376801789,8.95251312817833
100.71867938452216,8.95251312817833
100.78885017827922,8.95251312817833
100.85902097203629,8.95251312817833
100.92919176579335,8.95251312817833
100.99936255955042,8.95251312817833
101.06953335330748,8.95251312817833
101.13970414706455,8.95251312817833
101.2098749408216,8.95251312817833
101.28004573457868,8.95251312817833
101.35021652833574,9.348749792410201
101.06953335330745,9.348749792410201
101.14342353027554,8.95251312817833
101.21731370724362,8.95251312817833
101.29120388421171,8.95251312817833
101.36509406117979,8.95251312817833
101.43898423814788,8.95251312817833
101.51287441511596,8.95251312817833
101.58676459208405,8.95251312817833
101.66065476905214,8.95251312817833
101.73454494602022,8.95251312817833
101.43898423814791,8.95251312817833
101.51206986083385,8.95251312817833
101.5851554835198,8.95251312817833
101.65824110620574,8.95251312817833
101.73132672889169,8.95251312817833
101.80441235157762,8.95251312817833
101.87749797426356,8.95251312817833
101.95058359694951,8.95251312817833
102.01455356990385,9.222944070404214
102.07615605544422,9.48566831284982
101.79978651848347,9.741309427228048
101.86558431478211,10.078121272896807
101.92826486036557,10.404035151104992
101.9881972246754,10.720045077313873
102.04568610428791,11.02700256161458
102.10098610684726,11.325643669481556
102.15431227303084,11.616609813636712
102.20584796596388,11.900463965597892
102.25575088104841,12.177703462915618
102.30415768947498,12.448770247093492
102.09260340969139,12.714059135426941
102.14353347319664,12.998538027819663
102.19285302753876,13.276922912415154
102.24069205931802,13.296173375014657
102.28716481302976,12.937555397011927
102.33237225667672,12.568709276733879
102.37640408211776,12.18870649886033
102.41934034160967,11.796468935561347
102.46125279712547,11.390732749914187
102.50220604088265,10.970000264916653
102.32742632574187,10.970000264916653
102.37048921659493,10.644752439493647
102.41355210744801,10.302881901096947
102.45661499830108,9.94927115108419
102.49967788915416,9.582620591865318
102.54274078000722,9.201371548714153
102.5858036708603,8.80362762429962
102.62886656171337,8.387042405829153
102.67192945256645,7.948654055059986
102.71499234341951,7.484632406261957
102.5427407800072,7.484632406261957
102.60276259956498,7.484632406261957
102.66278441912279,7.484632406261957
102.72280623868058,7.484632406261957
102.78282805823838,7.484632406261957
102.84284987779617,7.484632406261957
102.90287169735397,7.396017108559498
102.96289351691176,7.2011226385721026
103.02291533646957,7.000804628141432
103.08293715602736,6.794583403495562
102.84284987779614,6.794583403495562
102.93047466655352,6.794583403495562
103.0180994553109,6.794583403495562
103.10572424406828,6.794583403495562
103.19334903282568,6.794583403495562
103.28097382158306,6.794583403495562
103.36859861034044,6.794583403495562
103.45622339909782,6.794583403495562
103.5438481878552,6.794583403495562
103.63147297661259,7.484632406261957
103.28097382158305,7.484632406261957
103.37783078238763,6.794583403495562
103.47468774319222,6.794583403495562
103.57154470399682,6.794583403495562
103.66840166480141,6.794583403495562
103.765258625606,6.794583403495562
103.86211558641058,6.794583403495562
103.95897254721517,6.794583403495562
104.05582950801977,6.794583403495562
104.15268646882436,6.794583403495562
103.76525862560598,6.794583403495562
103.85771189705582,7.208091668188504
103.94292861586689,7.599132014050008
104.02226858459409,7.971011807600773
104.09672739727634,8.326298763968426
104.167057089995,8.667033689608767
104.2338405031444,8.994870474151618
104.30278345951102,9.117475484658298
104.37481162583728,9.117475484658298
104.44683979216356,9.117475484658298
104.15872712685847,9.117475484658298
104.22894206692543,9.495220465008588
104.29523788904359,9.858502124810377
104.3581552095829,10.208864609282637
104.41812580921074,10.547595416796966
104.47550027953851,10.875781422142005
104.53056739459355,11.194350093148865
104.58356801226435,11.5041004200135
104.63470526132394,11.805726531625558
104.68415214580106,12.099836007372184
104.4656446273989,12.386964271809024
104.5178187909467,12.678368159871603
104.56826344184039,12.963223153344961
104.61712460972346,13.241951889717456
104.66452985737423,13.514933413663735
104.7105912959317,13.782509223720378
104.75540800788815,14.044988281522706
104.79906801208058,14.302651193197816
104.841649870753,14.195757074848393
104.88322401417466,13.873275251246437
104.70535032687606,13.601041656288588
104.74906778324002,13.323246679220045
104.79278523960399,13.039534884902855
104.835313330052,12.74951128294136
104.87689221956414,12.452734876046287
104.9175770810277,12.14871078890061
104.9574182068999,11.83688057604708
104.99646157409778,11.516610165793194
105.03474932929795,11.187174694716342
105.07232020772676,10.847739192539255
104.91404035501601,10.847739192539255
104.95533645951251,10.847739192539255
104.996632564009,10.847739192539255
105.0379286685055,10.847739192539255
105.079224773002,10.847739192539255
105.12052087749849,10.847739192539255
105.16181698199499,10.847739192539255
105.20311308649148,10.847739192539255
105.24440919098798,10.847739192539255
105.28570529548448,11.472468344586755
105.12052087749849,11.472468344586755
105.18143187726697,10.847739192539255
105.24234287703547,10.847739192539255
105.30325387680395,10.847739192539255
105.36416487657245,10.847739192539255
105.42507587634093,10.847739192539255
105.48598687610941,10.847739192539255
105.5468978758779,10.847739192539255
105.60780887564638,10.847739192539255
105.66871987541488,10.847739192539255
105.4250758763409,10.847739192539255
105.48563225815003,10.847739192539255
105.54618863995915,10.847739192539255
105.60674502176829,10.847739192539255
105.66730140357743,10.847739192539255
105.72785778538656,10.847739192539255
105.78841416719568,10.847739192539255
105.84897054900482,10.847739192539255
105.90952693081395,10.847739192539255
105.97008331262307,10.847739192539255
105.72765978207417,10.990550023465419
105.78622484985469,11.285452073729905
105.84259428010648,11.572841794417371
105.89697651718029,11.853265621286496
105.94955051897442,12.127206792123701
106.00047111748943,12.39509512948933
106.04987321205071,12.657314958522957
106.09787508738965,12.914211576763325
106.14458106695399,13.16609658705141
106.19008365514351,13.41325232856393
105.99406171216143,13.655935585666937
106.04362937476947,13.655935585666937
106.09319703737751,13.655935585666937
106.14276469998555,13.655935585666937
106.19233236259359,13.655935585666937
106.24190002520163,13.655935585666937
106.29146768780967,13.655935585666937
106.3410353504177,13.655935585666937
106.39060301302574,13.655935585666937
106.44017067563378,13.655935585666937
106.24190002520163,13.655935585666937
106.28989129179573,13.655935585666937
106.33674189543437,13.920113544300131
106.38231394963994,14.179370418059165
106.4266974384143,14.433971380699585
106.4699727777848,14.6841586134575
106.5122121387832,14.636940731688993
106.55348054898535,14.4461636169231
106.5938368156255,14.252833139795367
106.63333430386832,14.05684394787057
106.46562106534235,14.027718990809424
106.50593604657146,13.99853343730854
106.54577918141713,13.969286907561715
106.58516495637411,13.939979017778507
106.6241071737613,13.910609380125477
106.66261899449566,13.881177602666309
106.70071297757266,13.851683289300787
106.73840111655265,13.822126039702596
106.77569487332103,13.792505449255927
106.81260520936283,13.762821108990856
106.66087524939003,13.762821108990856
106.70758955885766,13.762821108990856
106.7543038683253,13.762821108990856
106.80101817779294,13.762821108990856
106.84773248726057,13.762821108990856
106.8944467967282,13.762821108990856
106.94116110619584,13.762821108990856
106.98787541566348,13.762821108990856
107.03458972513111,13.762821108990856
107.08130403459874,14.057913752651986
106.89444679672819,14.057913752651986
106.94235796362143,13.762821108990856
106.99026913051469,13.762821108990856
107.03818029740793,13.762821108990856
107.08609146430119,13.762821108990856
107.13400263119443,13.762821108990856
107.18191379808768,13.762821108990856
107.22982496498093,13.762821108990856
107.27773613187418,13.762821108990856
107.32564729876744,13.762821108990856
107.1340026311944,13.762821108990856
107.18140261527763,13.92653719004716
107.22798358201634,14.088350908940656
107.27378236782192,14.248327079384842
107.3188332787093,14.406526916256178
107.36316831882729,14.563008309291597
107.40681739373619,14.71782607059135
107.44980849170452,14.871032158927664
107.49216784581328,15.022675883461744
107.53392007925318,15.172804089133473
107.36030076637873,15.321461325699575
107.40317040178923,15.476769650339037
107.44540586224275,15.630534874546145
107.48703165147164,15.782802099727126
107.52807082255887,15.933614272157422
107.56854509118963,16.083012324457332
107.60847493805396,16.23103530534618
107.64787970162249,16.377720498840546
107.68677766235979,16.523103533927564
107.72518611930536,16.667218485627327
107.56627109513843,16.81009796825661
107.60494454367576,16.958911494068634
107.64311664219596,17.1064304992281
107.6808044097885,17.252688190139807
107.71802397825742,17.39771637737142
107.7547906532604,17.541545556441882
107.79111897026709,17.68420498269555
107.82702274585438,17.825722740782837
107.86251512479626,17.9661258092147
107.89760862335507,18.105440120411288
107.75296065738705,18.24369061662324
107.78903304873857,18.24369061662324
107.82510544009011,18.24369061662324
107.86117783144164,18.24369061662324
107.89725022279318,18.24369061662324
107.9333226141447,18.24369061662324
107.96939500549624,18.24369061662324
108.00546739684776,18.24369061662324
108.0415397881993,18.24369061662324
108.07761217955083,18.24369061662324
107.93332261414467,18.24369061662324
107.96935379486483,18.24369061662324
108.00538497558497,18.24369061662324
108.04141615630513,18.24369061662324
108.07744733702529,18.24369061662324
108.11305375408769,18.3222195076304
108.14843492739278,18.40041325776454
108.18359463889672,18.478276121631104
108.21853657201414,18.555812264570026
108.253264315043,18.63302576525596
108.11211474163133,18.709920618201927
108.14726586912408,18.750698080630485
108.18230276553942,18.79138705584295
108.21722641625645,18.831988117403966
108.2520377934314,18.87250183270852
108.286737856235,18.912928763074444
108.32132755108472,18.95326946383317
108.35580781187161,18.993524484418714
108.3901795601824,19.033694368454995
108.4244437055164,19.07377965384149
108.286277928857,19.11378087283727
108.32066819999825,19.138951884887152
108.35499078320947,19.164089836180874
108.38924603277049,19.189194856647756
108.42343430007148,19.214267075368298
108.45755593364463,19.23930662058193
108.49161127919524,19.264313619694665
108.52560067963256,19.28928819928664
108.5595244751,19.31423048511963
108.59338300300512,19.339140602144397
108.45727971995763,19.364018674508024
108.49126021709688,19.364018674508024
108.52524071423613,19.364018674508024
108.55922121137537,19.364018674508024
108.59320170851463,19.364018674508024
108.62718220565388,19.364018674508024
108.66116270279313,19.364018674508024
108.69514319993239,19.364018674508024
108.72912369707164,19.364018674508024
108.76310419421088,19.364018674508024
108.6271822056539,19.364018674508024
108.66116723081035,19.415063614757305
108.6950188423603,19.465974702116778
108.7287384292102,19.516752984085947
108.76232735779388,19.56739949457273
108.79578697255857,19.617915254139074
108.82911859643804,19.668301270240903
108.86232353131297,19.718558537462552
108.89540305845912,19.76868803774582
108.92835843898364,19.818690740613825
108.7952535748342,19.86856760338977
108.82827652955476,19.94685630098251
108.86110639362687,20.02483892503562
108.89374615307288,20.102519037553424
108.92619872233105,20.17990013198217
108.95846694654402,20.256985635043286
108.99055360375691,20.333778908504097
109.02246140702852,20.41028325088856
109.05419300646041,20.378422500523595
109.08575099114721,20.249801813498134
108.95771010128368,20.071338188197934
108.98949483018113,19.891273459587076
109.02108975023384,19.709563745124694
109.05249785870527,19.52616312034175
109.08384337019413,19.341023483292055
109.11528245355413,19.154094407210046
109.14672153691411,18.96532298009648
109.17816062027411,18.774653629785988
109.2095997036341,18.582027932857507
109.2410387869941,18.387384405525356
109.11528245355416,18.15516454186531
109.14666627866043,17.919935653005282
109.17805010376671,17.68157764662125
109.20943392887298,17.439962222984963
109.24081775397926,17.19495206753392
109.27220157908553,16.94639993834783
109.30358540419181,16.69414763131325
109.33496922929808,16.438024802321237
109.36635305440434,16.17784762158967
109.39773687951062,15.913417229904486
109.27220157908553,15.704944101548419
109.30364270711783,15.493666142411227
109.33508383515014,15.279467000921189
109.36652496318244,15.062222051609089
109.39796609121474,14.841797547188099
109.42940721924705,14.618049655527177
109.46084834727935,14.390823361823248
109.49228947531165,14.159951212166563
109.52373060334396,13.925251869559734
109.55517173137626,13.686528446995476
109.42940721924703,13.512493502071408
109.4657636640564,13.336187624528518
109.50212010886577,13.157519525721145
109.53847655367514,12.976391631838135
109.57483299848452,12.792699460862215
109.6111894432939,12.606330917798802
109.64754588810327,12.417165494675329
109.68390233291264,12.225073359095282
109.72025877772201,12.029914311763273
109.75661522253138,11.831536589195522
109.61118944329388,11.831536589195522
109.65813320613935,11.831536589195522
109.70507696898483,11.831536589195522
109.7520207318303,11.831536589195522
109.79896449467577,11.831536589195522
109.84590825752124,11.831536589195522
109.89285202036672,11.831536589195522
109.93979578321219,11.831536589195522
109.98673954605766,11.831536589195522
110.03368330890314,14.07398308490185
109.84590825752124,14.07398308490185
109.90141714318659,11.831536589195522
109.95692602885195,11.831536589195522
110.0124349145173,11.831536589195522
110.06794380018266,11.831536589195522
110.12345268584801,11.831536589195522
110.17896157151336,11.831536589195522
110.23447045717872,11.831536589195522
110.28997934284406,11.831536589195522
110.34548822850942,11.831536589195522
110.12345268584798,11.831536589195522
110.17881473047618,11.831536589195522
110.23417677510439,11.831536589195522
110.28953881973258,11.831536589195522
110.34490086436078,11.81077444935339
110.40026290898898,11.460564904865143
110.45562495361719,11.09931091481603
110.51098699824539,10.725896588578596
110.56634904287358,10.339004423734892
110.62171108750178,9.937060295637606
110.40026290898896,9.937060295637606
110.45508546303557,9.937060295637606
110.50818504194606,9.937060295637606
110.55969989381957,9.937060295637606
110.60975161847978,9.937060295637606
110.65844776087413,9.937060295637606
110.70588391765479,9.937060295637606
110.75214546256237,9.937060295637606
110.79730897046551,9.937060295637606
110.84144340107429,11.960321564493922
110.6531474310614,11.960321564493922
110.71933050907043,9.937060295637606
110.78551358707945,9.937060295637606
110.85169666508848,9.937060295637606
110.91787974309752,9.937060295637606
110.98406282110653,9.937060295637606
111.05024589911557,9.937060295637606
111.1164289771246,9.937060295637606
111.18261205513362,9.937060295637606
111.24879513314265,9.937060295637606
110.98406282110656,9.937060295637606
111.04903535040627,10.193846058327434
111.11165606038783,10.444320351397606
111.17214089507844,10.688926875246112
111.2306762086851,10.928059657876098
111.28742398347741,11.162070508101957
111.34252594413141,11.391275089715808
111.39610683711066,11.615957916216825
111.44827707045803,11.836376491691228
111.5010340319557,11.960321564493922
111.28093208256475,11.960321564493922
111.33501678334618,12.231538273616037
111.38736953925799,12.49687021424843
111.4381318333224,12.756684591405607
111.48742781473197,13.011311939133613
111.53536704416312,13.261051051491979
111.5820467154579,13.506173092445993
111.62755346904699,13.74692504584017
111.67196488391768,13.983532630518777
111.71535071415838,14.216202778576951
111.53006684221693,14.445125754193166
111.57560291646617,14.445125754193166
111.62113899071541,14.445125754193166
111.66667506496465,14.445125754193166
111.71221113921389,14.445125754193166
111.75774721346313,14.445125754193166
111.80328328771238,14.445125754193166
111.84881936196162,14.445125754193166
111.89435543621086,14.445125754193166
111.93989151046011,14.445125754193166
111.75774721346313,14.445125754193166
111.80326392602315,14.445125754193166
111.8478113607561,14.69504166493368
111.89126463311337,14.940777791461157
111.93369327954268,15.182537090140798
111.97516013852422,15.420506605594484
112.0157221921145,15.654859164261595
112.05543127912973,15.88575484302044
112.09433470275201,16.113342248342814
112.13247575076572,16.337759635026817
111.97136487159746,16.55913588843312
112.010728556676,16.75599214066866
112.04941249534919,16.95056234656261
112.08744724201279,17.142924345375334
112.12486125341104,17.33315165680548
112.16168107797692,17.52131380931164
112.19793152426149,17.707476637029085
112.23363581116057,17.891702548876868
112.26881570224656,18.074050772974033
112.30349162617985,18.254577579078607
112.15930090461625,18.433336481417452
112.19501159067262,18.433336481417452
112.230722276729,18.433336481417452
112.26643296278537,18.433336481417452
112.30214364884175,18.433336481417452
112.33785433489813,18.433336481417452
112.3735650209545,18.433336481417452
112.40927570701088,18.433336481417452
112.44498639306725,18.433336481417452
112.48069707912363,18.433336481417452
112.33785433489813,18.433336481417452
112.37356345354324,18.433336481417452
112.40927257218836,18.433336481417452
112.44498169083347,18.433336481417452
112.48069080947859,18.433336481417452
112.51639992812369,18.433336481417452
112.55123379168882,18.573371449253823
112.58568631544829,18.712358487020243
112.61976856434863,18.850320774500364
112.65349110717095,18.987280649328422
112.51475996665268,19.123259649211562
112.54899522385452,19.243552744553718
112.58291293938608,19.363098534420537
112.61652086550457,19.48191077576675
112.64982646240402,19.600002808576185
112.68283691282554,19.717387573343792
112.71555913576474,19.834077627626396
112.74799979934251,19.950085161722185
112.78016533289939,20.065422013534267
112.81206193836918,20.180099682669642
112.68163474368156,20.294129343821112
112.71394453528245,20.385740420470913
112.74603823038076,20.476941645614517
112.77791964696856,20.567738471328894
112.80959249858309,20.658136229874735
112.84106039811392,20.748140137350713
112.87232686143807,20.8377552972057
112.90339531089226,20.926986703615615
112.93479490335471,20.927960714101992
112.96623218564035,20.927960714101992
112.8404830564978,20.927960714101992
112.8719320269894,20.927960714101992
112.90338099748101,20.927960714101992
112.9348299679726,20.927960714101992
112.9662789384642,20.927960714101992
112.99772790895581,20.927960714101992
113.0291768794474,20.927960714101992
113.060625849939,20.927960714101992
113.09207482043061,20.927960714101992
113.1235237909222,20.927960714101992
112.99772790895578,20.927960714101992
113.02909094243581,20.927960714101992
113.06045397591585,20.927960714101992
113.09181700939588,20.927960714101992
113.12318004287593,20.927960714101992
113.15454307635596,20.927960714101992
113.185906109836,20.927960714101992
113.21726914331603,20.927960714101992
113.24863217679606,20.927960714101992
113.2799952102761,20.927960714101992
113.15454307635595,20.927960714101992
113.18605226684768,20.927960714101992
113.21756145733941,20.927960714101992
113.24907064783115,20.927960714101992
113.28057983832288,20.927960714101992
113.31208902881463,20.927960714101992
113.34359821930636,20.927960714101992
113.37510740979809,20.927960714101992
113.40661660028982,20.927960714101992
113.43812579078156,20.927960714101992
113.31208902881461,20.927960714101992
113.3434727523538,20.927960714101992
113.37485647589301,20.927960714101992
113.4062401994322,20.927960714101992
113.43762392297141,20.927960714101992
113.4690076465106,20.927960714101992
113.50039137004981,20.927960714101992
113.531775093589,20.927960714101992
113.56315881712821,20.927960714101992
113.5945425406674,20.927960714101992
113.46900764651058,20.927960714101992
113.50051183469436,20.927960714101992
113.53201602287814,20.927960714101992
113.56352021106193,20.927960714101992
113.5950243992457,20.927960714101992
113.62652858742949,20.927960714101992
113.65803277561328,20.927960714101992
113.68953696379705,20.927960714101992
113.72104115198084,20.927960714101992
113.75254534016462,20.927960714101992
113.62652858742952,20.927960714101992
113.65796068667309,20.927960714101992
113.68939278591667,20.927960714101992
113.72082488516025,20.927960714101992
113.75225698440383,20.927960714101992
113.7836890836474,20.927960714101992
113.81512118289098,20.927960714101992
113.84655328213455,20.927960714101992
113.87798538137814,20.927960714101992
113.90941748062171,20.927960714101992
113.78368908364739,20.927960714101992
113.81511206891629,20.927960714101992
113.84653505418521,20.927960714101992
113.87795803945411,20.927960714101992
113.90938102472303,20.927960714101992
113.94080400999194,20.927960714101992
113.97222699526085,20.927960714101992
114.00364998052976,20.927960714101992
114.03507296579868,20.927960714101992
114.06649595106758,20.927960714101992
113.94080400999191,20.927960714101992
113.97223457873646,20.927960714101992
114.00366514748103,20.927960714101992
114.03509571622558,20.927960714101992
114.06652628497014,20.927960714101992
114.0979568537147,20.927960714101992
114.12938742245926,20.927960714101992
114.16081799120381,20.927960714101992
114.19224855994838,20.927960714101992
114.22367912869294,20.927960714101992
114.09795685371468,20.927960714101992
114.12947660114209,20.927960714101992
114.1609963485695,20.927960714101992
114.1925160959969,20.927960714101992
114.2240358434243,20.927960714101992
114.25555559085171,20.927960714101992
114.28707533827912,20.927960714101992
114.31859508570652,20.927960714101992
114.35011483313393,20.927960714101992
114.38163458056134,20.927960714101992
114.25555559085173,20.927960714101992
114.28683344974677,20.927960714101992
114.3181113086418,20.927960714101992
114.34938916753683,20.927960714101992
114.38066702643187,20.927960714101992
114.4119448853269,20.927960714101992
114.44322274422194,20.927960714101992
114.47450060311698,20.90114958692118
114.50577846201202,20.79313517691604
114.53705632090704,20.684556725154902
114.41194488532692,20.52142517301533
114.44351593089901,20.356986401409802
114.4750869764711,20.19120847207269
114.5066580220432,20.0240581246214
114.53822906761529,19.855500698640988
114.56980011318738,19.685500049763764
114.60137115875948,19.514018459168412
114.63294220433157,19.34101653585669
114.66451324990366,19.16645311099052
114.69608429547576,18.99028512348655
114.56980011318738,18.773399551491003
114.6012567766338,18.55397888239961
114.63271344008022,18.33193208631154
114.66417010352664,18.10716255148074
114.69562676697306,17.879567593047504
114.72708343041948,17.649037904740375
114.75854009386589,17.41545694524179
114.78999675731231,17.178700249441995
114.82145342075873,16.93863465302875
114.85291008420515,16.69511741669984
114.72708343041948,16.47777094721762
114.75849213829382,16.2575190364503
114.78990084616814,16.034241954396183
114.82130955404247,15.80781151468139
114.8527182619168,15.578090213991839
114.88412696979113,15.34493025552228
114.91553567766546,15.108172436744884
114.9469443855398,14.867644877719961
114.97835309341411,14.623161561084093
115.00976180128845,14.374520648464843
114.88412696979115,14.207429594520395
114.91729792234032,14.038349884988826
114.95046887488948,13.867208778390754
114.98363982743865,13.693928987459714
115.01681077998782,13.518428271204506
115.04998173253699,13.340618978661114
115.08315268508615,13.160407537151915
115.11632363763532,12.977693876572863
115.14949459018449,12.792370779654123
115.18266554273366,12.604323146216954
115.049981732537,12.58294089896696
115.09389476337905,12.522401799640146
115.1378077942211,12.46156860095735
115.18172082506315,12.400436974603009
115.2256338559052,12.339002485040545
115.26954688674725,12.277260585756583
115.3134599175893,12.215206615334322
115.35737294843135,12.152835793346453
115.4012859792734,12.090143216057369
115.44519901011545,12.027123851923756
115.26954688674725,12.027123851923756
115.3220524824289,12.027123851923756
115.37455807811057,12.027123851923756
115.42706367379222,12.027123851923756
115.47956926947387,12.027123851923756
115.53207486515554,12.027123851923756
115.58458046083719,12.027123851923756
115.63708605651884,12.027123851923756
115.6895916522005,12.027123851923756
115.74209724788216,12.445914517030271
115.53207486515551,12.445914517030271
115.58662435329016,12.027123851923756
115.64117384142482,12.027123851923756
115.69572332955947,12.027123851923756
115.75027281769412,12.027123851923756
115.8048223058288,12.027123851923756
115.85937179396345,12.027123851923756
115.9139212820981,12.027123851923756
115.96847077023276,12.027123851923756
116.02302025836741,12.027123851923756
115.80482230582878,12.027123851923756
115.85931105873063,12.027123851923756
115.91379981163246,12.027123851923756
115.9682885645343,12.027123851923756
116.02277731743615,12.027123851923756
116.077266070338,12.027123851923756
116.13175482323983,12.027123851923756
116.18624357614168,12.027123851923756
116.24073232904352,12.027123851923756
116.29522108194537,12.027123851923756
116.07726607033801,12.027123851923756
116.13113803675564,12.173297677376086
116.18405960834225,12.317736989175676
116.23607440622415,12.460502105734076
116.28722299508362,12.601649928461748
116.33754316460237,12.741234206779053
116.38707017920959,12.87930577727283
116.43752850635293,12.891880434164799
116.48824452808022,12.891880434164799
116.53896054980751,12.891880434164799
116.33609646289833,12.891880434164799
116.38655876781725,12.988917112993258
116.43646287490827,13.085234212944645
116.48582499579318,13.180847508678076
116.53466061720732,13.275772206784545
116.5835804729188,13.305207058291
116.63275101410555,13.305207058291
116.68192155529232,13.305207058291
116.73109209647907,13.305207058291
116.78026263766583,13.305207058291
116.58358047291878,13.305207058291
116.62987650317791,13.305207058291
116.67617253343704,13.305207058291
116.72246856369617,13.305207058291
116.7687645939553,13.289981690710952
116.81506062421442,12.957434820201435
116.86135665447354,12.616125431371742
116.90765268473267,12.265322037371913
116.9539487149918,11.904185333771368
117.00024474525092,11.531744544565388
116.81506062421442,11.531744544565388
116.86440992365502,11.505371948964436
116.91252785363507,11.38055719519484
116.95927022885647,11.254358287445106
117.00473830469438,11.126728128756794
117.04902209285864,10.997616889142437
117.09220198265672,10.866971778257009
117.13435007965067,10.734736793164403
117.17553131880412,10.600852437780693
117.21580439621194,10.465255410007162
117.04438172848278,10.465255410007162
117.10126649050652,10.465255410007162
117.15815125253026,10.465255410007162
117.215036014554,10.465255410007162
117.27192077657774,10.465255410007162
117.32880553860149,10.465255410007162
117.38569030062523,10.465255410007162
117.44257506264897,10.465255410007162
117.49945982467271,10.465255410007162
117.55634458669645,11.302303264866804
117.32880553860149,11.302303264866804
117.3917233429196,10.465255410007162
117.45464114723772,10.465255410007162
117.51755895155584,10.465255410007162
117.58047675587395,10.465255410007162
117.64339456019206,10.465255410007162
117.70631236451018,10.465255410007162
117.7692301688283,10.465255410007162
117.83214797314642,10.465255410007162
117.89506577746454,10.465255410007162
117.64339456019208,10.465255410007162
117.70627584615191,10.465255410007162
117.76915713211173,10.465255410007162
117.83203841807156,10.465255410007162
117.8949197040314,10.465255410007162
117.95780098999121,10.465255410007162
118.02068227595105,10.465255410007162
118.08356356191088,10.465255410007162
118.1464448478707,10.465255410007162
118.20451446347677,10.636530956975399
117.95679633526144,10.805091892284295
118.01683714351738,10.993275051295358
118.07538098281823,11.178290652249032
118.1325239876698,11.36029345830834
118.18835295336912,11.539426026090222
118.24294651820256,11.715820012458945
118.29637616409083,11.889597306766056
118.35039733109141,11.954919175736666
118.4053712127565,11.954919175736666
118.46034509442161,11.954919175736666
118.24044956776119,11.954919175736666
118.29516735082026,12.065714496895739
118.34914335149863,12.175501638240773
118.4024038805834,12.284307630672862
118.45497381670684,12.392158318356461
118.5077010544055,12.421358030182592
118.56072988110458,12.421358030182592
118.61375870780364,12.421358030182592
118.6667875345027,12.421358030182592
118.71981636120178,12.421358030182592
118.50770105440547,12.421358030182592
118.56003781225401,12.60207625883366
118.61127626743568,12.78023930734227
118.66147610805581,12.955952588382448
118.7106920910648,13.129314460088588
118.75897457552367,13.300416869834146
118.80636998560485,13.469345924388689
118.85292121414068,13.63618239648926
118.89866797564268,13.801002176284193
118.94364711619298,13.963876674809129
118.75526115023837,13.976422593452408
118.80241931475976,13.976422593452408
118.84957747928117,13.976422593452408
118.89673564380256,13.976422593452408
118.94389380832396,13.976422593452408
118.99105197284536,13.976422593452408
119.03821013736675,13.976422593452408
119.08536830188815,13.976422593452408
119.13252646640954,13.976422593452408
119.17968463093095,13.976422593452408
118.99105197284533,13.976422593452408
119.03816236844,13.976422593452408
119.0842023974803,14.234683790421592
119.1290390694747,14.488342096865862
119.17275361149456,14.73763518405649
119.21541895590902,14.982780947503171
119.25710084328526,15.2239797366979
119.29785874755639,15.46141627167164
119.33774665673417,15.695261298507802
119.37681373540335,15.925673025996769
119.21129042315812,16.152798377788454
119.2516002906022,16.36143062547193
119.2911559335057,16.567435794074356
119.32999401256991,16.770910692905787
119.3681484718106,16.971946327633347
119.40565080278606,17.17062837600047
119.44253027743282,17.367037614554704
119.47881415387553,17.561250302413075
119.51452785888571,17.75333852723619
119.54969515009573,17.94337051786242
119.40304572526156,18.13141092744687
119.43934844846248,18.13141092744687
119.47565117166342,18.13141092744687
119.51195389486433,18.12175141007268
119.54825661806525,17.894598781546303
119.58455934126617,17.664525381016208
119.6208620644671,17.431415556994022
119.65716478766802,17.19514581806914
119.69346751086894,16.955584068049912
119.72977023406986,16.71258874240479
119.58455934126616,16.527210485020255
119.62083221341038,16.33972920092532
119.6571050855546,16.15007165008811
119.69337795769883,15.958160240027288
119.72965082984305,15.763912654851774
119.76510961225037,15.567241442632154
119.8001476838869,15.368053555236335
119.83477824123425,15.166249833759837
119.8690138421741,14.961724431476085
119.90286644694687,14.75436416477635
119.76335332087925,14.75436416477635
119.79829621172223,14.75436416477635
119.83323910256522,14.75436416477635
119.8681819934082,14.75436416477635
119.90312488425117,14.75316748367169
119.93806777509415,14.744107851943905
119.97301066593714,14.735042650031255
120.00795355678012,14.725971867646846
120.04289644762311,14.716895494472078
120.07783933846609,14.707813520156515
119.93806777509417,14.707813520156515
119.98264298975332,14.707813520156515
120.02721820441246,14.707813520156515
120.07179341907161,14.707813520156515
120.11636863373076,14.707813520156515
120.1609438483899,14.707813520156515
120.20551906304905,14.707813520156515
120.2500942777082,14.707813520156515
120.29466949236735,14.707813520156515
120.3392447070265,14.75436416477635
120.1609438483899,14.75436416477635
120.20567441347839,14.707813520156515
120.25040497856688,14.707813520156515
120.29513554365536,14.707813520156515
120.33986610874385,14.707813520156515
120.38459667383233,14.707813520156515
120.42932723892082,14.707813520156515
120.4740578040093,14.707813520156515
120.51878836909778,14.707813520156515
120.56351893418626,14.707813520156515
120.38459667383233,14.707813520156515
120.42934991141911,14.707813520156515
120.47410314900588,14.707813520156515
120.51885638659266,14.707813520156515
120.56360962417942,14.707813520156515
120.6083628617662,14.707813520156515
120.65311609935297,14.707813520156515
120.69786933693975,14.707813520156515
120.74262257452652,14.707813520156515
120.7873758121133,14.707813520156515
120.60836286176621,14.707813520156515
120.65304395321712,14.707813520156515
120.69772504466802,14.707813520156515
120.74112603694533,14.952313629002438
120.78350930210549,15.192879489300417
120.82493691836787,15.429695119890042
120.86546520879003,15.662930626454036
120.90514543853745,15.892743631150195
120.94402440944512,16.11928051873961
120.98214496949785,16.342677527203783
120.82116490440525,16.563061705932416
120.86053125123763,16.752900554774467
120.89924145066149,16.94061217671311
120.93732399408962,17.126266517996218
120.97480548193457,17.30992977366102
121.01171078874118,17.49166466328217
121.04806321066347,17.671530681193182
121.08388459750027,17.849584324011296
121.11919547118814,18.025879297932395
121.15401513238278,18.200466707951904
121.00940003985434,18.373395230901213
121.04515642771403,18.373395230901213
121.08091281557373,18.373395230901213
121.1166692034334,18.373395230901213
121.1524255912931,18.373395230901213
121.18818197915279,18.373395230901213
121.22393836701248,18.373395230901213
121.25969475487217,18.373395230901213
121.29545114273185,18.373395230901213
121.33120753059154,18.373395230901213
121.1881819791528,18.373395230901213
121.22398989707887,18.373395230901213
121.25979781500494,18.373395230901213
121.29560573293101,18.373395230901213
121.33141365085707,18.373395230901213
121.3664672453796,18.51517751818604
121.40112970827433,18.655882309582147
121.43541258324686,18.795533803752914
121.46932688800419,18.93415530693294
121.5028831460466,19.071769278336376
121.36483479959881,19.208397372637144
121.39901572780421,19.32678143875063
121.43288592575409,19.44444475775377
121.46645283041093,19.56140033569786
121.49972360398931,19.67766079211507
121.53270514743666,19.793238375911226
121.5654041130964,19.908144980428165
121.59782691661279,20.022392157728042
121.62997974813105,20.135991132148217
121.66186858284195,20.248952813171694
121.53152658775974,20.3612878076549
121.56373170541492,20.451259490501126
121.59572592434719,20.540837088820616
121.62751289362336,20.630025736075194
121.65909616452431,20.718830455235185
121.69047919403658,20.80725616208051
121.72166534818935,20.895307668376017
121.75294646227952,20.927960714101992
121.78438335392595,20.927960714101992
121.81582024557237,20.927960714101992
121.69007267898667,20.927960714101992
121.72141336184507,20.927960714101992
121.75275404470348,20.927960714101992
121.78409472756188,20.927960714101992
121.81543541042029,20.927960714101992
121.84677609327869,20.927960714101992
121.87811677613709,20.927960714101992
121.9094574589955,20.927960714101992
121.9407981418539,20.927960714101992
121.9721388247123,20.927960714101992
121.84677609327866,20.927960714101992
121.87815255732724,20.927960714101992
121.90952902137583,20.927960714101992
121.94090548542441,20.927960714101992
121.97228194947299,20.927960714101992
122.00365841352158,20.927960714101992
122.03503487757015,20.927960714101992
122.06641134161873,20.927960714101992
122.09778780566732,20.927960714101992
122.1291642697159,20.927960714101992
122.00365841352155,20.927960714101992
122.0350923073924,20.927960714101992
122.06652620126326,20.927960714101992
122.09796009513411,20.927960714101992
122.12939398900497,20.927960714101992
122.16082788287582,20.927960714101992
122.19226177674668,20.927960714101992
122.22369567061753,20.927960714101992
122.2551295644884,20.927960714101992
122.28656345835925,20.927960714101992
122.16082788287582,20.927960714101992
122.19229398930611,20.927960714101992
122.22376009573641,20.927960714101992
122.2552262021667,20.927960714101992
122.28669230859698,20.927960714101992
122.31815841502727,20.927960714101992
122.34962452145757,20.927960714101992
122.38109062788786,20.927960714101992
122.41255673431814,20.927960714101992
122.44402284074843,20.927960714101992
122.31815841502726,20.927960714101992
122.34999619591571,20.927960714101992
122.38183397680416,20.927960714101992
122.41367175769261,20.927960714101992
122.44550953858105,20.927960714101992
122.4773473194695,20.927960714101992
122.50918510035795,20.927960714101992
122.5410228812464,20.927960714101992
122.57286066213486,20.927960714101992
122.60469844302331,20.927960714101992
122.47734731946952,20.927960714101992
122.50847150584005,20.927960714101992
122.5395956922106,20.927960714101992
122.57071987858113,20.927960714101992
122.60184406495166,20.927960714101992
122.63296825132221,20.927960714101992
122.66409243769274,20.927960714101992
122.69521662406328,20.927960714101992
122.72634081043383,20.927960714101992
122.75746499680436,20.927960714101992
122.63296825132218,20.927960714101992
122.66429686677259,20.927960714101992
122.695625482223,20.927960714101992
122.7269540976734,20.927960714101992
122.75828271312382,20.927960714101992
122.78961132857422,20.927960714101992
122.82093994402463,20.927960714101992
122.85226855947504,20.927960714101992
122.88359717492544,20.927960714101992
122.91492579037585,20.927960714101992
122.78961132857421,20.927960714101992
122.82108353782922,20.927960714101992
122.85255574708425,20.927960714101992
122.88402795633927,20.927960714101992
122.9155001655943,20.927960714101992
122.94697237484931,20.927960714101992
122.97844458410432,20.927960714101992
123.00991679335935,20.927960714101992
123.04138900261437,20.927960714101992
123.07286121186938,20.927960714101992
122.94697237484928,20.927960714101992
122.9785121776471,20.927960714101992
123.01005198044493,20.927960714101992
123.04159178324275,20.927960714101992
123.07313158604057,20.927960714101992
123.1046713888384,20.927960714101992
123.13621119163622,20.927960714101992
123.16775099443404,20.927960714101992
123.19929079723187,20.927960714101992
123.23083060002968,20.849608304831815
123.1046713888384,20.696293752170803
123.1358043633335,20.541834963979642
123.16693733782863,20.386205931918987
123.19807031232374,20.229379647182494
123.22920328681886,20.071328045773996
123.26033626131397,19.912021949875058
123.29146923580907,19.751431004956032
123.3226022103042,19.589523612246694
123.3537351847993,19.42626685614102
123.38486815929443,19.2616264260637
123.26033626131394,19.04804816267399
123.29233205985952,18.832047818489112
123.3243278584051,18.613541072782823
123.35632365695068,18.392438595751397
123.38831945549626,18.168645621751725
123.42031525404184,17.94206147462188
123.45231105258742,17.71257903833948
123.484306851133,17.48008416512162
123.5163026496786,17.244455011685588
123.54829844822417,17.00556129271718
123.42031525404184,16.74114168415075
123.4514834978466,16.4724781043187
123.48265174165135,16.199359398004233
123.51381998545611,15.92155629686235
123.54498822926085,15.63881916650379
123.57615647306561,15.350875379959783
123.60732471687037,15.057426238886396
123.63849296067512,14.75814334352237
123.66966120447988,14.4526642857434
123.70082944828464,14.140587504232343
123.57615647306562,13.802703679213288
123.60763272917046,13.456338385589305
123.6391089852753,13.100818930082209
123.67058524138014,12.73537869598374
123.70206149748498,12.359137689233528
123.73353775358981,11.971077575253984
123.76501400969465,11.570009170439969
123.79649026579949,11.154529398203275
123.82796652190432,10.722963209239191
123.85944277800915,10.273283500323226
123.73353775358981,10.273283500323226
123.76488962235351,10.273283500323226
123.7962414911172,10.23814877919015
123.82759335988091,9.981473494779015
123.8589452286446,9.71802118896225
123.8902970974083,9.447224911647998
123.92164896617199,9.168433957519996
123.9530008349357,8.880895446718705
123.98435270369939,8.583730345117575
124.01570457246308,8.275901723669483
123.89029709740828,8.275901723669483
123.95437318844537,8.275901723669483
124.01844927948248,8.275901723669483
124.08252537051958,8.275901723669483
124.14660146155667,8.275901723669483
124.21067755259378,8.275901723669483
124.27475364363087,8.275901723669483
124.33882973466798,8.275901723669483
124.40290582570508,8.275901723669483
124.46698191674217,9.345732912366733
124.21067755259375,9.345732912366733
124.29024046569961,8.275901723669483
124.36980337880547,8.275901723669483
124.44936629191133,8.275901723669483
124.52892920501719,8.275901723669483
124.60849211812305,8.275901723669483
124.68805503122891,8.275901723669483
124.76761794433477,8.275901723669483
124.84718085744063,8.275901723669483
124.9267437705465,8.275901723669483
124.60849211812305,8.275901723669483
124.68834722260468,8.275901723669483
124.7682023270863,8.275901723669483
124.84805743156791,8.275901723669483
124.92791253604953,8.275901723669483
125.00776764053116,8.275901723669483
125.08762274501278,8.275901723669483
125.16747784949439,8.275901723669483
125.23701779368444,8.535079807537079
125.30391104632993,8.786616260098016
125.00254054571313,9.0311496102883
125.07341419937184,9.2828732417078
125.14153501667576,9.527948780289432
125.2071732663092,9.76687669104218
125.27055974149998,10.000097631334766
125.33189315940893,10.228002003051786
125.39189482767468,10.42044173053959
125.45460047622761,10.42044173053959
125.51730612478055,10.42044173053959
125.5800117733335,10.42044173053959
125.32918917912171,10.42044173053959
125.39160049864881,10.628637381628232
125.45223859599284,10.832832469890743
125.51123262345443,11.033249115799629
125.56869756382346,11.230089615932163
125.62473624804196,11.423538834898821
125.67944102558437,11.613766238521233
125.73404838387775,11.731819391905168
125.79031270523654,11.731819391905168
125.84657702659536,11.731819391905168
125.62151974116017,11.731819391905168
125.67670393412959,11.990861477867949
125.73016477880363,12.244424515613337
125.7820397138943,12.492842128822739
125.832449723828,12.736415398094694
125.88150188753522,12.975417138957768
125.92929145138591,13.210095482890893
125.97590352897315,13.44067689531408
126.02141450551854,13.667368735106445
126.06589320641721,13.89036143800803
125.87619111705236,14.109830389329131
125.92275333015913,14.109830389329131
125.96931554326588,14.109830389329131
126.01587775637265,14.109830389329131
126.06243996947941,14.109830389329131
126.10900218258617,14.109830389329131
126.15556439569293,14.109830389329131
126.2021266087997,14.109830389329131
126.24868882190647,14.109830389329131
126.29525103501322,14.109830389329131
126.1090021825862,14.109830389329131
126.15572514476078,14.109830389329131
126.20140128594588,14.366876520093903
126.24589947808366,14.619403827503199
126.28929820730296,14.867642570347352
126.33166804510127,15.111804092417108
126.37307268796052,15.352082928892225
126.41356983139761,15.588658620406495
126.45321190909485,15.821697282894885
126.49204672134434,16.051352972243585
126.32761691788431,16.27776887560278
126.36766293905981,16.48299218836435
126.40697697583096,16.685691576791704
126.44559380694976,16.88595793284927
126.48354569057867,17.083876820677812
126.52086260418199,17.279528903828083
126.55757245651483,17.47299032943038
126.59370127551061,17.66433307448954
126.62927337527886,17.85362525877147
126.66431150493705,18.040931428138073
126.51832399152445,18.226312811671963
126.55443129600951,18.226312811671963
126.59053860049457,18.226312811671963
126.62664590497963,18.226312811671963
126.66275320946468,18.226312811671963
126.69886051394974,18.226312811671963
126.73496781843478,18.226312811671963
126.77107512291984,18.226312811671963
126.8071824274049,18.226312811671963
126.84328973188995,18.226312811671963
126.69886051394974,18.226312811671963
126.73496385798677,18.226312811671963
126.7710672020238,18.226312811671963
126.80717054606083,18.226312811671963
126.84327389009786,18.226312811671963
126.87858637613962,18.372608463085463
126.91348962224538,18.517748371947427
126.94799616926805,18.661759504282642
126.98211796500233,18.804667793518863
127.01586640136802,18.946498195010275
126.87687812268794,19.08727473691437
126.91122628111248,19.20870003927036
126.94525230770044,19.329362573941253
126.97896415308189,19.44927653747297
127.0123694651037,19.568455691426244
127.04547560413825,19.686913380810307
127.07828965743604,19.804662551524164
127.11081845259325,19.921715766870065
127.14306857019845,20.038085223198724
127.17504635571788,20.153782764741482
127.04425731615412,20.26881989768044
127.07657916534555,20.360964777333123
127.10868332513522,20.45269452377837
127.1405736683097,20.54401469776994
127.1722539609741,20.63493073701438
127.20372786646689,20.725447959949488
127.23499894909638,20.815571569374885
127.26607067770911,20.90530665594173
127.29734557907234,20.927960714101992
127.32875612237952,20.927960714101992
127.2031139491508,20.927960714101992
127.23455897466445,20.927960714101992
127.26600400017811,20.927960714101992
127.29744902569176,20.927960714101992
127.32889405120541,20.913305487521427
127.36033907671907,20.789255445325306
127.39178410223272,20.66446073643302
127.42322912774637,20.538907787031324
127.45467415326003,20.41258260585294
127.48611917877368,20.285470765978392
127.36033907671904,20.171372885163677
127.39176186931587,20.056625936265274
127.42318466191269,19.941218714567604
127.45460745450951,19.82513968922221
127.48603024710633,19.708376989801216
127.51745303970316,19.590918392129513
127.54887583229997,19.47275130334773
127.5802986248968,19.3538627461544
127.61172141749361,19.23423934217144
127.64314421009044,19.113867294372636
127.51745303970318,19.113867294372636
127.54883284848853,19.113867294372636
127.58013131249905,19.113867294372636
127.61134899198993,19.113867294372636
127.6424864412083,19.113867294372636
127.6735442084796,19.113867294372636
127.70452283629223,19.113867294372636
127.73542286138087,19.113867294372636
127.76624481480818,19.113867294372636
127.7969892220452,21.03590407453453
127.67321443276217,21.025134676734325
127.70764893662326,19.113867294372636
127.74208344048435,19.113867294372636
127.77651794434543,19.113867294372636
127.81095244820652,19.113867294372636
127.84538695206761,19.113867294372636
127.8798214559287,19.113867294372636
127.91425595978978,19.113867294372636
127.94869046365088,19.113867294372636
127.98312496751197,19.113867294372636
127.84538695206763,19.113867294372636
127.87969509493585,19.211574117852994
127.91374381635065,19.30878652905537
127.94753829186209,19.405511958294255
127.98108353731841,19.501757651616238
128.01438441542345,19.597530677134902
128.04744564196108,19.692837931088416
128.08027179170608,19.787686143634527
128.11286730404095,19.88208188439674
128.14523648829507,19.97603156777462
128.0133851810939,20.069541458030358
128.04606180978553,20.16659815873856
128.0785045104586,20.263189982243063
128.11071770404973,20.210171115692642
128.14270568220076,20.04945652511101
128.17447261229313,19.887443208694673
128.20602254223977,19.724099163353323
128.2373594050476,19.55939104963482
128.2684870231647,19.39328411227129
128.2994091126232,19.2257420945464
128.17356788595666,19.01558903044463
128.20499863666728,18.803087333294997
128.23642938737788,18.588156453835637
128.2678601380885,18.370711130520345
128.29929088879913,18.150660994293755
128.33072163950973,17.927910129698034
128.36215239022036,17.70235658626506
128.39358314093096,17.47389183313307
128.42501389164158,17.24240014861003
128.4564446423522,17.007757934940745
128.3307216395098,16.797189715728845
128.36214310106996,16.58394810408046
128.39356456263016,16.367928613342645
128.42498602419033,16.149019767903187
128.4564074857505,15.927102430661233
128.48782894731067,15.70204904493111
128.51925040887087,15.473722777084673
128.55067187043105,15.241976543569276
128.58209333199122,15.006651902651805
128.6135147935514,14.767577787166386
128.48782894731065,14.656288320862442
128.52048043041125,14.544147310464359
128.5531319135119,14.431134904529388
128.5857833966125,14.317230468109578
128.61843487971313,14.202412538762701
128.65108636281374,14.086658779335956
128.68373784591438,13.969945927228263
128.716389329015,13.852249739804734
128.74904081211562,13.733544935600534
128.78169229521623,13.613805130910237
128.6510863628137,13.613805130910237
128.69468931543653,13.613805130910237
128.73829226805938,13.613805130910237
128.78189522068223,13.613805130910237
128.82549817330508,13.613805130910237
128.86910112592793,13.613805130910237
128.91270407855077,13.613805130910237
128.9563070311736,13.613805130910237
128.99990998379644,13.613805130910237
129.0435129364193,15.074306927272621
128.86910112592793,15.074306927272621
128.91750015088374,13.613805130910237
128.96589917583952,13.613805130910237
129.01429820079534,13.613805130910237
129.06269722575112,13.613805130910237
129.11109625070694,13.613805130910237
129.15949527566272,13.613805130910237
129.20789430061853,13.613805130910237
129.25629332557432,13.613805130910237
129.30469235053013,13.613805130910237
129.111096250707,13.613805130910237
129.15937741284816,13.613805130910237
129.20765857498935,13.613805130910237
129.25593973713052,13.613805130910237
129.3042208992717,13.613805130910237
129.35250206141288,13.613805130910237
129.40078322355404,13.613805130910237
129.44906438569524,13.613805130910237
129.4973455478364,13.613805130910237
129.54562670997757,13.613805130910237
129.35250206141282,13.613805130910237
129.40063129202852,13.613805130910237
129.44776685893993,13.842049153082126
129.49377864915485,14.066590182780095
129.53873604685512,14.287602807477155
129.58270193775547,14.50524831218593
129.62573350364778,14.71967605662966
129.66788289891838,14.931024674350393
129.7091978294551,15.139423121110129
129.74972205036224,15.344991595108407
129.5787842539222,15.547842347666489
129.62030331573095,15.767282797894492
129.66097617415488,15.983710832896962
129.70084752980233,16.197247209033883
129.7399584909503,16.408004824214434
129.77834695170978,16.616089415754004
129.81604792165362,16.821600180518512
129.8530938141867,17.024630327678445
129.8895146996989,17.225267572812818
129.92533852853387,17.423594580794315
129.77546970569313,17.619689363799047
129.81275260946128,17.7854838207472
129.8495225456525,17.94974696755772
129.8857979753585,18.112520466810647
129.9215963403518,18.273844125468557
129.95693413739852,18.433756008562355
129.9918269859155,18.59229254407578
130.02628968967352,18.749488619847284
130.06033629316292,18.905377673219594
130.09398013316647,19.059991774089436
129.95507620805165,19.213361701941803
129.98907433773138,19.213361701941803
130.0230724674111,19.213361701941803
130.05707059709084,19.213361701941803
130.09106872677057,19.213361701941803
130.1250668564503,19.213361701941803
130.15906498613003,19.213361701941803
130.19306311580976,19.213361701941803
130.2270612454895,19.213361701941803
130.26105937516922,19.213361701941803
130.1250668564503,19.213361701941803
130.15917872021964,19.213361701941803
130.19329058398898,19.213361701941803
130.22740244775832,19.213361701941803
130.26151431152766,19.213361701941803
130.295626175297,19.213361701941803
130.32906396795678,19.330869437384653
130.36220473867698,19.447667174259745
130.3950554881923,19.563767628868117
130.42762296172052,19.67918314239481
130.29435691760162,19.793925696220143
130.32728617142917,19.896976673057374
130.3599618987158,19.999496668388794
130.39238924846504,20.101493806421445
130.42457320796666,20.202976006279492
130.45651860955405,20.30395098917967
130.4882301370121,20.4044262852871
130.51971233165702,20.504409240268796
130.55096959810797,20.603907021560875
130.58200620976942,20.702926624364746
130.45554344075637,20.801474877386358
130.48688872496666,20.87981155787731
130.51810332439595,20.927960714101992
130.54934713208337,20.927960714101992
130.58059093977076,20.927960714101992
130.61183474745818,20.927960714101992
130.6430785551456,20.927960714101992
130.674322362833,20.927960714101992
130.70556617052043,20.927960714101992
130.73680997820784,20.927960714101992
130.6118347474582,20.927960714101992
130.64327077298714,20.927960714101992
130.67470679851607,20.927960714101992
130.706142824045,20.927960714101992
130.7375788495739,20.927960714101992
130.76901487510284,20.927960714101992
130.80045090063177,20.927960714101992
130.8318869261607,20.927960714101992
130.86332295168964,20.927960714101992
130.89475897721857,20.927960714101992
130.76901487510287,20.927960714101992
130.7994818283753,20.927960714101992
130.82994878164774,20.927960714101992
130.86041573492017,20.927960714101992
130.8908826881926,20.927960714101992
130.921349641465,20.927960714101992
130.95181659473747,20.927960714101992
130.9822835480099,20.927960714101992
131.0127505012823,20.927960714101992
131.04321745455474,20.927960714101992
130.92134964146499,20.927960714101992
130.95284722592618,20.927960714101992
130.98434481038734,20.927960714101992
131.01584239484853,20.927960714101992
131.04733997930973,20.927960714101992
131.07883756377092,20.927960714101992
131.11033514823208,20.927960714101992
131.14183273269327,20.927960714101992
131.17333031715447,20.927960714101992
131.20482790161566,20.927960714101992
131.07883756377095,20.927960714101992
131.11017403533157,20.927960714101992
131.14151050689222,20.927960714101992
131.17284697845284,20.927960714101992
131.20418345001346,20.927960714101992
131.2355199215741,20.927960714101992
131.26685639313473,20.927960714101992
131.29819286469535,20.927960714101992
131.329529336256,20.927960714101992
131.36086580781662,20.927960714101992
131.23551992157405,20.927960714101992
131.2664446364517,20.927960714101992
131.29736935132937,20.927960714101992
131.328294066207,20.927960714101992
131.35921878108465,20.927960714101992
131.39014349596232,20.927960714101992
131.42106821083996,20.927960714101992
131.45199292571763,20.927960714101992
131.48291764059528,20.927960714101992
131.51384235547292,20.927960714101992
131.39014349596226,20.927960714101992
131.42135065053048,20.927960714101992
131.4525578050987,20.927960714101992
131.48376495966693,20.927960714101992
131.51497211423512,20.927960714101992
131.54617926880334,20.927960714101992
131.57738642337156,20.927960714101992
131.60859357793979,20.927960714101992
131.639800732508,20.927960714101992
131.67100788707623,20.927960714101992
131.54617926880337,20.927960714101992
131.57746439537163,20.927960714101992
131.60874952193993,20.927960714101992
131.6400346485082,20.927960714101992
131.67131977507646,20.927960714101992
131.70260490164472,20.927960714101992
131.733890028213,20.927960714101992
131.76517515478128,20.927960714101992
131.79646028134954,20.927960714101992
131.8277454079178,20.927960714101992
131.7026049016447,20.927960714101992
131.73378370769262,20.927960714101992
131.76496251374058,20.927960714101992
131.79614131978852,20.927960714101992
131.82732012583645,20.927960714101992
131.85849893188438,20.927960714101992
131.88967773793235,20.927960714101992
131.92085654398028,20.927960714101992
131.9520353500282,20.927960714101992
131.98321415607617,20.927960714101992
131.85849893188436,20.927960714101992
131.88964677320422,20.927960714101992
131.92079461452408,20.927960714101992
131.95194245584392,20.927960714101992
131.98309029716378,20.927960714101992
132.01423813848365,20.927960714101992
132.0453859798035,20.927960714101992
132.07653382112338,20.927960714101992
132.1076816624432,20.927960714101992
132.13882950376308,20.927960714101992
132.01423813848368,20.927960714101992
132.04552738596783,20.927960714101992
132.07681663345198,20.927960714101992
132.10810588093614,20.927960714101992
132.1393951284203,20.927960714101992
132.17068437590444,20.927960714101992
132.2019736233886,20.927960714101992
132.23326287087275,20.927960714101992
132.2645521183569,20.927960714101992
132.29584136584106,20.927960714101992
132.17068437590444,20.927960714101992
132.20181209074696,20.927960714101992
132.23293980558947,20.927960714101992
132.26406752043195,20.927960714101992
132.29519523527446,20.927960714101992
132.32632295011697,20.927960714101992
132.3574506649595,20.927960714101992
132.38857837980197,20.927960714101992
132.41970609464448,20.927960714101992
132.450833809487,20.927960714101992
132.326322950117,20.927960714101992
132.35735483430085,20.927960714101992
132.3883867184847,20.927960714101992
132.41941860266854,20.927960714101992
132.45045048685242,20.927960714101992
132.48148237103626,20.927960714101992
132.5125142552201,20.927960714101992
132.54354613940396,20.927960714101992
132.5745780235878,20.927960714101992
132.60560990777165,20.927960714101992
132.48148237103624,20.927960714101992
132.5127790514029,20.927960714101992
132.54407573176957,20.927960714101992
132.57537241213623,20.927960714101992
132.60666909250287,20.927960714101992
132.63796577286953,20.927960714101992
132.6692624532362,20.927960714101992
132.70055913360287,20.927960714101992
132.73185581396953,20.927960714101992
132.7631524943362,20.927960714101992
132.63796577286956,20.927960714101992
132.6691673403859,20.927960714101992
132.70036890790226,20.927960714101992
132.7315704754186,20.927960714101992
132.76277204293496,20.927960714101992
132.7939736104513,20.927960714101992
132.82517517796768,20.927960714101992
132.85637674548403,20.927960714101992
132.88757831300038,20.927960714101992
132.91877988051672,20.927960714101992
132.7939736104513,20.927960714101992
132.82543165262587,20.927960714101992
132.85688969480043,20.927960714101992
132.88834773697496,20.927960714101992
132.91980577914953,20.927960714101992
132.9512638213241,20.927960714101992
132.98272186349865,20.927960714101992
133.01417990567322,20.927960714101992
133.04563794784778,20.927960714101992
133.07709599002231,20.927960714101992
132.95126382132412,20.927960714101992
132.98219888194615,20.927960714101992
133.01313394256815,20.927960714101992
133.04406900319017,20.927960714101992
133.0750040638122,20.927960714101992
133.10593912443423,20.927960714101992
133.13687418505623,20.927960714101992
133.16780924567826,20.927960714101992
133.19874430630028,20.927960714101992
133.22967936692228,20.927960714101992
133.10593912443426,20.927960714101992
133.13642366491536,20.927960714101992
133.16690820539645,20.927960714101992
133.19739274587752,20.927960714101992
133.22787728635862,20.927960714101992
133.25836182683972,20.927960714101992
133.28884636732082,20.927960714101992
133.3193309078019,20.927960714101992
133.34981544828298,20.927960714101992
133.38029998876408,20.927960714101992
133.25836182683975,20.927960714101992
133.28932927319943,20.927960714101992
133.32029671955908,20.927960714101992
133.35126416591876,20.927960714101992
133.38223161227842,20.927960714101992
133.4131990586381,20.927960714101992
133.44416650499778,20.927960714101992
133.47513395135744,20.927960714101992
133.50610139771712,20.927960714101992
133.53706884407677,20.927960714101992
133.41319905863816,20.927960714101992
133.44461389873555,20.927960714101992
133.47602873883295,20.850331247999012
133.50744357893035,20.759921533139988
133.53885841902775,20.669116356849283
133.57027325912514,20.577910483910166
133.60168809922254,20.486298562567743
133.63310293931994,20.394275120864446
133.66451777941734,20.301834562825988
133.69593261951474,20.20897116449032
133.57027325912514,20.185958148104927
133.60156823797635,20.16291886575171
133.63273918837024,20.13985322728864
133.66378741378992,20.116761142056916
133.69471419642846,20.0936425188768
133.72552079765373,20.07049726604341
133.75620845846075,20.047325291322494
133.78677839991164,20.02412650194612
133.81723182356401,20.000900804608364
133.8475699118876,19.97764810546091
133.72502511565497,19.97764810546091
133.75620226586088,19.97764810546091
133.78737941606676,19.97764810546091
133.81855656627266,19.97764810546091
133.84973371647857,19.97764810546091
133.88091086668445,19.97764810546091
133.91208801689035,19.97764810546091
133.94326516709623,19.97764810546091
133.97444231730213,19.97764810546091
134.00561946750804,20.370446485291055
133.8809108666845,20.370446485291055
133.91352718058315,19.97764810546091
133.94614349448176,19.97764810546091
133.9787598083804,19.97764810546091
134.01137612227905,19.97764810546091
134.04399243617766,19.97764810546091
134.0766087500763,19.97764810546091
134.10922506397492,19.97764810546091
134.14184137787356,19.97764810546091
134.1744576917722,19.97764810546091
134.04399243617772,19.97764810546091
134.0751116170879,19.97764810546091
134.1062307979981,19.97764810546091
134.1373499789083,19.97764810546091
134.1684691598185,19.97764810546091
134.1995883407287,19.97764810546091
134.2307075216389,19.97764810546091
134.2618267025491,19.97764810546091
134.29294588345928,19.97764810546091
134.32406506436948,19.97764810546091
134.1995883407287,19.97764810546091
134.23574933016783,20.031155234231854
134.2717661038148,20.08451981527471
134.30764018680168,20.137742981834652
134.3433730791951,20.190825852220584
134.37896625654702,20.24376953007931
134.41442117043047,20.296575104663244
134.4497392489605,20.349243651091903
134.48492189730135,20.401776230607286
134.51997049815978,20.454173890823377
134.3783900446981,20.409609846290167
134.40795269835405,20.25789678710095
134.43741031122818,20.105038930474258
134.4667638736068,19.951009963280956
134.49601436125872,19.795782548663908
134.52516273572002,19.639328269394476
134.55420994457174,19.481617567134602
134.5831569217109,19.32261967723678
134.61200458761482,19.162302558674636
134.6407538495995,19.000632818652093
134.5247411458122,18.76128357823475
134.55901084433935,18.518841094859116
134.59328054286652,18.273182248594377
134.6275502413937,18.02417552855183
134.6618199399209,17.771680209753622
134.69608963844806,17.515545423179105
134.73035933697523,17.255609101540067
134.7646290355024,16.9916967798644
134.79889873402956,16.723620225673514
134.83316843255673,16.45117586819429
134.69608963844803,16.20018788951568
134.72855283760106,15.945249695911405
134.76101603675409,15.686168686913803
134.7934792359071,15.422736082928587
134.82594243506014,15.154724956033341
134.85840563421317,14.881887941466703
134.89086883336623,14.60395456414886
134.92333203251926,14.320628097994748
134.95579523167228,14.031581854175565
134.9882584308253,13.736454766051585
134.85840563421317,13.578109758449752
134.88740072207418,13.417896246626572
134.91639580993518,13.255746480600877
134.9453908977962,13.091588514412207
134.9743859856572,12.92534583302964
135.0033810735182,12.75693693549293
135.03237616137923,12.586274867841988
135.06137124924024,12.41326669823854
135.09036633710124,12.237812925287141
135.11936142496225,12.059806808861081
135.0033810735182,12.059806808861081
135.07067694006355,12.059806808861081
135.13797280660893,12.059806808861081
135.20526867315428,12.059806808861081
135.27256453969963,12.059806808861081
135.33986040624498,12.059806808861081
135.40715627279036,12.059806808861081
135.4744521393357,12.059806808861081
135.54174800588106,12.059806808861081
135.60904387242644,12.895465861150628
135.33986040624495,12.895465861150628
135.38624886818792,12.059806808861081
135.4326373301309,12.059806808861081
135.47902579207386,12.059806808861081
135.52541425401682,12.059806808861081
135.5718027159598,12.059806808861081
135.61819117790276,12.059806808861081
135.66457963984573,12.059806808861081
135.7109681017887,12.059806808861081
135.75735656373166,12.059806808861081
135.5718027159598,12.059806808861081
135.60664706621975,12.059806808861081
135.6414914164797,12.059806808861081
135.67633576673967,12.059806808861081
135.71118011699963,12.059806808861081
135.7460244672596,12.059806808861081
135.78086881751955,12.059806808861081
135.81571316777948,12.059806808861081
135.85055751803944,12.059806808861081
135.8854018682994,12.059806808861081
135.7460244672596,12.059806808861081
135.79969662873935,12.059806808861081
135.8533687902191,12.059806808861081
135.90704095169886,12.059806808861081
135.95822267130703,12.313449683084025
136.0079267540278,12.561972214928359
136.05626411176968,12.805672522730779
136.10333305573891,13.044820872293037
136.14922115768408,13.279663189290686
136.19400677867657,13.510424021909603
136.00216983546903,13.737309055363866
136.05010625566115,13.737309055363866
136.09804267585326,13.737309055363866
136.14597909604538,13.737309055363866
136.1939155162375,13.737309055363866
136.2418519364296,13.737309055363866
136.28978835662173,13.737309055363866
136.33772477681387,13.737309055363866
136.385661197006,13.737309055363866
136.4335976171981,13.737309055363866
136.2418519364296,13.737309055363866
136.28978623431988,13.737309055363866
136.33658920865815,14.00116641822292
136.3821234974973,14.26014242772366
136.42647781141912,14.514498373941677
136.4697314876133,14.764473036154957
136.51195577808127,15.010285307866
136.5532149234894,15.2521364408967
136.59356705407154,15.490211974015082
136.63306494995328,15.724683398660572
136.4654078994378,15.95570960428594
136.5059998554031,16.168833337079057
136.54580729061078,16.379184167356307
136.58486956103872,16.586867591384216
136.6232230150832,16.79198258098336
136.66090129500319,16.994622134839744
136.697935601484,17.19487377132852
136.7343549265992,17.39281997025951
136.77018625959016,17.588538569869712
136.80545476917956,17.782103124482518
136.65820727378514,17.973583227494384
136.69439190000162,18.126839347333668
136.73012431370333,18.278810557922547
136.76541932335027,18.42952864564901
136.80029099220516,18.57902410755673
136.8347526879251,18.727326223397476
136.86881712809307,18.874463122587816
136.90249642208067,18.896998134476995
136.9358021095906,18.749012544969364
136.96874519619004,18.599849578112458
136.83309449229375,18.47198662929833
136.8668892682595,18.343232423363727
136.9006840442253,18.21356805906268
136.93447882019106,18.08297395747376
136.96827359615685,17.9514298274884
137.0020683721226,17.818914629006063
137.0358631480884,17.685406533647235
137.06965792405416,17.550882882776534
137.10345270001994,17.415320142607325
137.1372474759857,17.278693856135956
137.00206837212255,17.158585246548004
137.03596498047403,17.037629939402933
137.0698615888255,16.915809771956635
137.10375819717697,16.793105922669813
137.13765480552846,16.669498877260597
137.1715514138799,16.54496839247439
137.20520226404298,16.4194934573805
137.23874158635186,16.29305225198598
137.27217036461695,16.165622102935902
137.3054895691348,16.037179436045296
137.17108248969905,15.878822239783338
137.2069427821493,15.718869780660496
137.24280307459955,15.557272853559057
137.2786633670498,15.393979670598808
137.31452365950005,15.228935667259652
137.35038395195028,15.062083289381219
137.38624424440053,14.893361758682314
137.42210453685078,14.722706814091781
137.45796482930103,14.550050425769266
137.49382512175129,14.375320478206815
137.3503839519503,14.21409544990372
137.38874703850271,14.051020605877532
137.4271101250551,13.886030774653225
137.4654732116075,13.719056865631757
137.5038362981599,13.550025530981824
137.5421993847123,13.378858789077665
137.5805624712647,13.205473603998536
137.6189255578171,13.029781414656329
137.6572886443695,12.851687605973968
137.6956517309219,12.671090913152122
137.54219938471235,12.49352001997474
137.58627676358745,12.313388650150412
137.63035414246252,12.130582739909748
137.67443152133762,11.944979496421901
137.71850890021273,11.756446432918535
137.7625862790878,11.564840262201043
137.8066636579629,11.370005622266405
137.850741036838,11.171773601828537
137.8948184157131,10.969960025937027
137.93889579458818,10.764363452187949
137.76258627908786,10.764363452187949
137.8142606231481,10.764363452187949
137.86593496720832,10.747506843945528
137.91760931126856,10.64428659005693
137.96928365532878,10.540055534098272
138.02095799938903,10.434783385987725
138.07263234344924,10.328438311917987
138.1243066875095,10.220986821912309
138.1759810315697,10.112393646625655
138.22765537562995,10.002621602106357
138.02095799938908,10.002621602106357
138.082170376871,10.002621602106357
138.1433827543529,10.002621602106357
138.20459513183482,10.002621602106357
138.26580750931672,10.002621602106357
138.32701988679864,10.002621602106357
138.38823226428053,10.002621602106357
138.44944464176245,10.002621602106357
138.51065701924435,10.002621602106357
138.57186939672627,10.764363452187949
138.3270198867987,10.764363452187949
138.3925917671356,10.002621602106357
138.4581636474725,10.002621602106357
138.5237355278094,10.002621602106357
138.5893074081463,10.002621602106357
138.65487928848324,10.002621602106357
138.72045116882015,10.002621602106357
138.78602304915705,10.002621602106357
138.85159492949396,10.002621602106357
138.91716680983086,10.002621602106357
138.65487928848322,10.002621602106357
138.72097728455142,10.002621602106357
138.78707528061963,10.002621602106357
138.8531732766878,10.002621602106357
138.91927127275602,10.002621602106357
138.98536926882423,10.002621602106357
139.05146726489244,10.002621602106357
139.11756526096065,10.002621602106357
139.18366325702883,10.002621602106357
139.24095726638174,10.290977908870833
138.98354173502028,10.571471691624126
139.04414610563182,10.909463773462337
139.1020781190605,11.23729442179762
139.1576335458598,11.555828486951539
139.21105975114338,11.865814684104818
139.2625658061096,12.1679063201191
139.3123300850968,12.462677493735892
139.36050606284647,12.75063592180986
139.40722680057922,13.032233212624181
139.45260846153124,13.307873181162405
139.25518431228232,13.57791864401825
139.30351320445442,13.57791864401825
139.3518420966265,13.57791864401825
139.4001709887986,13.57791864401825
139.4484998809707,13.57791864401825
139.4968287731428,13.57791864401825
139.5451576653149,13.57791864401825
139.59348655748698,13.57791864401825
139.64181544965908,13.57791864401825
139.69014434183117,13.57791864401825
139.4968287731428,13.57791864401825
139.54437434298808,13.57791864401825
139.59129409260038,13.722261810451599
139.63749073548553,13.865102368377176
139.6829934288095,14.006486289450983
139.7278295281044,14.146457247932373
139.77202473402554,14.285056778276324
139.8156032244476,14.42232441909342
139.85858777362068,14.558297844891701
139.90099985987612,14.693012986844405
139.72515170705483,14.744151561325852
139.76735461799404,14.862178014344826
139.8090616844992,14.97927452838761
139.85028818749842,15.095462744266205
139.89104868353343,15.210763476244582
139.93135705021353,15.325196755571632
139.97122652815747,15.438781871109859
140.01066975974288,15.551537407293132
140.04969882495035,15.663481279625062
140.08920338241504,15.69744036129794
139.9296921707731,15.69744036129794
139.97128588328937,15.829698777710364
140.01236581787504,15.960861282825071
140.0529486071134,16.09095467603224
140.09305005598907,16.22000468195565
140.13268519635525,16.348036009845423
140.17186833698977,16.47507240881636
140.21061310966115,16.601136719281648
140.24893251157957,16.726250920897392
140.28683894456785,16.850436177302957
140.13079856486792,16.973712877915062
140.16920181138374,17.095625525569215
140.20719932159327,17.21667492168821
140.24480235807465,17.336879148441962
140.28202170177047,17.45625566541335
140.31886767929154,17.574821339201993
140.35535018831197,17.692592471242413
140.39147872121293,17.809584823966496
140.42726238711793,17.92581364542909
140.46270993244917,18.041293692505697
140.31735125336073,18.05592997406119
140.35349257107376,17.978425302324524
140.3896338887868,17.900585059553894
140.42577520649985,17.822404848880115
140.46191652421288,17.743880176569238
140.4980578419259,17.665006449008395
140.53419915963894,17.585778969569972
140.570340477352,17.506192935348075
140.60648179506504,17.426243433760824
140.64262311277807,17.34592543901171
140.49805784192588,17.273483944216782
140.53445505415576,17.200737362289917
140.5708522663856,17.127681805832268
140.60724947861547,17.054313304181996
140.64364669084532,16.98062780089595
140.6797073262572,16.906621151132526
140.71558838798165,16.832289118931
140.7512922518625,16.75762737438222
140.78682124489413,16.682631490685324
140.82217764656326,16.607296941084872
140.67895885822858,16.531798122036445
140.71589320514707,16.45595292306612
140.75282755206558,16.379756532518094
140.78976189898407,16.303204026294033
140.82669624590255,16.226290364139633
140.86363059282104,16.149010385771984
140.90056493973955,16.07135880683933
140.93749928665804,15.99333021470428
140.97443363357652,15.914919064040934
141.01136798049504,15.836119672235819
140.863630592821,15.77093205059983
140.90236589176592,15.705473861552209
140.94110119071087,15.639741707814816
140.97983648965578,15.573732120414327
141.0185717886007,15.507441556545928
141.0573070875456,15.440866397354464
141.09604238649055,15.37400294562912
141.13477768543547,15.306847423407458
141.17351298438038,15.239395969484427
141.2122482833253,15.171644636821707
141.05730708754558,15.171644636821707
141.09831917501853,15.171644636821707
141.13933126249145,15.171644636821707
141.1803433499644,15.171644636821707
141.22135543743735,15.171644636821707
141.2623675249103,15.171644636821707
141.30337961238322,15.171644636821707
141.34439169985617,15.171644636821707
141.38540378732912,15.171644636821707
141.42641587480205,15.237096535317674
141.26236752491033,15.237096535317674
141.30565730863074,15.171644636821707
141.34894709235115,15.171644636821707
141.39223687607156,15.171644636821707
141.43552665979198,15.171644636821707
141.4788164435124,15.171644636821707
141.5221062272328,15.171644636821707
141.5653960109532,15.171644636821707
141.60868579467362,15.171644636821707
141.65197557839403,15.171644636821707
141.4788164435124,15.171644636821707
141.522121734698,15.171644636821707
141.56542702588362,15.171644636821707
141.60873231706924,15.171644636821707
141.65203760825486,15.171644636821707
141.69534289944045,15.171644636821707
141.73864819062607,15.171644636821707
141.78195348181168,15.171644636821707
141.8252587729973,15.171644636821707
141.86856406418292,15.171644636821707
141.69534289944048,15.171644636821707
141.7385425102436,15.171644636821707
141.78174212104673,15.171644636821707
141.8240322656674,15.35622185392629
141.86558472611222,15.53860670291921
141.90643318427138,15.718875497598685
141.94660896857394,15.897100224569598
141.98614127035856,16.073348879154377
142.02505733589928,16.247685768503025
142.0633826372973,16.4201717857341
141.9036199321719,16.59086465842033
141.9428087039277,16.786260308122547
141.98132685811044,16.979407532363435
142.01920427312297,17.17038220797982
142.0564687937997,17.35925603780703
142.09314641341484,17.54609686523386
142.1292614357558,17.730968958920414
142.16483661982198,17.85239597839262
142.19989330933484,17.632467365507583
142.23445154893105,17.40976072845491
142.09079471397274,17.173279775849892
142.12641547635644,16.93349662347322
142.16203623874017,16.690268947346027
142.19765700112387,16.44344389634687
142.2332777635076,16.192856968733814
142.2688985258913,15.938330729641525
142.30451928827503,15.67967334114456
142.34014005065873,15.416676870277962
142.37576081304246,15.149115332590467
142.41138157542616,14.8767424188796
142.26889852589125,14.716537355038954
142.30445621588797,14.55456898869981
142.3400139058847,14.390777782016768
142.3755715958814,14.225100769272347
142.41112928587816,14.057471274042069
142.44668697587488,13.887818595628444
142.48147588488126,13.716067660581455
142.51592753156862,13.5421386344334
142.55005058775333,13.365946487951348
142.5838533802464,13.187400511220709
142.445242187363,13.187400511220709
142.48751360492972,13.187400511220709
142.52978502249644,13.187400511220709
142.57205644006316,13.187400511220709
142.6143278576299,13.187400511220709
142.6565992751966,13.187400511220709
142.69887069276334,13.187400511220709
142.7411421103301,13.187400511220709
142.7834135278968,13.187400511220709
142.82568494546354,13.633791098401247
142.6565992751966,13.633791098401247
142.70649388019413,13.187400511220709
142.75638848519165,13.187400511220709
142.80628309018917,13.187400511220709
142.85617769518666,13.187400511220709
142.90607230018418,13.187400511220709
142.9559669051817,13.187400511220709
143.00586151017922,13.187400511220709
143.05575611517673,13.187400511220709
143.10565072017425,13.187400511220709
142.9060723001842,13.187400511220709
142.95606978987857,13.187400511220709
143.00606727957293,13.187400511220709
143.05606476926727,13.187400511220709
143.10606225896163,13.187400511220709
143.156059748656,13.187400511220709
143.20605723835035,13.187400511220709
143.2560547280447,13.187400511220709
143.30605221773905,13.187400511220709
143.3560497074334,13.187400511220709
143.15605974865602,13.187400511220709
143.20578819738344,13.187400511220709
143.2546745251533,13.368260834109668
143.3025982852796,13.546706729468857
143.3496088073561,13.722832386197943
143.3957515670178,13.896726023964401
143.44106858088108,14.06847040977006
143.4855987520885,14.238143318425406
143.5293781736839,14.405817944201166
143.57244039584177,14.571563269838778
143.39229572796373,14.735444398197188
143.43667606207032,14.897767804761543
143.4803446004772,15.058341526104998
143.52333111014818,15.217220950917644
143.56566345378118,15.374458605794077
143.60736775021186,15.530104358100889
143.64846851826235,15.684205600722432
143.68898880604092,15.836807420624954
143.72895030742146,15.98795275293839
143.76837346719668,16.13768252204817
143.6048458700093,16.286035771010933
143.6450553365915,16.429673620030236
143.6847454340674,16.572066539414667
143.72393373032295,16.713246348715646
143.7626368805587,16.853243534670902
143.80087068996207,16.992087328077037
143.83865017108738,17.129805775053782
143.87598959646985,17.266425803192032
143.9129025469406,17.40197328302757
143.94940195605633,17.53647308523795
143.7989740483364,17.669949133920696
143.83591613940231,17.810671443700656
143.87242637297405,17.950290586939346
143.9085179923558,18.088832108117774
143.94420361610813,18.226320580846313
143.97949527706203,18.36277965875241
144.01440445833254,18.4982321229895
144.04894212660392,18.632699926637308
144.08311876293072,18.76620423623859
144.1169443912734,18.898765470694865
143.9778990956159,19.030403337723502
144.01245713445695,19.030403337723502
144.047015173298,19.030403337723502
144.08157321213906,19.030403337723502
144.11613125098012,19.030403337723502
144.15068928982114,19.030403337723502
144.1852473286622,19.030403337723502
144.21980536750326,19.030403337723502
144.2543634063443,19.030403337723502
144.28892144518537,19.030403337723502
144.15068928982117,19.030403337723502
144.18527665232318,19.030403337723502
144.2198640148252,19.030403337723502
144.25445137732723,19.030403337723502
144.28903873982924,19.030403337723502
144.32362610233125,19.030403337723502
144.3574923446373,19.15324388130407
144.39104165307708,19.275301584073485
144.42428189563637,19.396591224678108
144.45722063797498,19.517127122543773
144.32226979438497,19.636923157608162
144.355640334461,19.744329281937002
144.38874114372794,19.851154286068663
144.4215779702639,19.957407501603246
144.45415637281738,20.063098013038683
144.48648172910018,20.16823466683547
144.51855924363113,20.272826080058284
144.5503939551589,20.37688064861839
144.58199074369142,20.48040655513913
144.61335433715615,20.583411776465365
144.48544824840934,20.685904090836356
144.51716643569404,20.76775864237811
144.54869838434115,20.84929183451709
144.5800527253416,20.927960714101992
144.61149706707167,20.927960714101992
144.6429414088017,20.927960714101992
144.67438575053174,20.927960714101992
144.7058300922618,20.927960714101992
144.73727443399184,20.927960714101992
144.76871877572188,20.927960714101992
144.64294140880165,20.927960714101992
144.6743743953185,20.927960714101992
144.7058073818353,20.927960714101992
144.73724036835216,20.927960714101992
144.76867335486898,20.927960714101992
144.80010634138583,20.927960714101992
144.83153932790268,20.927960714101992
144.8629723144195,20.927960714101992
144.89440530093634,20.927960714101992
144.92583828745316,20.927960714101992
144.80010634138588,20.927960714101992
144.83152475113727,20.927960714101992
144.86294316088865,20.927960714101992
144.89436157064,20.927960714101992
144.92577998039138,20.927960714101992
144.95719839014276,20.927960714101992
144.98861679989415,20.927960714101992
145.02003520964553,20.927960714101992
145.05145361939688,20.927960714101992
145.08287202914826,20.927960714101992
144.9571983901428,20.927960714101992
144.9886248295763,20.927960714101992
145.02005126900983,20.927960714101992
145.05147770844334,20.927960714101992
145.08290414787686,20.927960714101992
145.11433058731035,20.927960714101992
145.14575702674387,20.927960714101992
145.17718346617738,20.927960714101992
145.2086099056109,20.927960714101992
145.24003634504442,20.927960714101992
145.11433058731038,20.927960714101992
145.14574117293344,20.927960714101992
145.17715175855648,20.927960714101992
145.20856234417954,20.927960714101992
145.23997292980258,20.927960714101992
145.27138351542564,20.927960714101992
145.3027941010487,20.927960714101992
145.33420468667174,20.927960714101992
145.3656152722948,20.927960714101992
145.39702585791787,20.927960714101992
145.2713835154257,20.927960714101992
145.30280965891328,20.927960714101992
145.33423580240085,20.927960714101992
145.36566194588843,20.927960714101992
145.397088089376,20.927960714101992
145.4285142328636,20.927960714101992
145.45994037635117,20.927960714101992
145.49136651983872,20.927960714101992
145.5227926633263,20.927960714101992
145.55421880681388,20.927960714101992
145.4285142328636,20.927960714101992
145.45999926563476,20.927960714101992
145.49148429840594,20.927960714101992
145.5229693311771,20.927960714101992
145.55445436394828,20.927960714101992
145.58593939671945,20.927960714101992
145.61742442949063,20.927960714101992
145.6489094622618,20.927960714101992
145.68039449503297,20.927960714101992
145.71187952780414,20.927960714101992
145.58593939671945,20.927960714101992
145.61744690202002,20.927960714101992
145.6489544073206,20.927960714101992
145.68046191262115,20.927960714101992
145.71196941792172,20.927960714101992
145.7434769232223,20.927960714101992
145.77498442852286,20.927960714101992
145.80649193382345,20.927960714101992
145.83799943912402,20.927960714101992
145.8695069444246,20.927960714101992
145.7434769232223,20.927960714101992
145.77481682424636,20.927960714101992
145.80615672527045,20.927960714101992
145.83749662629452,20.927960714101992
145.8688365273186,20.927960714101992
145.9001764283427,20.927960714101992
145.93151632936676,20.927960714101992
145.96285623039083,20.927960714101992
145.99419613141492,20.927960714101992
146.025536032439,20.927960714101992
145.90017642834263,20.927960714101992
145.93122617202246,20.927960714101992
145.96227591570232,20.927960714101992
145.99332565938215,20.927960714101992
146.024375403062,20.927960714101992
146.05542514674184,20.927960714101992
146.0864748904217,20.927960714101992
146.11752463410153,20.927960714101992
146.14857437778136,20.927960714101992
146.17962412146122,20.927960714101992
146.05542514674178,20.927960714101992
146.08658821000765,20.927960714101992
146.11775127327348,20.927960714101992
146.14891433653935,20.927960714101992
146.1800773998052,20.927960714101992
146.21124046307108,20.927960714101992
146.24240352633691,20.927960714101992
146.27356658960278,20.84968089904226
146.30472965286864,20.739465605019138
146.3358927161345,20.628661458554603
146.2112404630711,20.47159358519249
146.24263917672803,20.313311257964138
146.274037890385,20.153785862923392
146.30543660404192,19.992987644526995
146.33683531769884,19.830885640834282
146.36823403135577,19.66744761389961
146.39963274501272,19.502639974914263
146.43103145866965,19.336427703605494
146.46243017232658,19.16877426134494
146.49382888598353,18.99964149735564
146.36823403135574,18.859338410377124
146.39953643132594,18.717983692861083
146.4306791067811,18.5755533369884
146.4616642154978,18.432022407331985
146.49249387001862,18.287364989890584
146.5232708312784,18.14155413746472
146.55416788885915,17.99456181104866
146.58506494643987,17.846358816877416
146.61596200402062,17.69691473872849
146.64685906160133,17.5461978650337
146.52327083127835,17.444928660251065
146.55480005053602,17.343068136970025
146.58632926979365,17.240605814353533
146.61785848905132,17.137530898243675
146.64938770830895,17.03383226788947
146.6809169275666,16.92949846194294
146.71244614682425,16.82451766367358
146.7439753660819,16.718877685347188
146.77550458533958,16.61256595171065
146.8070338045972,16.50556948251928
146.68091692756667,16.393547235389637
146.71663050086437,16.280754220110033
146.75234407416207,16.16717430450696
146.7880576474598,16.05279078568551
146.8237712207575,15.937586361355633
146.8594847940552,15.821543099279177
146.8951983673529,15.704642404684927
146.9309119406506,15.58686498548401
146.96662551394832,15.468190815101385
147.002339087246,15.348599092720686
146.85948479405516,15.253462413843135
146.8977693038064,15.157728626413133
146.93605381355763,15.061386344339061
146.9743383233089,14.964423814998762
147.01262283306014,14.866828902505102
147.05090734281137,14.768589069976183
147.0891918525626,14.669691360736904
147.12747636231387,14.570122378372046
147.1657608720651,14.469868265543983
147.20404538181634,14.368914681480149
147.05090734281134,14.278443733063854
147.09288207540368,14.187395876371573
147.13485680799602,14.095759932245576
147.17683154058835,14.003524355751107
147.2188062731807,13.910677219198536
147.26078100577303,13.817206194138661
147.30275573836536,13.72309853225424
147.3447304709577,13.62834104506389
147.38670520355,13.532920082346891
147.42867993614234,13.436821509188936
147.26078100577303,13.436821509188936
147.30624186079763,13.436821509188936
147.35170271582223,13.436821509188936
147.3971635708468,13.436821509188936
147.4426244258714,13.436821509188936
147.488085280896,13.436821509188936
147.5335461359206,13.436821509188936
147.5790069909452,13.436821509188936
147.6244678459698,13.436821509188936
147.66992870099438,13.501846113376075
147.48808528089603,13.501846113376075
147.5369258436561,13.436821509188936
147.58576640641616,13.436821509188936
147.63460696917622,13.436821509188936
147.68344753193628,13.436821509188936
147.73228809469632,13.436821509188936
147.78112865745638,13.436821509188936
147.82996922021644,13.436821509188936
147.8788097829765,13.436821509188936
147.92765034573657,13.436821509188936
147.73228809469634,13.436821509188936
147.78151850768307,13.436821509188936
147.8307489206698,13.436821509188936
147.87997933365656,13.436821509188936
147.9292097466433,13.436821509188936
147.97844015963003,13.436821509188936
148.02767057261676,13.436821509188936
148.0769009856035,13.436821509188936
148.12613139859022,13.436821509188936
148.17536181157698,13.436821509188936
147.97844015963,13.436821509188936
148.02710771115994,13.436821509188936
148.0749229266942,13.627484118027368
148.12176551346212,13.815515716192932
148.16768692521578,14.001022306305337
148.2127344693181,14.184102958556997
148.2569517446879,14.36485042930246
148.30037902333146,14.543351710438582
148.34305358395324,14.71968851881053
148.38501000468722,14.893937733456799
148.20925873394043,15.066171787331179
148.25110227967983,15.27694668109224
148.29210022113406,15.484852839742985
148.33229685999726,15.690004303379192
148.37173296619844,15.8925077508749
148.41044614678887,16.092463148417647
148.44847116784322,16.28996432638025
148.48584023636985,16.485099493976442
148.5225832480416,16.677951699710118
148.55872800559845,16.868599244437128
148.40756629717765,17.05711605286738
148.4456974522824,17.2384445260901
148.48323781775693,17.417885385924013
148.5202112787477,17.59549638274763
148.55664024217893,17.771332380927003
148.59254575729315,17.9454455567836
148.6279476241403,18.11788557943735
148.6628644914312,18.288699776301307
148.69731394498086,18.457933284790666
148.73131258780603,18.62562919162418
148.59044160454718,18.79182866093618
148.62536314464327,18.79182866093618
148.6602846847394,18.79182866093618
148.6952062248355,18.79182866093618
148.7301277649316,18.79182866093618
148.7650493050277,18.79182866093618
148.79997084512382,18.79182866093618
148.83489238521992,18.79182866093618
148.86981392531604,18.79182866093618
148.90473546541213,18.79182866093618
148.76504930502765,18.79182866093618
148.80016993655872,18.79182866093618
148.8352905680898,18.79182866093618
148.87041119962086,18.79182866093618
148.90553183115193,18.79182866093618
148.940652462683,18.79182866093618
148.97498975015284,18.921651448972607
149.00898394464795,19.050589562814896
149.04264413700992,19.178660845461984
149.07597904548035,19.305882548065014
148.93918135205277,19.432271357052063
148.97289550753484,19.54470062587214
149.00632165236695,19.656486843172857
149.03946626916166,19.76764091834654
149.07233561514312,19.878173455766735
149.10493573256184,19.98809476659569
149.1372724585144,20.097414880010586
149.16935143420858,20.206143553883106
149.20117811371094,20.31429028494455
149.23275777221068,20.421864318466454
149.1038373147017,20.528874657484618
149.1359067989127,20.615026048311737
149.1677767111537,20.700818902701137
149.19945033437511,20.786257660105292
149.23093086785096,20.87134666910938
149.26232732756714,20.927960714101992
149.29388423993618,20.927960714101992
149.32544115230525,20.927960714101992
149.3569980646743,20.927960714101992
149.38855497704336,20.927960714101992
149.2623273275672,20.927960714101992
149.29372415161228,20.927960714101992
149.32512097565737,20.927960714101992
149.35651779970246,20.927960714101992
149.38791462374755,20.927960714101992
149.41931144779264,20.927960714101992
149.45070827183773,20.927960714101992
149.48210509588282,20.927960714101992
149.5135019199279,20.927960714101992
149.544898743973,20.927960714101992
149.41931144779264,20.927960714101992
149.45026718525523,20.927960714101992
149.48122292271782,20.927960714101992
149.5121786601804,20.927960714101992
149.543134397643,20.927960714101992
149.5740901351056,20.927960714101992
149.60504587256816,20.927960714101992
149.63600161003075,20.927960714101992
149.66695734749334,20.927960714101992
149.69791308495593,20.927960714101992
149.5740901351056,20.927960714101992
149.60547423655473,20.927960714101992
149.6368583380039,20.927960714101992
149.66824243945302,20.927960714101992
149.69962654090216,20.927960714101992
149.73101064235132,20.927960714101992
149.76239474380046,20.927960714101992
149.7937788452496,20.927960714101992
149.82516294669875,20.927960714101992
149.8565470481479,20.927960714101992
149.73101064235127,20.927960714101992
149.7623247422342,20.927960714101992
149.7936388421171,20.927960714101992
149.82495294200004,20.927960714101992
149.85626704188294,20.927960714101992
149.88758114176588,20.927960714101992
149.9188952416488,20.927960714101992
149.95020934153172,20.927960714101992
149.98152344141465,20.927960714101992
150.01283754129759,20.927960714101992
149.88758114176593,20.927960714101992
149.9190110870346,20.927960714101992
149.95044103230327,20.927960714101992
149.98187097757193,20.927960714101992
150.0133009228406,20.927960714101992
150.04473086810927,20.927960714101992
150.07616081337795,20.927960714101992
150.1075907586466,20.927960714101992
150.1390207039153,20.91205389119974
150.17045064918395,20.80894945707078
150.0447308681092,20.651863311493223
150.07616919748634,20.493573113692822
150.1076075268635,20.334050744894554
150.1390458562406,20.173266974528946
150.17048418561777,20.011191397697782
150.2019225149949,19.847792368043535
150.23336084437204,19.68303692560273
150.26479917374917,19.516890719177432
150.29623750312632,19.34931792270693
150.32767583250345,19.18028114506305
150.20192251499483,18.969089139781076
150.23332326325388,18.75551920854924
150.26472401151293,18.539489172346656
150.29612475977197,18.32091200679863
150.32752550803102,18.099695432524754
150.35892625629006,17.87574145985158
150.39032700454914,17.648945881518134
150.42172775280818,17.419197705923633
150.45312850106723,17.1863785221714
150.48452924932627,16.95036178660071
150.35892625629006,16.79444036335322
150.39030168101087,16.637057718833645
150.42167710573167,16.47817198482212
150.45305253045248,16.317739254656292
150.4844279551733,16.15571344152047
150.5158033798941,15.992046123811031
150.54717880461487,15.82668637610772
150.57855422933568,15.65958058407849
150.6099296540565,15.490672241411033
150.6413050787773,15.319901726590697
150.5158033798941,15.262054892342752
150.55111329409212,15.203987968995833
150.58642320829014,15.145698425158766
150.62173312248814,15.087183680539699
150.65704303668616,15.028441104613282
150.69235295088419,14.969468015240782
150.7276628650822,14.910261677241063
150.76297277928023,14.85081930091031
150.79828269347826,14.791138040488192
150.83359260767625,14.731214992568114
150.6923529508842,14.699695083579028
150.73491029162918,14.668107442445713
150.7774676323741,14.63645163064003
150.82002497311908,14.60472720488127
150.862582313864,14.572933717063732
150.90513965460897,14.541070714182874
150.9476969953539,14.509137738260007
150.99025433609887,14.47713432626549
151.0328116768438,14.445060010040402
151.07536901758877,14.41291431621663
150.90513965460903,14.372407181714335
150.95005689161994,14.331785558938051
150.99497412863087,14.29104847160546
151.03989136564178,14.250194929479676
151.0848086026527,14.209223928088393
151.12972583966362,14.16813444843573
151.17464307667456,14.12692545670652
151.21956031368546,14.08559590396282
151.26447755069637,14.044144725832387
151.3093947877073,14.002570842188842
151.12972583966356,13.936859864638908
151.1750808066984,13.870837594847998
151.22043577373321,13.804499566399151
151.26579074076804,13.737841205035823
151.31114570780286,13.67085782498106
151.3565006748377,13.60354462509355
151.40185564187252,13.535896684851629
151.44721060890734,13.467908960155732
151.49256557594217,13.39957627893915
151.537920542977,13.330893336576304
151.3565006748377,13.319806068765315
151.40341246909102,13.3017045061359
151.45032426334433,13.283578276488415
151.49723605759766,13.265427278705866
151.544147851851,13.247251410978526
151.5910596461043,13.229050570797263
151.63797144035763,13.210824654946798
151.68488323461094,13.192573559498882
151.73179502886427,13.174297179805373
151.7787068231176,13.155995410491242
151.59105964610436,13.155995410491242
151.6404022605278,13.155995410491242
151.6897448749512,13.155995410491242
151.73908748937464,13.155995410491242
151.78843010379808,13.155995410491242
151.83777271822152,13.155995410491242
151.88711533264492,13.155995410491242
151.93645794706836,13.155995410491242
151.9858005614918,13.155995410491242
152.0351431759152,13.330893336576304
151.83777271822154,13.330893336576304
151.88771417899878,13.155995410491242
151.937655639776,13.155995410491242
151.98759710055324,13.155995410491242
152.03753856133048,13.155995410491242
152.0874800221077,13.155995410491242
152.13742148288495,13.155995410491242
152.18736294366218,13.155995410491242
152.2373044044394,13.155995410491242
152.28724586521668,13.155995410491242
152.0874800221077,13.155995410491242
152.13741220544685,13.155995410491242
152.18734438878602,13.155995410491242
152.23727657212515,13.155995410491242
152.28720875546432,13.155995410491242
152.33714093880346,13.155995410491242
152.38707312214262,13.155995410491242
152.43700530548176,13.155995410491242
152.48693748882093,13.155995410491242
152.53686967216007,13.155995410491242
152.3371409388034,13.155995410491242
152.3865307241547,13.155995410491242
152.4348393530324,13.390072606174238
152.48192960368232,13.6201275161567
152.52788092103552,13.846360630653818
152.57276490467308,14.068956317789572
152.6166463186363,14.288084582253223
152.65958394355403,14.503902584731234
152.70163129972113,14.716555960724115
152.7428372638813,14.926179970202544
152.56855814833298,15.132900503889752
152.61084075820435,15.360113506434274
152.65220878604543,15.584014123468398
152.69271341761998,15.804743132059452
152.73240148737855,16.02243161134721
152.77131596229384,16.23720185285064
152.80949636019295,16.449168163774548
152.84697911293554,16.65843757829803
152.88379788293224,16.86511048940889
152.91998384001184,17.069281211869693
152.76824219985312,17.27103848527371
152.80605144056253,17.446550176076787
152.84329999400134,17.620313724021045
152.88000957645025,17.792380347201547
152.91620061553388,17.962798810487282
152.95189235105812,18.131615586941024
152.98710292616556,18.298875005834706
153.02184946990272,18.46461938859617
153.0561481721499,18.62888917386866
153.09001435174608,18.79172303273014
152.94988256890002,18.953157975002473
152.98458141639895,18.953157975002473
153.01928026389785,18.953157975002473
153.05397911139679,18.953157975002473
153.0886779588957,18.953157975002473
153.12337680639462,18.953157975002473
153.15807565389352,18.953157975002473
153.19277450139245,18.953157975002473
153.22747334889138,18.953157975002473
153.26217219639028,18.953157975002473
153.12337680639467,18.953157975002473
153.15810792628105,18.953157975002473
153.19283904616745,18.953157975002473
153.22757016605382,18.953157975002473
153.26230128594023,18.953157975002473
153.2970324058266,18.953157975002473
153.33102397237062,19.078124379142032
153.36469084653442,19.202277532277968
153.39804125493507,19.325633108057314
153.4310831016338,19.44820628304458
153.29564207223933,19.570011758516358
153.3291187798122,19.67902773323936
153.36231997895845,19.787443109778966
153.39525164639196,19.89526770666518
153.42791955846727,20.00251107778745
153.46032930011015,20.109182522274367
153.4924862732553,20.215291093904142
153.5243957048245,20.32084561007281
153.5560626542739,20.42585466034532
153.58749202073847,20.530326614612974
153.4592752462969,20.63426963087914
153.49114874621984,20.717657315068767
153.52283115687726,20.80071071019987
153.55432550754634,20.883433804674574
153.58574862500708,20.927960714101992
153.6172700486292,20.927960714101992
153.64879147225128,20.927960714101992
153.68031289587339,20.927960714101992
153.7118343194955,20.927960714101992
153.74335574311758,20.927960714101992
153.61727004862925,20.927960714101992
153.64886785314812,20.927960714101992
153.680465657667,20.927960714101992
153.71206346218588,20.927960714101992
153.74366126670478,20.927960714101992
153.77525907122364,20.927960714101992
153.8068568757425,20.927960714101992
153.8384546802614,20.927960714101992
153.87005248478027,20.927960714101992
153.90165028929917,20.927960714101992
153.7752590712236,20.927960714101992
153.8064925031613,20.927960714101992
153.837725935099,20.927960714101992
153.86895936703672,20.927960714101992
153.90019279897442,20.927960714101992
153.93142623091214,20.927960714101992
153.96265966284983,20.927960714101992
153.99389309478755,20.927960714101992
154.02512652672524,20.927960714101992
154.05635995866297,20.927960714101992
153.9314262309122,20.927960714101992
153.96265684995538,20.927960714101992
153.99388746899857,20.927960714101992
154.02511808804175,20.927960714101992
154.05634870708496,20.927960714101992
154.08757932612815,20.927960714101992
154.11880994517134,20.927960714101992
154.15004056421452,20.927960714101992
154.1812711832577,20.927960714101992
154.2125018023009,20.927960714101992
154.08757932612812,20.927960714101992
154.1188157005524,20.927960714101992
154.15005207497666,20.927960714101992
154.18128844940094,20.927960714101992
154.21252482382522,20.927960714101992
154.24376119824947,20.927960714101992
154.27499757267375,20.927960714101992
154.306233947098,20.927960714101992
154.3374703215223,20.927960714101992
154.36870669594657,20.927960714101992
154.24376119824953,20.927960714101992
154.2749589983664,20.927960714101992
154.30603720544474,20.927960714101992
154.33699703540356,20.927960714101992
154.36783968494564,20.927960714101992
154.3985663319638,20.927960714101992
154.42917813593607,20.927960714101992
154.4596762383109,20.828231003494892
154.49006176288222,20.716576251510357
154.52033581615478,20.604316451519082
154.39808773160587,20.438568888696167
154.42957593615876,20.271466153231685
154.46106414071164,20.102974451191464
154.49255234526456,19.93305856031371
154.52404054981744,19.761681744035215
154.55552875437033,19.588805658747386
154.58701695892321,19.4143902536189
154.61850516347613,19.238393662243517
154.64999336802902,19.060772085282654
154.6814815725819,18.88147966317072
154.5555287543703,18.662915302094724
154.58682805537597,18.441760785662343
154.61812735638162,18.217921785374568
154.6494266573873,17.99129810437416
154.68072595839294,17.761783153244757
154.71202525939862,17.529263364024207
154.74332456040426,17.293617533291098
154.77462386140994,17.0547160835408
154.80592316241558,16.81242023007447
154.83722246342126,16.56658103819401
154.71202525939867,16.288356465312027
154.74353710824897,16.005296166803504
154.77504895709927,15.717138875543403
154.80656080594957,15.423598914622378
154.83807265479987,15.124362879974926
154.86958450365015,14.8190857198137
154.90109635250045,14.507386071143525
154.93260820135075,14.188840673685501
154.96412005020105,13.8629776278134
154.99563189905135,13.52926818993835
154.86958450365017,13.236756964388192
154.90102100082288,12.937633945713602
154.93245749799559,12.631429423952085
154.9638939951683,12.317615291576699
154.995330492341,11.995594343353135
155.0267669895137,11.664686915184966
155.0582034866864,11.324114005443823
155.08963998385912,10.972975676054812
155.12107648103182,10.610223012090376
155.1525129782045,10.234621123680826
155.0267669895137,10.234621123680826
155.0684834652028,10.234621123680826
155.1101999408919,10.234621123680826
155.15191641658097,10.234621123680826
155.19363289227007,10.234621123680826
155.23534936795917,10.234621123680826
155.27706584364827,10.234621123680826
155.31878231933737,10.234621123680826
155.36049879502647,10.234621123680826
155.40221527071554,11.120271453542617
155.2353493679592,11.120271453542617
155.29965962873075,10.234621123680826
155.36396988950233,10.234621123680826
155.42828015027388,10.234621123680826
155.49259041104543,10.234621123680826
155.556900671817,10.234621123680826
155.62121093258855,10.234621123680826
155.68552119336013,10.234621123680826
155.74983145413168,10.234621123680826
155.81414171490323,10.234621123680826
155.55690067181695,10.234621123680826
155.620885585169,10.234621123680826
155.68487049852104,10.234621123680826
155.74885541187308,10.234621123680826
155.81284032522512,10.234621123680826
155.87682523857717,10.234621123680826
155.9408101519292,10.234621123680826
156.00479506528126,10.234621123680826
156.06877997863327,10.234621123680826
156.1275156613021,10.414408881245638
155.87572985714826,10.59114512912755
155.93718702123198,10.87926762691019
155.99631040761867,11.159953989583915
156.0533242866515,11.433751877722543
156.1084208334137,11.701144856509453
156.1617660276083,11.962562430546036
156.21350425494046,12.218388144776108
156.26376193835563,12.468966188425535
156.31265043463432,12.71460682678757
156.36026836779888,12.955590905531361
156.15498131072223,13.192173614047867
156.20466086901922,13.192173614047867
156.2543404273162,13.192173614047867
156.3040199856132,13.192173614047867
156.35369954391018,13.192173614047867
156.40337910220717,13.192173614047867
156.45305866050415,13.192173614047867
156.50273821880114,13.192173614047867
156.55241777709813,13.192173614047867
156.60209733539511,13.192173614047867
156.40337910220717,13.192173614047867
156.453260561285,13.192173614047867
156.5018689993047,13.466551927049796
156.54905766507497,13.735450372837303
156.59493326035997,13.999184729312782
156.63959039875522,14.258041563488725
156.68311338277496,14.51228188008074
156.72557766532225,14.762144204270179
156.7670510604717,15.007847202327703
156.80759475344664,15.249591922053629
156.63482115865338,15.487563718348703
156.67681716988608,15.714258887430999
156.71792674274295,15.937729914655261
156.75819832418338,16.158110572829678
156.79767633665674,16.375525632329584
156.8364016156557,16.59009168709975
156.87441178931516,16.801917885695946
156.91174160901977,17.01110658037749
156.94842323840987,17.21775390520655
156.98448650690892,17.42195029241986
156.83340793051863,17.623780934942467
156.87057915775662,17.788988654772147
156.90724083383805,17.9526761313288
156.94341123077902,18.11488457576127
156.97910761528823,18.27565337026078
157.01434632180334,18.435020179720304
157.04914281900855,18.59302105477928
157.0835117705175,18.74969052705234
157.117467090325,18.905061697254705
157.15102199355846,19.05916631686123
157.0124998575235,19.212034863869793
157.04694523896012,19.212034863869793
157.08139062039677,19.212034863869793
157.1158360018334,19.212034863869793
157.15028138327003,19.212034863869793
157.18472676470668,19.212034863869793
157.2191721461433,19.212034863869793
157.25361752757996,19.212034863869793
157.2880629090166,19.212034863869793
157.32250829045321,19.212034863869793
157.18472676470662,19.212034863869793
157.2187203587742,19.212034863869793
157.25271395284176,19.212034863869793
157.28670754690933,19.212034863869793
157.32070114097687,19.212034863869793
157.35469473504443,19.212034863869793
157.3880187118814,19.329162044397535
157.42104758576022,19.44558374198646
157.45378829095228,19.561312552961216
157.4862475094036,19.676360703205965
157.3534337818386,19.790740063239117
157.3866217511086,19.894661897556944
157.41955203244538,19.99804369895991
157.45222990332076,20.100893799851697
157.4846604740806,20.203220320541046
157.51684869498567,20.305031176723883
157.54879936288543,20.406334086629453
157.58051712754755,20.50713657784873
157.61200649766397,20.607445993862207
157.64327184655332,20.707269500283076
157.51585817507848,20.806614090830827
157.54735251932826,20.88520596731705
157.57872349173928,20.927960714101992
157.61012389872806,20.927960714101992
157.64152430571687,20.927960714101992
157.67292471270565,20.927960714101992
157.70432511969443,20.927960714101992
157.7357255266832,20.927960714101992
157.767125933672,20.927960714101992
157.79852634066077,20.927960714101992
157.67292471270562,20.927960714101992
157.70436067596725,20.927960714101992
157.73579663922888,20.927960714101992
157.7672326024905,20.927960714101992
157.79866856575214,20.927960714101992
157.83010452901377,20.927960714101992
157.86154049227537,20.927960714101992
157.892976455537,20.927960714101992
157.92441241879862,20.927960714101992
157.95584838206025,20.927960714101992
157.83010452901377,20.927960714101992
157.8615260763199,20.927960714101992
157.89294762362604,20.927960714101992
157.92436917093218,20.927960714101992
157.95579071823832,20.927960714101992
157.98721226554446,20.927960714101992
158.0186338128506,20.927960714101992
158.05005536015673,20.927960714101992
158.0814769074629,20.927960714101992
158.11289845476904,20.927960714101992
157.98721226554446,20.927960714101992
158.01866347499995,20.927960714101992
158.05011468445545,20.927960714101992
158.08156589391098,20.927960714101992
158.11301710336647,20.927960714101992
158.14446831282197,20.927960714101992
158.17591952227747,20.927960714101992
158.20737073173296,20.927960714101992
158.23882194118846,20.927960714101992
158.270273150644,20.927960714101992
158.14446831282194,20.927960714101992
158.17587430843068,20.927960714101992
158.20728030403944,20.927960714101992
158.23868629964818,20.927960714101992
158.27009229525694,20.927960714101992
158.30149829086568,20.927960714101992
158.33290428647445,20.927960714101992
158.36431028208318,20.927960714101992
158.39571627769195,20.927960714101992
158.42712227330068,20.927960714101992
158.30149829086562,20.927960714101992
158.33290409191758,20.927960714101992
158.36430989296954,20.927960714101992
158.39571569402153,20.927960714101992
158.4271214950735,20.927960714101992
158.45852729612545,20.927960714101992
158.4899330971774,20.927960714101992
158.5213388982294,20.87153016725948
158.55274469928136,20.761499703215705
158.58415050033332,20.650882991543707
158.45852729612542,20.487623183890594
158.48991963864765,20.32305191450717
158.5213119811699,20.1571370614583
158.55270432369213,19.989845169712495
158.58409666621438,19.821141372376623
158.6154890087366,19.65098930584418
158.64688135125886,19.47935101827226
158.67827369378108,19.306186870734646
158.70966603630333,19.131455430321786
158.74105837882556,18.95511335437093
158.61548900873655,18.775951421263617
158.64688633796536,18.595063357521838
158.6782836671942,18.412398289382384
158.709680996423,18.22790279388859
158.74107832565184,18.041520716393382
158.77247565488065,17.85319297091284
158.8038729841095,17.66285732131842
158.8352703133383,17.470448141071017
158.86666764256714,17.27589614886741
158.89806497179595,17.0791281171801
158.7724756548806,17.045561977193778
158.80382616120127,17.011929608179567
158.8350982530818,16.978230616555983
158.8662924516931,16.944464604827775
158.89740927281215,16.91063117153123
158.9284492268968,16.87672991117847
158.95941281915904,16.842760414200765
158.9903005496376,16.8087222668908
159.0211129132686,16.77461505134389
159.05185039995553,16.740438345398108
158.92813102748536,16.740438345398108
158.96643848651863,16.740438345398108
159.0047459455519,16.734383757085133
159.04305340458515,16.724128588492608
159.0813608636184,16.713867127612232
159.11966832265165,16.703599362847452
159.1579757816849,16.693325282566047
159.19628324071817,16.68304487509998
159.23459069975144,16.672758128745247
159.2728981587847,16.66246503176171
159.11966832265168,16.642216025465224
159.15897256450015,16.62194235165738
159.1982768063486,16.601643919967415
159.23758104819706,16.581320639471418
159.27688529004553,16.560972418687573
159.31618953189397,16.54059916557137
159.35549377374244,16.520200787510724
159.3947980155909,16.49977719132109
159.43410225743935,16.479328283240473
159.47340649928782,16.45885396892442
159.31618953189403,16.43361216056177
159.3556309286997,16.40833152142984
159.39507232550534,16.383011871769263
159.434513722311,16.35765303042943
159.47395511911665,16.332254814853385
159.51339651592232,16.30681704106249
159.55283791272797,16.281339523640877
159.59227930953364,16.25582207571967
159.63172070633928,16.230264508961014
159.67116210314495,16.204666633541834
159.51339651592238,16.204666633541834
159.5532771199034,16.204666633541834
159.59315772388447,16.204666633541834
159.6330383278655,16.204666633541834
159.67291893184657,16.204666633541834
159.7127995358276,16.204666633541834
159.75268013980866,16.204666633541834
159.7925607437897,16.204666633541834
159.83244134777073,16.204666633541834
159.8723219517518,16.48916560506811
159.71279953582754,16.48916560506811
159.75336622392248,16.204666633541834
159.79393291201745,16.204666633541834
159.8344996001124,16.204666633541834
159.87506628820734,16.204666633541834
159.9156329763023,16.204666633541834
159.95619966439725,16.204666633541834
159.9967663524922,16.204666633541834
160.03733304058716,16.204666633541834
160.0778997286821,16.204666633541834
159.91563297630225,16.204666633541834
159.95618933282813,16.204666633541834
159.996745689354,16.204666633541834
160.03730204587987,16.204666633541834
160.07785840240572,16.204666633541834
160.1184147589316,16.204666633541834
160.1589711154575,16.204666633541834
160.19952747198334,16.204666633541834
160.24008382850923,16.204666633541834
160.28064018503508,16.204666633541834
160.11841475893166,16.204666633541834
160.15899053906676,16.204666633541834
160.19956631920184,16.204666633541834
160.24014209933694,16.204666633541834
160.27974630683994,16.378868118638653
160.31874029211843,16.551236237553113
160.3571487840439,16.721827685238985
160.39499497273425,16.890696293473475
160.43230063589442,17.057893229291015
160.46908625242918,17.223467176077698
160.31629322331975,17.38746449914304
160.35384788205667,17.559392255288913
160.39086025700755,17.72965287424548
160.4273508110209,17.898293932869183
160.46333882333175,18.06536078725035
160.4988424798837,18.23089671518281
160.5338789551897,18.394943047093243
160.56846448666442,18.557539286552643
160.60261444224275,18.718723221365433
160.63634338199856,18.878531026121344
160.49689132067797,19.036997356998477
160.53146208698396,19.036997356998477
160.56603285328993,19.036997356998477
160.60060361959592,19.036997356998477
160.63517438590188,19.036997356998477
160.66974515220787,19.036997356998477
160.70431591851386,19.036997356998477
160.73888668481982,19.036997356998477
160.7734574511258,19.036997356998477
160.80802821743177,19.036997356998477
160.66974515220792,19.036997356998477
160.70430103199155,19.036997356998477
160.7388569117752,19.036997356998477
160.77341279155883,19.036997356998477
160.80796867134248,19.036997356998477
160.8425245511261,19.036997356998477
160.87636164050284,19.15959328111841
160.90988278363713,19.28140972609079
160.94309580638026,19.402461373570603
160.97600823454553,19.522762450032783
160.84117255687005,19.642326746287488
160.8744709691479,19.749398239937463
160.9075011325203,19.855892366533645
160.94026874460866,19.961818366649197
160.97277931597984,20.067185236968772
161.00503817831284,20.17200173920629
161.03705049212456,20.276276408607814
161.0688212540826,20.380017562062843
161.1003553039312,20.483233305845882
161.13165733105507,20.44052485549087
161.00401009543575,20.295182013005174
161.03550311824165,20.14879077051716
161.06681265184056,20.00132810808188
161.09794798498766,19.852770150792935
161.12917173028762,19.703092123656216
161.16039547558762,19.552268303354275
161.19161922088762,19.40027196663544
161.22284296618759,19.247075335034403
161.25406671148758,19.092649515600456
161.28529045678755,18.936964437275236
161.16039547558768,18.834074764585324
161.19164908244554,18.730619914390246
161.22276490380912,18.626590469452943
161.25374454947817,18.52197674807087
161.28458960004002,18.416768793559868
161.31530160757785,18.31095636319423
161.34588209635757,18.20452891656815
161.37633256349443,18.097475603341167
161.40665447959927,17.989785250327238
161.43684928940618,17.881446347884
161.31475348072425,17.842454738264
161.3472259219856,17.803377732378333
161.37969836324694,17.764214766673195
161.41217080450832,17.724965271368948
161.44464324576967,17.68562867036342
161.47711568703102,17.646204381133238
161.50958812829236,17.606691814633184
161.54206056955374,17.56709037519351
161.5745330108151,17.52739946041516
161.60700545207644,17.487618461062873
161.477115687031,17.487618461062873
161.5132202455625,17.487618461062873
161.54932480409403,17.487618461062873
161.58542936262555,17.487618461062873
161.62153392115707,17.487618461062873
161.6576384796886,17.487618461062873
161.6937430382201,17.487618461062873
161.72984759675163,17.487618461062873
161.76595215528314,17.487618461062873
161.80205671381466,18.154744578258313
161.6576384796886,18.154744578258313
161.69513241144043,17.487618461062873
161.73262634319227,17.487618461062873
161.7701202749441,17.487618461062873
161.80761420669594,17.487618461062873
161.84510813844778,17.487618461062873
161.88260207019962,17.487618461062873
161.92009600195146,17.487618461062873
161.9575899337033,17.487618461062873
161.99508386545514,17.487618461062873
161.84510813844778,17.487618461062873
161.88277538609967,17.487618461062873
161.92044263375155,17.487618461062873
161.9581098814034,17.487618461062873
161.99577712905528,17.487618461062873
162.03344437670717,17.487618461062873
162.07111162435905,17.487618461062873
162.1087788720109,17.487618461062873
162.14644611966278,17.487618461062873
162.18411336731467,17.487618461062873
162.0334443767072,17.487618461062873
162.0711665417043,17.487618461062873
162.10888870670138,17.487618461062873
162.14661087169847,17.487618461062873
162.18433303669556,17.487618461062873
162.22119199251,17.634301585792272
162.2576053302949,17.779774616053057
162.29358729064728,17.924067015513344
162.32915141224393,18.067207071254327
162.3643105776852,18.20922195851737
162.21933158557556,18.3501378009409
162.25508554072331,18.3501378009409
162.29083949587107,18.3501378009409
162.32659345101882,18.3501378009409
162.36234740616658,18.3501378009409
162.39810136131433,18.3501378009409
162.4338553164621,18.3501378009409
162.46960927160984,18.3501378009409
162.50536322675757,18.3501378009409
162.54111718190532,18.3501378009409
162.39810136131433,18.3501378009409
162.43394925748714,18.3501378009409
162.46979715365995,18.3501378009409
162.50564504983276,18.3501378009409
162.54149294600558,18.3501378009409
162.5765810940173,18.492606273800863
162.61127541984484,18.63398551792176
162.6455876144868,18.77430014052233
162.6795288331572,18.91357383602358
162.7131097278534,19.051829432760904
162.5749373856487,19.18908893666694
162.60908762602793,19.307744848294778
162.64292640626775,19.425675999418743
162.67646120471494,19.542895510694756
162.709699222564,19.659416111611076
162.7426473974983,19.775250156622874
162.77531241650158,19.890409640441117
162.80770072789986,20.004906212529285
162.8398185526882,20.118751190857566
162.87167189519286,20.231955574960434
162.74146641934612,20.34453005834031
162.77370908242344,20.434945585126382
162.80573939919321,20.52496282187717
162.83756106448666,20.61458698620479
162.86917767356948,20.703823182788433
162.90059272571636,20.792676406767157
162.931809627627,20.88115154700275
162.96304844433544,20.927960714101992
162.99449668041046,20.927960714101992
163.02594491648546,20.927960714101992
162.90015197218537,20.927960714101992
162.9314476730654,20.927960714101992
162.96274337394544,20.927960714101992
162.99403907482545,20.927960714101992
163.0253347757055,20.927960714101992
163.05663047658553,20.927960714101992
163.08792617746556,20.927960714101992
163.11922187834557,20.927960714101992
163.1505175792256,20.927960714101992
163.18181328010564,20.927960714101992
163.05663047658555,20.927960714101992
163.08822741537477,20.927960714101992
163.119824354164,20.927960714101992
163.15142129295322,20.927960714101992
163.18301823174244,20.927960714101992
163.21461517053166,20.927960714101992
163.24621210932088,20.927960714101992
163.27780904811013,20.927960714101992
163.30940598689935,20.927960714101992
163.34100292568857,20.927960714101992
163.21461517053166,20.927960714101992
163.24603624420774,20.927960714101992
163.27745731788383,20.927960714101992
163.30887839155992,20.927960714101992
163.340299465236,20.927960714101992
163.3717205389121,20.927960714101992
163.40314161258817,20.927960714101992
163.43456268626426,20.927960714101992
163.46598375994034,20.927960714101992
163.4974048336164,20.927960714101992
163.3717205389121,20.927960714101992
163.40212741318913,20.927960714101992
163.43253428746615,20.927960714101992
163.4629411617432,20.927960714101992
163.49334803602022,20.927960714101992
163.52375491029727,20.927960714101992
163.5541617845743,20.927960714101992
163.58456865885134,20.927960714101992
163.6149755331284,20.927960714101992
163.6453824074054,20.927960714101992
163.52375491029733,20.927960714101992
163.5590376272769,20.927960714101992
163.5943203442565,20.927960714101992
163.62960306123605,20.927960714101992
163.66488577821562,20.927960714101992
163.7001684951952,20.927960714101992
163.73545121217478,20.927960714101992
163.77073392915435,20.927960714101992
163.8060166461339,20.927960714101992
163.84129936311348,20.927960714101992
163.70016849519516,20.927960714101992
163.75176299297203,20.927960714101992
163.80335749074888,20.927960714101992
163.85495198852576,20.927960714101992
163.90654648630263,20.927960714101992
163.95814098407948,20.927960714101992
164.00973548185635,20.927960714101992
164.06132997963323,20.927960714101992
164.1129244774101,20.927960714101992
164.16451897518695,20.927960714101992
163.95814098407953,20.927960714101992
163.99789760867054,20.927960714101992
164.03765423326152,20.927960714101992
164.07741085785253,20.927960714101992
164.1171674824435,20.927960714101992
164.1569241070345,20.927960714101992
164.1966807316255,20.927960714101992
164.2364373562165,20.927960714101992
164.27619398080748,20.927960714101992
164.31595060539848,20.927960714101992
164.15692410703457,20.927960714101992
164.187260971665,20.927960714101992
164.21759783629545,20.927960714101992
164.2479347009259,20.927960714101992
164.27827156555634,20.927960714101992
164.30860843018678,20.927960714101992
164.33894529481722,20.927960714101992
164.36928215944766,20.927960714101992
164.3996190240781,20.927960714101992
164.42995588870855,20.927960714101992
164.30860843018678,20.927960714101992
164.33194364808202,20.927960714101992
164.35527886597725,20.927960714101992
164.3786140838725,20.927960714101992
164.40194930176773,20.927960714101992
164.42528451966297,20.927960714101992
164.4486197375582,20.927960714101992
164.47195495545344,20.927960714101992
164.49529017334868,20.927960714101992
164.51862539124392,20.927960714101992
164.42528451966297,20.927960714101992
164.4440362040483,20.927960714101992
164.46278788843367,20.927960714101992
164.481539572819,20.927960714101992
164.50029125720437,20.927960714101992
164.5190429415897,20.927960714101992
164.53779462597507,20.927960714101992
164.5565463103604,20.927960714101992
164.57529799474577,20.927960714101992
164.5940496791311,20.927960714101992
164.51904294158965,20.927960714101992
164.54030044650523,20.927960714101992
164.5615579514208,20.927960714101992
164.5828154563364,20.927960714101992
164.60407296125197,20.927960714101992
164.62533046616755,20.927960714101992
164.64658797108314,20.927960714101992
164.66784547599872,20.927960714101992
164.6891029809143,20.927960714101992
164.71036048582988,20.927960714101992
164.62533046616755,20.927960714101992
164.65802368220955,20.927960714101992
164.6907168982515,20.927960714101992
164.7234101142935,20.927960714101992
164.7561033303355,20.927960714101992
164.78879654637748,20.927960714101992
164.82148976241945,20.927960714101992
164.85418297846144,20.927960714101992
164.88687619450343,20.927960714101992
164.9195694105454,20.927960714101992
164.7887965463775,20.927960714101992
164.8199999208727,20.927960714101992
164.85120329536787,20.927960714101992
164.88240666986306,20.927960714101992
164.91361004435825,20.927960714101992
164.94481341885344,20.927960714101992
164.9760167933486,20.927960714101992
165.0072201678438,20.927960714101992
165.038423542339,20.927960714101992
165.06962691683415,20.927960714101992
164.94481341885347,20.927960714101992
164.97612025077245,20.927960714101992
165.0074270826914,20.927960714101992
165.0387339146104,20.927960714101992
165.07004074652934,20.927960714101992
165.10134757844833,20.927960714101992
165.13265441036728,20.927960714101992
165.16396124228626,20.927960714101992
165.19526807420522,20.927960714101992
165.2265749061242,20.927960714101992
165.10134757844838,20.927960714101992
165.1327799895859,20.927960714101992
165.16421240072341,20.927960714101992
165.19564481186094,20.927960714101992
165.22707722299845,20.927960714101992
165.25850963413598,20.927960714101992
165.28994204527348,20.927960714101992
165.321374456411,20.927960714101992
165.3528068675485,20.927960714101992
165.38423927868604,20.927960714101992
165.25850963413603,20.927960714101992
165.28993158653645,20.927960714101992
165.32135353893685,20.927960714101992
165.35277549133727,20.927960714101992
165.3841974437377,20.927960714101992
165.41561939613808,20.927960714101992
165.4470413485385,20.927960714101992
165.47846330093893,20.927960714101992
165.50988525333932,20.927960714101992
165.54130720573974,20.927960714101992
165.41561939613814,17.89284103037673
165.44706344701046,17.892841021682028
165.4785074978828,17.892841012987326
165.5099515487551,17.892841004292624
165.54139559962744,17.892840995597922
165.57283965049976,17.89284098690322
165.60428370137208,17.89284097820852
165.6357277522444,17.892840969513816
165.66717180311673,17.892840960819115
165.69861585398905,17.892840952124413
