Time (s),Velocity (m/s)
0.0,19.967858122410863
0.03299905467895323,19.78395754822606
0.06599810935790645,19.59833142242707
0.09899716403685968,19.4109302408868
0.1319962187158129,19.221702086179963
0.16499527339476613,19.030592459593496
0.19799432807371936,18.837544097796247
0.2309933827526726,18.642496772420255
0.2639924374316258,18.445387070565396
0.29699149211057907,18.246148153960124
0.16499527339476616,18.078013528453152
0.1978949092865418,17.90830041666735
0.23079454517831743,17.73696350822994
0.26369418107009307,17.563955282650696
0.2965938169618687,17.389225855386034
0.3294934528536444,17.212722809837462
0.36239308874542003,17.034391013680874
0.39468209693691575,16.85417241770252
0.42673706852196347,16.672005835061277
0.4585625142383104,16.487826698597665
0.328850124955469,16.309098997196653
0.36119385448617986,16.12839083596785
0.39353758401689065,15.945634882785395
0.4258813135476015,15.760759901491841
0.45822504307831236,15.573690427443454
0.4905687726090232,15.384346407540837
0.5229125021397341,15.192642799874728
0.5552562316704448,14.998489127307332
0.5875999612011557,14.801788978340657
0.6199436907318665,14.602439447458694
0.49056877260902326,14.44002316147491
0.52645462210423,14.275759173899157
0.5623404715994367,14.109582951965661
0.5982263210946435,13.941426116636494
0.6341121705898503,13.77121611379577
0.6699980200850569,13.598875848396526
0.7058838695802637,13.42432327632706
0.7417697190754704,13.247470947866638
0.7776555685706772,13.06822549552175
0.813541418065884,12.886487057729841
0.6699980200850572,12.886487057729841
0.7130359361260358,12.886487057729841
0.7560738521670144,12.886487057729841
0.799111768207993,12.886487057729841
0.8421496842489716,12.886487057729841
0.8851876002899502,12.886487057729841
0.928225516330929,12.886487057729841
0.9712634323719076,12.886487057729841
1.0143013484128862,12.886487057729841
1.0573392644538648,13.227935622632558
0.8851876002899502,13.227935622632558
0.9360481025147133,12.886487057729841
0.9869086047394763,12.886487057729841
1.0377691069642392,12.886487057729841
1.0886296091890022,12.886487057729841
1.1394901114137652,12.886487057729841
1.1903506136385282,12.886487057729841
1.241211115863291,12.886487057729841
1.292071618088054,12.886487057729841
1.3429321203128168,12.886487057729841
1.1394901114137648,12.886487057729841
1.1904546305333716,12.886487057729841
1.2414191496529785,12.886487057729841
1.2923836687725851,12.886487057729841
1.343348187892192,12.886487057729841
1.3943127070117989,12.886487057729841
1.4452772261314057,12.886487057729841
1.4962417452510126,12.886487057729841
1.5472062643706193,12.886487057729841
1.5981707834902261,12.886487057729841
1.394312707011799,12.886487057729841
1.4446680535836083,12.618829699845
1.4935389427246266,12.31109183628467
1.541037395212084,11.995461700542414
1.5872627149505945,11.671299011546434
1.632303360457006,11.337871926630223
1.6762384837978332,10.994337589523736
1.7191392054035854,10.639717018800804
1.761069677325768,10.272862183827073
1.8020879757036141,9.892412074698932
1.6276574881138068,9.892412074698932
1.6712825992108975,9.892412074698932
1.7149077103079882,9.892412074698932
1.758532821405079,9.892412074698932
1.8021579325021697,9.892412074698932
1.8457830435992604,9.892412074698932
1.8894081546963513,9.892412074698932
1.933033265793442,9.892412074698932
1.9766583768905326,9.892412074698932
2.0202834879876232,10.438541934381034
1.8457830435992602,10.438541934381034
1.911464241137177,9.892412074698932
1.9771454386750937,9.892412074698932
2.0428266362130105,9.892412074698932
2.1085078337509273,9.892412074698932
2.1741890312888446,9.892412074698932
2.239870228826762,9.892412074698932
2.3055514263646786,9.892412074698932
2.371232623902596,9.892412074698932
2.4369138214405126,9.892412074698932
2.1741890312888454,9.892412074698932
2.2398929544417325,10.044604982113519
2.3041420540341164,10.194526072248294
2.367019619467797,10.342274142025087
2.4291950213065068,10.438541934381034
2.492178964341292,10.438541934381034
2.5551629073760775,10.438541934381034
2.618146850410863,10.438541934381034
2.6811307934456483,10.438541934381034
2.7441147364804337,10.438541934381034
2.492178964341292,10.438541934381034
2.553552450549983,10.780711324998448
2.6121569416804933,11.112349689875144
2.6683055806842124,11.434373379734755
2.7222592065001074,11.47163279548153
2.7742374934403373,11.23553689921622
2.8244272690055556,10.994372189121622
2.872988826314575,10.747797460513143
2.920060784774876,10.495431419026783
2.96576388225667,10.236845758864217
2.766652991495632,10.236845758864217
2.818103152284195,10.236845758864217
2.8695533130727577,10.236845758864217
2.9210034738613206,10.236845758864217
2.9724536346498835,10.236845758864217
3.0239037954384465,10.236845758864217
3.0753539562270094,10.236845758864217
3.1268041170155723,10.236845758864217
3.178254277804135,10.236845758864217
3.229704438592698,12.723632070842479
3.0239037954384465,12.723632070842479
3.0876539687824174,10.236845758864217
3.1514041421263883,10.236845758864217
3.2151543154703592,10.236845758864217
3.27890448881433,10.236845758864217
3.342654662158301,10.236845758864217
3.406404835502272,10.236845758864217
3.470155008846243,10.236845758864217
3.533905182190214,10.236845758864217
3.597655355534185,10.236845758864217
3.342654662158301,10.236845758864217
3.4058577614489707,10.51881639745934
3.466632838075181,10.793423262160283
3.5252157956980454,11.06121480800486
3.581808422729388,11.322674610775898
3.6365847265577487,11.578231628974796
3.6896958602681393,11.828268468667575
3.741274001059261,12.07312810664903
3.7914354370845023,12.313119409485232
3.840283049030758,12.548521701974508
3.629552438597485,12.779588577791085
3.679975979635875,13.061237610172897
3.7288276223790726,13.33694011387851
3.776232515327166,13.607057554554855
3.8223008484270466,13.871916197294265
3.8671301665476623,13.76168010663108
3.9108072516850343,13.530216303837095
3.9534096668416807,13.294723280309098
3.995007031996085,13.054982993913335
4.035662086072196,12.81075699725586
3.8622837634095024,12.804573130810278
3.90504698200853,12.798386276472401
3.9478102006075577,12.792196429907014
3.9905734192065854,12.786003586768395
4.033336637805613,12.779807742700308
4.076099856404641,12.77360889333595
4.118863075003668,12.767407034297914
4.161626293602696,12.761202161198154
4.204389512201724,12.754994269637953
4.247152730800751,12.748783355207884
4.076099856404641,12.499110338639893
4.127120255413704,12.244347327520716
4.178140654422767,11.984169712434515
4.22916105343183,11.718216840283413
4.2801814524408925,11.446086149220209
4.331201851449956,11.167326016322788
4.3822222504590185,10.881426954876313
4.433242649468082,10.587810670472802
4.484263048477144,10.285816302717386
4.535283447486208,9.974682913893343
4.331201851449958,9.974682913893343
4.382223914021002,9.974682913893343
4.432657271655108,9.974682913893343
4.482519746750503,9.947266486270335
4.531828331529651,9.803035674354016
4.581144313253012,9.656650885086302
4.630772885686139,9.508012631471344
4.680401458119267,9.357013523769174
4.730030030552394,9.203537361676748
4.779658602985521,9.04745808785873
4.581144313253011,9.04745808785873
4.6458482752766415,9.04745808785873
4.710552237300273,9.04745808785873
4.775256199323903,9.04745808785873
4.839960161347533,9.04745808785873
4.904664123371164,9.04745808785873
4.969368085394795,9.04745808785873
5.034072047418426,9.04745808785873
5.098776009442056,9.04745808785873
5.163479971465686,9.974682913893343
4.9046641233711625,9.974682913893343
4.976847921537628,9.04745808785873
5.049031719704094,9.04745808785873
5.121215517870559,9.04745808785873
5.193399316037025,9.04745808785873
5.265583114203491,9.04745808785873
5.337766912369957,9.04745808785873
5.409950710536422,9.04745808785873
5.482134508702888,9.04745808785873
5.554318306869353,9.04745808785873
5.265583114203489,9.04745808785873
5.33642170167362,9.307603540571508
5.404428217189414,9.560673066544958
5.469888417238713,9.807214451731797
5.533045220392909,10.047708252091912
5.59410693885841,10.282578807675375
5.65325361985309,10.512203039941419
5.713913772540707,10.574801284765412
5.775824910873133,10.574801284765412
5.83773604920556,10.574801284765412
5.590091495875853,10.574801284765412
5.650931409515385,10.91160066369167
5.709098063578352,11.238311077536373
5.76488634377538,11.223350956172133
5.818543027227815,10.857708241418162
5.870276801909505,10.479315331934133
5.920265801620097,10.08673740098649
5.968663360717738,9.678248445189327
6.015602470652981,9.251741162460155
6.061199274739376,8.804597441536409
5.862883329806782,8.804597441536409
5.911040743477991,8.804597441536409
5.9591981571492,8.804597441536409
6.0065926576883895,8.804597441536409
6.0533598104745865,8.804597441536409
6.099521448148974,8.76077344179093
6.145098234895556,8.682446123893705
6.19010974912779,8.603405726236808
6.234574558979413,8.52363241148818
6.279405274440653,8.44310540512786
6.097270090885958,8.44310540512786
6.170646086124403,8.44310540512786
6.244022081362848,8.44310540512786
6.317398076601292,8.44310540512786
6.390774071839737,8.44310540512786
6.464150067078182,8.44310540512786
6.537526062316626,8.44310540512786
6.610902057555071,8.44310540512786
6.684278052793516,8.44310540512786
6.757654048031961,8.649092913541963
6.464150067078183,8.649092913541963
6.541189346521239,8.44310540512786
6.618228625964296,8.44310540512786
6.695267905407352,8.44310540512786
6.772307184850408,8.44310540512786
6.849346464293465,8.44310540512786
6.926385743736521,8.44310540512786
7.003425023179577,8.44310540512786
7.080464302622634,8.44310540512786
7.157503582065689,8.44310540512786
6.849346464293465,8.44310540512786
6.926321052966728,8.44310540512786
7.0032956416399905,8.44310540512786
7.080270230313254,8.44310540512786
7.157244818986517,8.44310540512786
7.23421940765978,8.44310540512786
7.311193996333043,8.44310540512786
7.388168585006307,8.44310540512786
7.4603857546458565,8.567645616713092
7.532757203297623,8.649092913541963
7.232191781151603,8.649092913541963
7.306183129841627,8.894826027698986
7.377249011609814,9.133950508897058
7.4456815211198855,9.36697249568559
7.511729400405809,9.594336640481192
7.576475918668674,9.765414873706105
7.643402213027865,9.765414873706105
7.710328507387056,9.765414873706105
7.777254801746247,9.765414873706105
7.844181096105439,9.765414873706105
7.576475918668676,9.765414873706105
7.642168400870473,10.041174054265333
7.705278226223457,10.309559889757768
7.766061879800591,10.571133990871228
7.824737973299478,10.826390099447
7.881494418495274,11.07576504435946
7.9364939760326285,11.319647523236132
7.989878601827359,11.558385215191473
8.041772890744987,11.792290596623195
8.092286833635749,12.021645737903723
7.874070824725024,12.18461697472642
7.927303442959647,12.456209226682944
7.9788587946543394,12.722004786078779
8.028871788415607,12.982359695183364
8.077461048688876,13.237594975418745
8.12473145815357,13.488001268213969
8.170776221837416,13.733842713874793
8.215678556936357,13.975360216021686
8.259513086905889,14.212774206525332
8.302346999821609,14.446287001294893
8.11957536664094,14.676084818571058
8.165850748920038,14.676084818571058
8.212126131199136,14.676084818571058
8.258401513478235,14.676084818571058
8.304676895757332,14.676084818571058
8.35095227803643,14.676084818571058
8.39722766031553,14.676084818571058
8.443503042594628,14.676084818571058
8.489778424873727,14.676084818571058
8.536053807152825,14.676084818571058
8.350952278036432,14.676084818571058
8.39437069866902,14.676084818571058
8.436922428814658,14.913863402573437
8.47849205933195,15.147910006972799
8.519138344891399,15.378395025752003
8.55891470323312,15.60547626818231
8.597869848559007,15.829300222862937
8.636048333520495,16.050003163060627
8.673491015174582,16.267712117042876
8.710235457351118,16.48254572302807
8.555472578029487,16.694614985091402
8.594509388284552,16.887334323040882
8.632891019334194,17.077879012801052
8.670646113784667,17.26632105034499
8.70780140057758,17.452728544594475
8.744381863188385,17.637166005030934
8.780410889726683,17.819694602510307
8.815910407222873,18.00037240627124
8.85090100205683,18.179254599739984
8.88540202820832,18.35639367740525
8.742077078720085,18.53183962475392
8.777628071792114,18.53183962475392
8.81317906486414,18.53183962475392
8.84873005793617,18.53183962475392
8.884281051008198,18.53183962475392
8.919832044080227,18.53183962475392
8.955383037152254,18.53183962475392
8.990934030224283,18.53183962475392
9.026485023296312,18.53183962475392
9.062036016368339,18.53183962475392
8.919832044080229,18.53183962475392
8.955366186905463,18.53183962475392
8.990900329730698,18.53183962475392
9.026434472555932,18.53183962475392
9.061968615381167,18.53183962475392
9.097502758206401,18.53183962475392
9.132188329702998,18.668977223106737
9.166503631436328,18.805114762642543
9.200459141366446,18.9402738078264
9.234064879110038,19.074475159089264
9.095911756002696,19.207738890197145
9.12998966569553,19.325778502514417
9.163758657661191,19.361629128186213
9.197226104839324,19.194254995086954
9.23039910853831,19.02540846172329
9.263284511726509,18.855049972206487
9.29588891152001,18.68313816716548
9.328218670924347,18.50962976648607
9.360279929882932,18.334479442061586
9.392078615680726,18.15763967949498
9.262112524629684,18.12534528079577
9.29430830979136,18.092993239532273
9.32632819994951,18.060583245937973
9.35817473800095,18.028114987461958
9.389850409823628,17.99558814873372
9.421357645982576,17.963002411527437
9.452698823372504,17.93035745472564
9.48387626679984,17.89765295428231
9.514892250506891,17.864888583185323
9.545748999640617,17.83206401141831
9.420665481106118,17.83206401141831
9.456376588086117,17.83206401141831
9.492087695066115,17.83206401141831
9.527798802046114,17.83206401141831
9.563509909026113,17.83206401141831
9.59922101600611,17.83206401141831
9.63493212298611,17.83206401141831
9.670643229966107,17.83206401141831
9.706354336946106,17.83206401141831
9.742065443926105,18.42134359767158
9.599221016006114,18.42134359767158
9.636088484389878,17.83206401141831
9.672955952773641,17.83206401141831
9.709823421157406,17.83206401141831
9.746690889541169,17.83206401141831
9.783558357924933,17.83206401141831
9.820425826308696,17.83206401141831
9.857293294692461,17.83206401141831
9.894160763076226,17.83206401141831
9.931028231459988,17.83206401141831
9.783558357924937,17.83206401141831
9.820435416665832,17.83206401141831
9.857312475406726,17.83206401141831
9.894189534147621,17.83206401141831
9.931066592888516,17.83206401141831
9.967943651629412,17.83206401141831
10.004820710370305,17.83206401141831
10.0416977691112,17.83206401141831
10.078574827852096,17.83206401141831
10.115451886592991,17.83206401141831
9.967943651629414,17.83206401141831
10.004827954421954,17.83206401141831
10.041712257214494,17.83206401141831
10.078596560007034,17.83206401141831
10.115480862799576,17.83206401141831
10.151698691320172,17.949971886062027
10.187568419489837,18.067110297817806
10.223098906555164,18.183494117375
10.258298663094592,18.299137742519683
10.29317586925276,18.41405511892493
10.150246480267935,18.528259759780532
10.185765580830449,18.528259759780532
10.221284681392962,18.528259759780532
10.256803781955478,18.528259759780532
10.292322882517992,18.528259759780532
10.327841983080505,18.528259759780532
10.363361083643019,18.528259759780532
10.398880184205535,18.528259759780532
10.434399284768048,18.528259759780532
10.469918385330562,18.528259759780532
10.327841983080503,18.528259759780532
10.363299157909886,18.528259759780532
10.398756332739268,18.528259759780532
10.434213507568652,18.528259759780532
10.469670682398034,18.528259759780532
10.505127857227416,18.528259759780532
10.539842500206554,18.648392409919087
10.574230870452821,18.76775610515954
10.608301102501951,18.88636542512027
10.642061016994433,19.004234494438435
10.503731412030692,19.12137700240306
10.538016822794253,19.227753238594367
10.572020436442822,19.33354418466836
10.605748358257431,19.43875939654512
10.639206489110054,19.54340817291137
10.672400534562911,19.647499564811458
10.705336013466843,19.751042384783492
10.738018266091352,19.85404521556656
10.770452461816584,19.956516418403517
10.802643606415211,20.05846414096196
10.671322304839546,20.15989632489474
10.703921808397606,20.242459130340364
10.736323279244033,20.324686552478376
10.76852989799009,20.4065826455458
10.800544766079943,20.488151382750146
10.832370908417857,20.569396658518748
10.86401127588726,20.650322290668438
10.895468747766959,20.730932022498965
10.926746134049546,20.81122952481348
10.957846177666621,20.891218397869082
10.831596498164684,20.97090217326043
10.862832932778012,21.035700414347108
10.893925810033116,21.10029966336657
10.924876877924385,21.16470174241941
10.955687851396078,21.22890844596762
10.98636041317706,21.29292154141792
11.016896214589357,21.35674276968947
11.047296876331487,21.353585515785944
11.077563989237511,21.29004522954504
11.107699115012704,21.22631473836577
10.985790429387924,21.10446427075014
11.01644446892257,20.981906179815372
11.047098508457216,20.85862799231483
11.07775254799186,20.734616864195615
11.108406587526506,20.609859564979832
11.139060627061152,20.484342461289692
11.169714666595798,20.35805149945842
11.200368706130442,20.230972187164074
11.231022745665088,20.103089574018504
11.261676785199734,19.974388231037686
11.139060627061154,19.799469388548697
11.169783277548538,19.622991385921182
11.200505928035923,19.44491177135543
11.231228578523307,19.265186130937252
11.261951229010691,19.08376795927673
11.292673879498077,18.90060851897042
11.32339652998546,18.71565668768364
11.354119180472845,18.528858791493274
11.38484183096023,18.34015842295147
11.415564481447614,18.149496242122474
11.292673879498073,17.921552460683476
11.323361637547443,17.690671874161314
11.353940447483405,17.456737957518133
11.38446712748483,17.21962626991848
11.415029256500445,16.979203680793717
11.445591385516058,16.7353274958123
11.476153514531672,16.487844466463876
11.506715643547285,16.23658966373529
11.537277772562899,15.98138519236452
11.567839901578512,15.722038717193783
11.445591385516058,15.431870207296097
11.476110003837883,15.136140021971439
11.506546866474258,14.834515544318197
11.53690255525346,14.526629619581785
11.567195038503478,14.212075315533744
11.597546182721166,13.89039961427663
11.627897326938852,13.561095756397746
11.658248471156538,13.22359386793475
11.688599615374224,12.877249374535467
11.718950759591912,12.521328528709192
11.597546182721162,12.141990755985043
11.627868076710117,11.75041322307372
11.658189970699071,11.345328655774818
11.688511864688026,10.925234720687
11.718833758676983,10.488328041049453
11.749155652665937,10.032412296712279
11.779477546654892,9.554766762500444
11.809799440643847,9.051952235862863
11.840121334632801,8.519513523371048
11.870443228621756,7.95150187508383
11.749155652665936,7.95150187508383
11.779729809985193,7.95150187508383
11.81030396730445,7.95150187508383
11.840878124623707,7.95150187508383
11.871452281942965,7.95150187508383
11.902026439262222,7.95150187508383
11.932600596581478,7.95150187508383
11.963174753900736,7.95150187508383
11.993748911219994,7.95150187508383
12.024323068539251,10.355437225873773
11.902026439262224,10.355437225873773
11.981554809512586,7.95150187508383
12.061083179762948,7.95150187508383
12.140611550013308,7.95150187508383
12.22013992026367,7.95150187508383
12.299668290514031,7.95150187508383
12.379196660764393,7.95150187508383
12.458725031014755,7.95150187508383
12.538253401265115,7.95150187508383
12.617781771515476,7.95150187508383
12.299668290514033,7.95150187508383
12.382066539309944,7.95150187508383
12.464464788105854,7.95150187508383
12.546863036901765,7.95150187508383
12.629261285697675,7.95150187508383
12.711659534493586,7.95150187508383
12.794057783289498,7.95150187508383
12.876456032085407,7.95150187508383
12.944133919337377,8.299951259381574
13.00853603286652,8.634349989823084
12.704314572825387,8.956272024978139
12.775351566296301,9.35081478401792
12.842199577241812,9.729371288249318
12.905466575977158,10.093740347572465
12.965632197249416,10.44540677732631
13.02308182138376,10.78561316214412
13.07813001850657,11.11541181526886
13.131037106961005,11.43570322991204
13.182021119975822,11.747265081806177
13.2312666300205,12.050774474772348
13.012801305617604,12.34682525920841
13.065258857856646,12.63981440017328
13.115963282771222,12.926164247766188
13.165063759741638,13.20630668467266
13.212690461806073,13.48062870711269
13.258957681272854,13.49018247432657
13.303966337173284,13.139428661889367
13.34780600559677,12.77905113578985
13.390556577826286,12.408211406217408
13.432289625255045,12.025941654258757
13.253657667429668,11.71518210415521
13.297324733348091,11.39595150899657
13.340991799266517,11.067516878563309
13.38465886518494,10.72903299086951
13.428325931103366,10.379516750843894
13.47199299702179,10.017813486132171
13.515660062940213,9.64255184610455
13.559327128858639,9.252082207087053
13.602994194777063,8.844390551563148
13.646661260695488,8.416974711288026
13.471992997021786,8.416974711288026
13.523843144273307,8.416974711288026
13.575693291524829,8.416974711288026
13.627543438776348,8.416974711288026
13.679393586027869,8.416974711288026
13.73124373327939,8.416974711288026
13.783093880530911,8.416974711288026
13.83494402778243,8.416974711288026
13.886794175033952,8.416974711288026
13.938644322285473,12.571734687897202
13.731243733279392,12.571734687897202
13.808707169155483,8.416974711288026
13.886170605031573,8.416974711288026
13.963634040907662,8.416974711288026
14.041097476783753,8.416974711288026
14.118560912659843,8.416974711288026
14.196024348535934,8.416974711288026
14.273487784412024,8.416974711288026
14.350951220288113,8.416974711288026
14.428414656164204,8.416974711288026
14.118560912659845,8.416974711288026
14.193943877914077,8.835114273025717
14.264381483701637,9.234339453603777
14.330665365640511,9.617006086685393
14.393404154132119,9.985018127089427
14.45307637631085,10.339940421746395
14.510065479795811,10.004338350285229
14.564683773432744,9.638317322123244
14.617189247135121,9.257836452265408
14.66779767328715,8.861033277888495
14.441533965450846,8.861033277888495
14.495580780056972,8.861033277888495
14.548650935580847,8.861033277888495
14.600790321198051,8.861033277888495
14.652041536295936,8.861033277888495
14.702444200256855,8.861033277888495
14.752035226582628,8.861033277888495
14.802392366037653,8.861033277888495
14.85314756917654,8.861033277888495
14.903902772315428,12.851901932580525
14.700881959759878,12.851901932580525
14.774594119649572,8.861033277888495
14.848306279539267,8.861033277888495
14.922018439428962,8.861033277888495
14.995730599318657,8.861033277888495
15.069442759208352,8.861033277888495
15.143154919098047,8.861033277888495
15.216867078987741,8.861033277888495
15.290579238877436,8.861033277888495
15.364291398767131,8.861033277888495
15.069442759208352,8.861033277888495
15.141337547718816,9.23690756587437
15.209133681754015,9.598073348811575
15.273407726281977,9.946133049473392
15.334618031838522,10.28241767613467
15.393135283185867,10.608047129191426
15.449263755160189,10.923974300766469
15.503256474336494,11.231017992705118
15.55532627089902,11.529887934456518
15.605653990216233,11.292154632179562
15.382923223786706,11.292154632179562
15.436202055316423,11.292154632179562
15.487744997182098,11.223918372426294
15.537696218405634,11.143680170190935
15.586181942686858,11.062860020814
15.633313334249467,10.981445075432596
15.679188825103774,10.899422005288212
15.72389600855687,10.816776976252168
15.767513192463323,10.733495621585595
15.810110683039328,10.64956301278204
15.6280269410526,10.64956301278204
15.685900569258223,10.64956301278204
15.743774197463846,10.644633023615052
15.801647825669471,10.570808206661019
15.859521453875095,10.49646417021407
15.917395082080718,10.421589802480405
15.975268710286342,10.346173589580806
16.033142338491967,10.270203594881416
16.09101596669759,10.19366743693804
16.148889594903213,10.116552265938564
15.917395082080716,10.116552265938564
15.978711538046252,10.116552265938564
16.040027994011787,10.116552265938564
16.101344449977326,10.116552265938564
16.162660905942865,10.116552265938564
16.223977361908403,10.116552265938564
16.28529381787394,10.116552265938564
16.346610273839477,10.116552265938564
16.407926729805016,10.116552265938564
16.469243185770555,10.64956301278204
16.223977361908407,10.64956301278204
16.288630499815614,10.116552265938564
16.35328363772282,10.116552265938564
16.417936775630032,10.116552265938564
16.48258991353724,10.116552265938564
16.547243051444447,10.116552265938564
16.611896189351654,10.116552265938564
16.67654932725886,10.116552265938564
16.74120246516607,10.116552265938564
16.80585560307328,10.116552265938564
16.547243051444443,10.116552265938564
16.6107834494988,10.43945252688529
16.67152638515263,10.752660525317285
16.729781021855313,11.056999940505628
16.78580599589071,11.353184002559212
16.83981995721712,11.641835177822754
16.892009492365936,11.923500560624642
16.942535172594162,12.198664063365346
16.991536235662853,12.467756183149637
17.039134255838924,12.731161909036071
16.832088535767888,12.989227185083642
16.881876843965237,13.26462553364472
16.930168764617253,13.53442123734602
16.977079332752833,13.566649439578738
17.02271028912307,13.566649439578738
17.067152070629913,13.566649439578738
17.110485441143624,13.566649439578738
17.152782837900833,13.566649439578738
17.19410949097476,13.566649439578738
17.23452436020888,15.290272463388195
17.062492691883403,15.524905786727043
17.11089074107559,13.566649439578738
17.159288790267773,13.566649439578738
17.20768683945996,13.566649439578738
17.256084888652143,13.566649439578738
17.30448293784433,13.566649439578738
17.352880987036514,13.566649439578738
17.4012790362287,13.566649439578738
17.449677085420888,13.566649439578738
17.49807513461307,13.566649439578738
17.304482937844337,13.566649439578738
17.352913951232726,13.566649439578738
17.401344964621114,13.566649439578738
17.44814043224786,13.833225632257468
17.493653058549874,14.094760933391814
17.537973948320797,14.351530933875702
17.581184416114468,14.178850772863894
17.62335735515528,13.85184727660058
17.66455837450981,13.516935181815096
17.704846750045732,13.173511317963579
17.53330571900162,13.173511317963579
17.575029597126562,13.173511317963579
17.61588648010271,13.173511317963579
17.65592303625186,13.173511317963579
17.6951821141461,13.173511317963579
17.733703151950063,13.173511317963579
17.771522533302278,13.173511317963579
17.808673897891488,13.173511317963579
17.845188413470733,13.173511317963579
17.881095014911295,15.458704230114698
17.730766156384476,15.458704230114698
17.780584366629796,13.173511317963579
17.83040257687512,13.173511317963579
17.88022078712044,13.173511317963579
17.930038997365763,13.173511317963579
17.979857207611083,13.173511317963579
18.029675417856403,13.173511317963579
18.079493628101726,13.173511317963579
18.129311838347046,13.173511317963579
18.179130048592366,13.173511317963579
17.979857207611076,13.173511317963579
18.02918898434022,13.367891659349624
18.077471402981057,13.559485771507116
18.12476224657422,13.748410139332426
18.171114462936774,13.934773350539052
18.216576694107587,14.118676825485032
18.26119373517929,14.30021546250555
18.30500693351229,14.479478210407912
18.34805453738269,14.656548577931718
18.390372001554766,14.831505088455016
18.213038192975112,15.004421686971535
18.256454701350478,15.20768648798835
18.299020603273238,15.408270067513268
18.340779138758073,15.606275809106638
18.381770200490077,15.80180061848614
18.42203067357355,15.994935477921464
18.461594733199355,16.18576594107775
18.50049410632702,16.37437257594422
18.53875830247344,16.560831362353643
18.576414817880345,16.745214049656038
18.4191169789535,16.927588479322146
18.45778903047427,17.103334918551354
18.49587552548865,17.277293739095718
18.53339961098107,17.44951840475416
18.57038303263065,17.62005976632066
18.60684624663596,17.78896623695627
18.642808520594578,17.956283952712155
18.678288024696453,18.122056919712126
18.713301914324752,18.286327149325107
18.747866405016648,18.4491347825041
18.604753642180405,18.610518204334365
18.63994440771659,18.610518204334365
18.675135173252777,18.610518204334365
18.710325938788966,18.610518204334365
18.74551670432515,18.610518204334365
18.780707469861337,18.610518204334365
18.815898235397523,18.610518204334365
18.85108900093371,18.610518204334365
18.886279766469897,18.610518204334365
18.921470532006083,18.610518204334365
18.780707469861333,18.610518204334365
18.81628325202211,18.610518204334365
18.85185903418289,18.610518204334365
18.887434816343667,18.610518204334365
18.923010598504447,18.610518204334365
18.958586380665224,18.610518204334365
18.993326016130034,18.746047502288434
19.027700475283112,18.88060396497549
19.061719934813972,19.01420824558419
19.095394132946485,19.14688027670919
18.957018060577166,19.278639305065827
18.990873173884474,19.394522568954056
19.024427994559684,19.509717524877374
19.05768953734218,19.624236294015276
19.090664563965152,19.738090645910653
19.123359595278462,19.851292012587617
19.15578092265367,19.96385150194882
19.187934618721567,20.075779910496706
19.219826547488417,20.187087735419937
19.25146237387352,20.297785186083267
19.12221809746267,20.40788219495645
19.154349780842434,20.49670440158408
19.18627417159813,20.58514335555164
19.217994803613855,20.67320397546804
19.249515117456134,20.76089107562591
19.28083846365769,20.848209369072908
19.31200055451518,20.927960154321127
19.343435980410874,20.927960154321127
19.374871406306564,20.927960154321127
19.406306832202258,20.927960154321127
19.280565128619493,20.927960154321127
19.31202833222821,20.927960154321127
19.343491535836925,20.927960154321127
19.37495473944564,20.927960154321127
19.406417943054354,20.927960154321127
19.43788114666307,20.927960154321127
19.469344350271786,20.927960154321127
19.500807553880502,20.927960154321127
19.53227075748922,20.927960154321127
19.563733961097935,20.927960154321127
19.437881146663074,20.927960154321127
19.469318630204604,20.927960154321127
19.50075611374613,20.927960154321127
19.532193597287662,20.927960154321127
19.56363108082919,20.927960154321127
19.59506856437072,20.927960154321127
19.62650604791225,20.927960154321127
19.65794353145378,20.927960154321127
19.68938101499531,20.927960154321127
19.720818498536836,20.927960154321127
19.595068564370727,20.927960154321127
19.626511528661673,20.927960154321127
19.65795449295262,20.927960154321127
19.689397457243565,20.927960154321127
19.72084042153451,20.927960154321127
19.752283385825457,20.927960154321127
19.783726350116403,20.927960154321127
19.81516931440735,20.927960154321127
19.846612278698295,20.927960154321127
19.87805524298924,20.927960154321127
19.752283385825457,20.927960154321127
19.783752671831266,20.927960154321127
19.81522195783707,20.927960154321127
19.84669124384288,20.927960154321127
19.878160529848685,20.8646247462537
19.909629815854494,20.737990456995853
19.9410991018603,20.61057812354908
19.972568387866108,20.482373226249656
20.004037673871913,20.35336078813171
20.035506959877722,20.22352535450549
19.9096298158545,20.044237507973616
19.94105607016222,19.863331462465865
19.972482324469937,19.680762594460514
20.003908578777654,19.496484191034188
20.035334833085372,19.31044731027679
20.06676108739309,19.122600629483056
20.098187341700807,18.932890279786537
20.129613596008525,18.741259665725924
20.161039850316243,18.547649268031115
20.19246610462396,18.35199642768124
20.06676108739309,18.169765837223114
20.098221178461905,17.98568898534096
20.129681269530725,17.79970859242674
20.16114136059954,17.611764354351482
20.192601451668356,17.421792714043544
20.22406154273717,17.229726610396227
20.25552163380599,17.035495201692584
20.286981724874806,16.839023560313294
20.318441815943622,16.64023233499705
20.34990190701244,16.43903737633614
20.224061542737168,16.291105969651138
20.255454092273787,16.141818905198665
20.286846641810406,15.99113821533837
20.318239191347025,15.839024126374749
20.349631740883645,15.685434935943201
20.381024290420264,15.530326879481118
20.412416839956883,15.373653984572433
20.443809389493502,15.215367911791883
20.47520193903012,15.055417780487272
20.50659448856674,14.893749977720134
20.381024290420264,14.860495802243028
20.418317866711035,14.827167044925565
20.455611443001803,14.79376320169316
20.492905019292575,14.760283762767388
20.530198595583347,14.72672821257521
20.567492171874118,14.69309602965633
20.604785748164886,14.65938668656867
20.642079324455658,14.625599649791825
20.67937290074643,14.591734379628583
20.7166664770372,14.557790330104316
20.56749217187412,14.557790330104316
20.61153998586326,14.557790330104316
20.6555877998524,14.557790330104316
20.699635613841536,14.557790330104316
20.74368342783068,14.557790330104316
20.787731241819817,14.557790330104316
20.831779055808955,14.557790330104316
20.875826869798093,14.557790330104316
20.91987468378723,14.557790330104316
20.96392249777637,14.902900005726567
20.787731241819813,14.902900005726567
20.832880170428588,14.557790330104316
20.878029099037363,14.557790330104316
20.923178027646138,14.557790330104316
20.968326956254913,14.557790330104316
21.013475884863688,14.557790330104316
21.058624813472463,14.557790330104316
21.103773742081238,14.557790330104316
21.148922670690013,14.557790330104316
21.194071599298788,14.557790330104316
21.013475884863688,14.557790330104316
21.059180144839907,14.557790330104316
21.10488440481613,14.557790330104316
21.15058866479235,14.557790330104316
21.19629292476857,14.557790330104316
21.24199718474479,14.557790330104316
21.287701444721012,14.557790330104316
21.33340570469723,14.557790330104316
21.379109964673454,14.557790330104316
21.424814224649673,14.557790330104316
21.241997184744783,14.557790330104316
21.28670381946757,14.557790330104316
21.330483304751017,14.80297425941772
21.373214515602733,15.044162806706403
21.414962446202935,15.281545150422229
21.455785978625048,15.515295995052686
21.495738633098618,15.745577075604523
21.53486920639424,15.972538466803188
21.573222317756375,16.196319727123576
21.61083887799092,16.41705090242815
21.452134146890774,16.63485340971244
21.49139561647963,16.829796271771574
21.529988450217093,17.022506781788955
21.567942298551554,17.213059917480262
21.60528480312877,17.401526551124192
21.64204177577712,17.58797375754794
21.67823735797503,17.772465093028305
21.7138941632968,17.955060848396595
21.749033404969033,18.1358182792048
21.783675010365204,18.31479181544397
21.639695187527845,18.49203325299217
21.675239698897695,18.49203325299217
21.710784210267548,18.49203325299217
21.746328721637397,18.49203325299217
21.781873233007246,18.49203325299217
21.817417744377096,18.49203325299217
21.85296225574695,18.49203325299217
21.888506767116798,18.49203325299217
21.924051278486647,18.49203325299217
21.959595789856497,18.49203325299217
21.817417744377092,18.49203325299217
21.853001352092246,18.49203325299217
21.8885849598074,18.49203325299217
21.924168567522553,18.49203325299217
21.959752175237707,18.49203325299217
21.995335782952857,18.49203325299217
22.030061142234214,18.630254272645026
22.064412222206098,18.76745733169649
22.09839971613304,18.903664595275927
22.132033845067944,19.038897435627113
21.993727034903,19.17317647125715
22.02783284840853,19.291995906582343
22.061626931272798,19.41008799880132
22.095116784388647,19.527465943712002
22.128309630072224,19.64414254286639
22.161212425802834,19.760130219866323
22.193831877125625,19.87544103580334
22.226174449777446,19.99008670389692
22.258246381091244,20.10407860338139
22.290053690729838,20.21742779268813
22.160030656722977,20.330145021966263
22.192360217985744,20.42109534614292
22.224475466833738,20.511642393000635
22.25638015649252,20.601791479879154
22.288077938398352,20.69154780828399
22.319572365876095,20.780916467388593
22.35086689765242,20.869902437401645
22.382125666637737,20.927960154321127
22.413637057751306,20.927960154321127
22.445148448864874,20.927960154321127
22.31910288441061,20.927960154321127
22.350890882493573,20.927960154321127
22.382678880576535,20.927960154321127
22.414466878659496,20.927960154321127
22.446254876742458,20.927960154321127
22.47804287482542,20.927960154321127
22.509830872908385,20.927960154321127
22.541618870991346,20.927960154321127
22.573406869074308,20.927960154321127
22.60519486715727,20.927960154321127
22.47804287482542,20.927960154321127
22.50916879809205,20.927960154321127
22.54029472135868,20.927960154321127
22.57142064462531,20.927960154321127
22.602546567891938,20.927960154321127
22.633672491158567,20.927960154321127
22.6647984144252,20.927960154321127
22.695924337691828,20.927960154321127
22.727050260958457,20.927960154321127
22.758176184225086,20.927960154321127
22.633672491158563,20.927960154321127
22.66495445111414,20.927960154321127
22.69623641106972,20.927960154321127
22.727518371025297,20.927960154321127
22.758800330980876,20.927960154321127
22.790082290936454,20.927960154321127
22.82136425089203,20.927960154321127
22.85264621084761,20.927960154321127
22.88392817080319,20.927960154321127
22.91521013075877,20.927960154321127
22.790082290936454,20.927960154321127
22.821788694002606,20.927960154321127
22.853495097068762,20.927960154321127
22.885201500134915,20.927960154321127
22.91690790320107,20.927960154321127
22.948614306267224,20.927960154321127
22.980320709333377,20.927960154321127
23.012027112399533,20.927960154321127
23.043733515465686,20.927960154321127
23.075439918531842,20.927960154321127
22.948614306267217,20.927960154321127
22.97992735580776,20.927960154321127
23.011240405348303,20.927960154321127
23.042553454888846,20.927960154321127
23.07386650442939,20.927960154321127
23.10517955396993,20.927960154321127
23.136492603510472,20.927960154321127
23.167805653051015,20.927960154321127
23.19911870259156,20.927960154321127
23.2304317521321,20.927960154321127
23.105179553969933,20.927960154321127
23.136621517544654,20.927960154321127
23.16806348111938,20.927960154321127
23.1995054446941,20.927960154321127
23.230947408268822,20.927960154321127
23.262389371843543,20.927960154321127
23.29383133541827,20.927960154321127
23.32527329899299,20.927960154321127
23.35671526256771,20.927960154321127
23.388157226142436,20.927960154321127
23.26238937184354,20.927960154321127
23.293787092461557,20.927960154321127
23.325184813079574,20.927960154321127
23.356582533697587,20.927960154321127
23.387980254315604,20.927960154321127
23.41937797493362,20.927960154321127
23.450775695551638,20.927960154321127
23.482173416169655,20.927960154321127
23.513571136787668,20.927960154321127
23.544968857405685,20.927960154321127
23.419377974933624,20.927960154321127
23.450802422380143,20.927960154321127
23.48215457503561,20.927960154321127
23.513434874981208,20.927960154321127
23.54464376008738,20.927960154321127
23.57578166406756,20.927960154321127
23.60684901653107,20.927960154321127
23.637846243035163,20.927960154321127
23.66877376513623,20.927960154321127
23.699632000440232,20.927960154321127
23.575487679715323,20.927960154321127
23.606930077515557,20.927960154321127
23.63837247531579,20.927960154321127
23.669814873116025,20.927960154321127
23.70125727091626,20.927960154321127
23.732699668716492,20.927960154321127
23.76414206651673,20.927960154321127
23.795584464316963,20.927960154321127
23.827026862117197,20.927960154321127
23.85846925991743,20.927960154321127
23.732699668716492,20.927960154321127
23.764141176070865,20.927960154321127
23.795582683425238,20.927960154321127
23.827024190779607,20.927960154321127
23.85846569813398,20.927960154321127
23.889907205488353,20.927960154321127
23.921348712842725,20.927960154321127
23.952790220197095,20.927960154321127
23.984231727551467,20.927960154321127
24.01567323490584,20.927960154321127
23.889907205488356,20.927960154321127
23.921259029081575,21.002306176481948
23.95249266726841,21.044524612382883
23.98375388002662,21.044524612382883
24.015015092784825,21.044524612382883
24.046276305543035,21.044524612382883
24.077537518301245,21.044524612382883
24.108798731059455,21.044524612382883
24.140059943817665,21.044524612382883
24.171321156575875,21.044524612382883
24.04627630554304,21.044524612382883
24.077465702893768,21.105426932259657
24.108520776889122,21.166154015897966
24.139443060815918,21.226707367287943
24.170234060772636,21.28708846902832
24.2008952563137,21.304720625388473
24.231428101074734,21.27198227011838
24.26183402337954,21.239193451602826
24.292114426829368,21.206353935766185
24.322270690875175,21.173463486717598
24.200360338313025,21.149740413029967
24.230753322512896,21.12599069993506
24.261146306712764,21.10221425748806
24.291539290912635,21.07841099523685
24.321932275112506,21.054580822218032
24.352325259312373,21.03072364695283
24.382718243512244,21.00683937744302
24.413111227712115,20.982927921166777
24.443504211911986,20.958989185074504
24.473897196111853,20.935023075584603
24.35232525931238,20.92737874799715
24.38275792739097,20.919731627078434
24.41319059546956,20.912081709764063
24.443623263548147,20.904428992984037
24.47405593162674,20.89677347366273
24.50448859970533,20.889115148718886
24.53492126778392,20.881454015065614
24.565353935862507,20.873790069610326
24.595786603941097,20.866123309254778
24.626219272019686,20.858453730895018
24.504488599705326,20.858453730895018
24.53518058247313,20.858453730895018
24.565872565240934,20.858453730895018
24.59656454800874,20.858453730895018
24.627256530776545,20.858453730895018
24.65794851354435,20.858453730895018
24.688640496312154,20.858453730895018
24.71933247907996,20.858453730895018
24.750024461847765,20.858453730895018
24.78071644461557,20.858453730895018
24.657948513544355,20.858453730895018
24.68923342022149,20.858453730895018
24.72051832689863,20.858453730895018
24.751803233575767,20.858453730895018
24.783088140252904,20.858453730895018
24.814373046930044,20.858453730895018
24.84565795360718,20.858453730895018
24.876942860284316,20.858453730895018
24.908227766961456,20.858453730895018
24.939512673638593,21.023311873920356
24.814373046930037,21.023311873920356
24.845907306203586,20.858453730895018
24.877441565477135,20.858453730895018
24.908975824750687,20.858453730895018
24.940510084024236,20.858453730895018
24.972044343297785,20.858453730895018
25.003578602571334,20.858453730895018
25.035112861844887,20.858453730895018
25.066647121118436,20.858453730895018
25.098181380391985,20.858453730895018
24.97204434329778,20.858453730895018
25.00354345333177,20.898713176225158
25.034951848872048,20.938895214417723
25.066270223752745,20.97900029025702
25.097499263548457,21.019028844283998
25.128639645705867,21.058981312852755
25.159692039672795,21.098858128185988
25.190657107024663,21.101839680163277
25.221535501588473,21.015079753693133
25.252327869564382,20.927960154321127
25.128272989971254,20.927960154321127
25.15919877580251,20.927960154321127
25.190114741808564,20.927960154321127
25.22103070781462,20.927960154321127
25.251946673820676,20.927960154321127
25.28286263982673,20.927960154321127
25.313778605832788,20.927960154321127
25.344694571838843,20.927960154321127
25.375610537844903,20.927960154321127
25.40652650385096,20.927960154321127
25.28286263982673,20.927960154321127
25.314266101961685,20.927960154321127
25.34566956409664,20.927960154321127
25.377073026231592,20.927960154321127
25.408476488366546,20.927960154321127
25.4398799505015,20.927960154321127
25.471283412636453,20.927960154321127
25.502686874771406,20.927960154321127
25.53409033690636,20.927960154321127
25.565493799041313,20.927960154321127
25.4398799505015,20.927960154321127
25.4713361640773,20.927960154321127
25.502792377653098,20.927960154321127
25.5342485912289,20.927960154321127
25.565704804804696,20.927960154321127
25.597161018380497,20.927960154321127
25.628617231956298,20.927960154321127
25.660073445532095,20.927960154321127
25.691529659107896,20.927960154321127
25.722985872683694,20.927960154321127
25.597161018380504,20.927960154321127
25.62858822417261,20.927960154321127
25.660015429964712,20.927960154321127
25.691442635756818,20.927960154321127
25.722869841548924,20.927960154321127
25.75429704734103,20.927960154321127
25.785724253133132,20.927960154321127
25.817151458925238,20.927960154321127
25.848578664717344,20.927960154321127
25.880005870509446,20.927960154321127
25.754297047341034,20.927960154321127
25.78573717225595,20.927960154321127
25.817177297170865,20.927960154321127
25.848617422085784,20.927960154321127
25.8800575470007,20.927960154321127
25.911497671915615,20.927960154321127
25.94293779683053,20.927960154321127
25.974377921745447,20.927960154321127
26.005818046660366,20.927960154321127
26.03725817157528,20.927960154321127
25.911497671915612,20.927960154321127
25.943032556092064,20.927960154321127
25.974567440268515,20.927960154321127
26.006102324444967,20.816966106088362
26.03763720862142,20.682032498712793
26.06917209279787,20.546212757917026
26.100706976974323,20.409489192759644
26.132241861150778,20.271843515703086
26.16377674532723,20.133256814060996
26.19531162950368,19.99370951966427
26.06917209279787,19.807593717872123
26.100479038052598,19.61971247057053
26.131785983307324,19.430014564159087
26.16309292856205,19.238446260002593
26.194399873816778,19.044951116623572
26.225706819071505,18.849469795465204
26.25701376432623,18.65193984833021
26.288320709580958,18.452295484337494
26.319627654835685,18.250467313931317
26.35093460009041,18.046382067119403
26.225706819071505,17.804529621614254
26.25720473701837,17.559346354048312
26.28870265496524,17.310690734800854
26.320200572912103,17.058410918089958
26.35169849085897,16.802343657505084
26.383196408805833,16.542313070408017
26.414694326752702,16.278129224633965
26.446192244699567,16.00958651522184
26.477690162646432,15.736461791739073
26.5091880805933,15.458512187702741
26.38319640880583,15.154027905808118
26.4146446768397,14.843298975721943
26.446092944873566,14.525924658875415
26.477541212907436,14.201459428804556
26.508989480941306,13.869405633286478
26.540437748975176,13.529204534387661
26.571886017009042,13.180225265372082
26.603334285042912,12.821751080044
26.634782553076782,12.452962036048548
26.66623082111065,12.07291291213199
26.54043774897518,11.690117803778538
26.571912715154767,11.294356216647172
26.60338768133435,10.88421381776439
26.634862647513938,10.457998781464353
26.66633761369352,10.013659001354426
26.69781257987311,9.54866454943848
26.729287546052692,9.059835691666812
26.76076251223228,8.543082045860059
26.792237478411863,7.992989360970849
26.82371244459145,7.402128545688048
26.697812579873116,7.402128545688048
26.735989694213913,7.402128545688048
26.77416680855471,7.402128545688048
26.81234392289551,7.402128545688048
26.85052103723631,7.402128545688048
26.888698151577106,7.402128545688048
26.926875265917904,7.402128545688048
26.9650523802587,7.402128545688048
27.003229494599502,7.402128545688048
27.0414066089403,8.13005356029063
26.888698151577103,8.13005356029063
26.974154562551625,7.402128545688048
27.059610973526148,7.402128545688048
27.14506738450067,7.402128545688048
27.230523795475197,7.402128545688048
27.31598020644972,7.402128545688048
27.401436617424242,7.402128545688048
27.486893028398764,7.402128545688048
27.572349439373287,7.402128545688048
27.65780585034781,7.402128545688048
27.315980206449716,7.402128545688048
27.40459942037637,7.402128545688048
27.493218634303027,7.402128545688048
27.581837848229686,7.402128545688048
27.67045706215634,7.402128545688048
27.759076276082997,7.402128545688048
27.847695490009652,7.402128545688048
27.92509385240888,7.66048947877513
27.99921517070028,7.910416619999167
28.07143361858133,8.13005356029063
27.748694877322908,8.13005356029063
27.82658769106296,8.543025625245322
27.899269485866615,8.936934752699166
27.967589485323916,9.314199842949794
28.032197323041316,9.676767779316082
28.09360163248526,10.026233120929005
28.152208549835272,10.363921387950494
28.20834786826884,10.690948623766815
28.26229131446884,11.00826500482367
28.314265637044787,11.316687428608661
28.08155595796294,11.616924304532299
28.137033685107365,11.926737486272819
28.190443312188297,12.228704094698562
28.241980118408026,12.523391737262294
28.29181190075374,12.811302719636343
28.340083945640224,13.092884103336194
28.386922923009685,13.368535855232077
28.432439971384905,13.638617513584645
28.476733167513714,13.90345368788237
28.51988952229474,14.163338632551365
28.334035905493803,14.418540078300367
28.379634852755903,14.418540078300367
28.425233800018006,14.418540078300367
28.470832747280106,14.418540078300367
28.516431694542206,14.418540078300367
28.56203064180431,14.418540078300367
28.60762958906641,14.418540078300367
28.65322853632851,14.418540078300367
28.698827483590613,14.418540078300367
28.744426430852712,14.418540078300367
28.562030641804302,14.418540078300367
28.607681095986944,14.418540078300367
28.652464411417704,14.640682404789155
28.696262397025276,14.859504183055757
28.739131320853037,15.075150011014825
28.781122565976066,15.287754287106697
28.82228318529044,15.497442189964707
28.862656379598796,15.704330540320623
28.90228191136515,15.908528562000816
28.941196464248076,16.110138556087733
28.77764275206567,16.309256500058282
28.817631296286788,16.49928718470243
28.856942608460738,16.68715397010162
28.895606557179935,16.872929136355392
28.933650998199038,16.776411444161575
28.971101952847853,16.528407208960502
29.0079837670878,16.27662461281944
29.04431925367522,16.02088551572795
29.08012981953725,15.760997323440023
29.115435580166707,15.496751290219043
28.968723047571316,15.270196613942257
29.00502302058721,15.040229675972423
29.041322993603103,14.806691486741714
29.077622966618996,14.569410312744216
29.113922939634893,14.328200198861175
29.150222912650786,14.082859262812834
29.18652288566668,13.833167717256277
29.222822858682573,13.578885564408044
29.259122831698466,13.319749894380038
29.29542280471436,13.055471700646631
29.150222912650783,12.942226386247023
29.186994709572403,12.827981382094077
29.223766506494023,12.712709736552466
29.26053830341564,12.596383264743869
29.29731010033726,12.478972468068152
29.33408189725888,12.36044644684352
29.3708536941805,12.240772805332602
29.40762549110212,12.119917548327368
29.444397288023737,11.99784496835733
29.481169084945357,11.874517522460476
29.334081897258883,11.874517522460476
29.384083672528156,11.874517522460476
29.43408544779743,11.874517522460476
29.4840872230667,11.874517522460476
29.534088998335974,11.874517522460476
29.584090773605247,11.874517522460476
29.63409254887452,11.874517522460476
29.684094324143793,11.874517522460476
29.734096099413065,11.874517522460476
29.784097874682338,13.07113795865262
29.584090773605247,13.07113795865262
29.639705794293015,11.874517522460476
29.69532081498078,11.874517522460476
29.750935835668546,11.874517522460476
29.80655085635631,11.874517522460476
29.862165877044077,11.874517522460476
29.91778089773184,11.874517522460476
29.97339591841961,11.874517522460476
30.029010939107373,11.874517522460476
30.08462595979514,11.874517522460476
29.862165877044085,11.874517522460476
29.917193292261636,11.874517522460476
29.97222070747919,11.874517522460476
30.027248122696744,11.874517522460476
30.079204778202254,12.176086940328021
30.129382960986682,12.470365670886814
30.17794024279739,12.757858235332373
30.22501318062848,13.039013518669417
30.270720940333597,13.314232998083279
30.315168168689652,13.583877469796889
30.12252472580126,13.848272596308227
30.169969791323187,13.848272596308227
30.217414856845114,13.848272596308227
30.26485992236704,13.848272596308227
30.312304987888965,13.848272596308227
30.35975005341089,13.848272596308227
30.40719511893282,13.739339101517134
30.454640184454746,13.399062729692305
30.502085249976673,13.049916671074232
30.5495303154986,12.69116890635898
30.359750053410895,12.69116890635898
30.407316750916618,12.69116890635898
30.453778105338564,12.69116890635898
30.49899861848847,12.69116890635898
30.543063814823878,12.69116890635898
30.586050306953954,12.69116890635898
30.62802700402291,12.69116890635898
30.669056121632234,12.69116890635898
30.70919403114999,12.69116890635898
30.748491978104465,15.821975798134021
30.581809919877575,16.051633910247993
30.63347224232187,12.69116890635898
30.685134564766166,12.69116890635898
30.73679688721046,12.69116890635898
30.788459209654757,12.69116890635898
30.84012153209905,12.69116890635898
30.89178385454335,12.69116890635898
30.943446176987642,12.69116890635898
30.995108499431936,12.69116890635898
31.046770821876233,12.69116890635898
30.840121532099044,12.69116890635898
30.892030795005827,12.69116890635898
30.94394005791261,12.69116890635898
30.99584932081939,12.69116890635898
31.04775858372617,12.69116890635898
31.099667846632954,12.69116890635898
31.151577109539737,12.69116890635898
31.20348637244652,12.69116890635898
31.2553956353533,12.69116890635898
31.30730489826008,12.69116890635898
31.099667846632958,12.69116890635898
31.150636281528673,12.971299407711333
31.20001352729898,13.245506726405441
31.24792644426176,13.514151418199042
31.294486709339417,13.777558879161813
31.33979316732488,14.036023966334978
31.38393374328958,14.289814865780782
31.426987010826362,14.539176352635963
31.469023487841213,14.784332556047573
31.510106714778598,15.025489317908008
31.33488923868022,15.262836216029019
31.37797019785578,15.262836216029019
31.421051157031346,15.262836216029019
31.46413211620691,15.262836216029019
31.50721307538247,15.262836216029019
31.550294034558036,15.262836216029019
31.593374993733597,15.262836216029019
31.63645595290916,15.262836216029019
31.679536912084725,15.262836216029019
31.722617871260287,15.262836216029019
31.55029403455803,15.262836216029019
31.59333250481847,15.262836216029019
31.636370975078915,15.262836216029019
31.678454594350537,15.458638030881382
31.719766024116446,15.65199061404962
31.760342316876415,15.842983639289113
31.80021780717074,16.031701438314883
31.83942437363827,16.218223435991767
31.877991670182976,16.402624540976287
31.91594733051458,16.584975497260242
31.757410297443368,16.76534320129498
31.796286745614534,16.95594322411794
31.83452030449677,17.1444244167547
31.872138675428985,17.330855909161503
31.90916773500198,17.51530315199888
31.945631693233256,17.697828185083203
31.98155323495182,17.878489881168065
32.016953646484275,18.05734416777097
32.05185292943655,18.23444422941472
32.086269903115394,18.409840692356337
31.943364796641152,18.583581793622102
31.978914210530643,18.583581793622102
32.01446362442013,18.583581793622102
32.05001303830962,18.583581793622102
32.08556245219911,18.583581793622102
32.1211118660886,18.583581793622102
32.15666127997809,18.583581793622102
32.19221069386757,18.583581793622102
32.22776010775706,18.583581793622102
32.26330952164655,18.583581793622102
32.12111186608858,18.583581793622102
32.15644726148879,18.583581793622102
32.191782656889,18.583581793622102
32.227118052289214,18.583581793622102
32.262453447689424,18.583581793622102
32.29778884308963,18.583581793622102
32.332294440656476,18.71880022936554
32.36643761762188,18.853048872093556
32.40022846569568,18.986348293450238
32.433676642132134,19.118718347913735
32.29623239933082,19.250178207318122
32.33029100119818,19.36732024545359
32.364043833844406,19.48375800420462
32.397498125661585,19.59950403563464
32.43066084123817,19.71457052332892
32.463538694147346,19.828969297362903
32.496138158969394,19.942711848497726
32.52846548260232,20.055809341651177
32.56052669491069,20.168272628688698
32.592327618758475,20.280112260575994
32.46237763548579,20.391338498931745
32.49454690581178,20.48060112384302
32.526507457008115,20.569476391243015
32.55826286739292,20.657969300631844
32.58981662026386,20.74608474488118
32.62117210726047,20.833827513391185
32.65233263157891,20.921202295128243
32.68372187239223,20.927960154321127
32.71516914808025,20.927960154321127
32.74661642376827,20.927960154321127
32.620827321016186,20.927960154321127
32.65220390889508,20.927960154321127
32.68358049677398,20.927960154321127
32.71495708465287,20.927960154321127
32.74633367253177,20.927960154321127
32.777710260410664,20.927960154321127
32.80908684828956,20.927960154321127
32.840463436168456,20.927960154321127
32.87184002404735,20.927960154321127
32.90321661192625,20.927960154321127
32.777710260410664,20.927960154321127
32.810288949486726,20.927960154321127
32.842867638562794,20.927960154321127
32.875446327638855,20.927960154321127
32.90802501671492,20.927960154321127
32.940603705790984,20.927960154321127
32.97318239486705,20.927960154321127
33.00576108394311,20.927960154321127
33.03833977301918,20.927960154321127
33.07091846209524,20.927960154321127
32.94060370579097,20.927960154321127
32.97163038129093,20.927960154321127
33.00265705679089,20.927960154321127
33.03368373229085,20.927960154321127
33.064710407790805,20.927960154321127
33.095737083290764,20.927960154321127
33.12676375879072,20.927960154321127
33.15779043429068,20.927960154321127
33.18881710979064,20.927960154321127
33.2198437852906,20.927960154321127
33.095737083290764,20.927960154321127
33.126569918865606,20.927960154321127
33.157402754440454,20.927960154321127
33.188235590015296,20.927960154321127
33.219068425590144,20.927960154321127
33.249901261164986,20.927960154321127
33.28073409673983,20.927960154321127
33.311566932314676,20.927960154321127
33.34239976788952,20.927960154321127
33.37323260346436,20.927960154321127
33.24990126116497,20.927960154321127
33.28120593752404,20.927960154321127
33.31251061388311,20.927960154321127
33.34381529024218,20.927960154321127
33.375119966601254,20.927960154321127
33.40642464296032,20.927960154321127
33.43772931931939,20.927960154321127
33.46903399567846,20.927960154321127
33.50033867203753,20.927960154321127
33.5316433483966,20.927960154321127
33.406424642960324,20.927960154321127
33.43808515764068,20.927960154321127
33.469745672321025,20.927960154321127
33.50140618700138,20.927960154321127
33.533066701681726,20.927960154321127
33.56472721636208,20.927960154321127
33.59638773104243,20.927960154321127
33.62804824572278,20.927960154321127
33.65970876040313,20.927960154321127
33.69136927508348,20.927960154321127
33.564727216362094,20.927960154321127
33.596015010664,20.927960154321127
33.6273028049659,20.927960154321127
33.65859059926781,20.927960154321127
33.689878393569714,20.927960154321127
33.72116618787162,20.927960154321127
33.75245398217352,20.927960154321127
33.78374177647542,20.927960154321127
33.815029570777334,20.927960154321127
33.84631736507924,20.927960154321127
33.72116618787161,20.927960154321127
33.75278933645125,20.927960154321127
33.784412485030884,20.927960154321127
33.816035633610525,20.927960154321127
33.84765878219016,20.927960154321127
33.8792819307698,20.927960154321127
33.91090507934943,20.927960154321127
33.942528227929074,20.927960154321127
33.97415137650871,20.927960154321127
34.00577452508835,20.927960154321127
33.879281930769814,20.927960154321127
33.91061853702471,20.927960154321127
33.941955143279614,20.927960154321127
33.97329174953451,20.927960154321127
34.00462835578941,20.927960154321127
34.03596496204431,20.927960154321127
34.06730156829921,20.927960154321127
34.098638174554104,20.927960154321127
34.12997478080901,20.927960154321127
34.161311387063904,20.927960154321127
34.0359649620443,20.927960154321127
34.06741244997091,20.927960154321127
34.09885993789752,20.927960154321127
34.13030742582413,20.927960154321127
34.16175491375074,20.927960154321127
34.193202401677354,20.927960154321127
34.22464988960397,20.927960154321127
34.25609737753057,20.927960154321127
34.287544865457185,20.927960154321127
34.3189923533838,20.927960154321127
34.19320240167736,20.927960154321127
34.224640784698714,20.927960154321127
34.25607916772007,20.927960154321127
34.28751755074142,20.927960154321127
34.31895593376277,20.927960154321127
34.350394316784126,20.927960154321127
34.38183269980548,20.927960154321127
34.41327108282683,20.927960154321127
34.444709465848184,20.927960154321127
34.47614784886954,20.927960154321127
34.350394316784126,20.927960154321127
34.38184766385918,20.927960154321127
34.41330101093424,20.927960154321127
34.4447543580093,20.927960154321127
34.476207705084356,20.927960154321127
34.507661052159406,20.927960154321127
34.539114399234464,20.927960154321127
34.57056774630952,20.927960154321127
34.60202109338458,20.927960154321127
34.633474440459636,20.927960154321127
34.50766105215941,20.927960154321127
34.539074611648765,20.927960154321127
34.570488171138116,20.927960154321127
34.60190173062747,20.927960154321127
34.63331529011682,20.927960154321127
34.66472884960618,20.80709748495626
34.69614240909553,20.683324859789497
34.72755596858488,20.55880708510831
34.75896952807423,20.43353053854896
34.79038308756358,20.307481177559325
34.66472884960617,20.152802541839957
34.69617160004261,19.996927484087546
34.72761435047906,19.83982780462877
34.7590571009155,19.68147417829228
34.790499851351946,19.521836090497498
34.821942601788386,19.360881768600205
34.853385352224834,19.198578108057387
34.884828102661274,19.034890592925542
34.916270853097714,18.86978321015136
34.94771360353416,18.70321835705222
34.82194260178837,18.66001408840484
34.85332841104502,18.616709554788653
34.88457306864403,18.573304054886176
34.91567825667618,18.529796879165815
34.946645626101535,18.486187309746573
34.97747679751919,18.44247462025981
35.00817336191332,18.39865807570811
35.03873688137648,18.35473693232107
35.06916888981092,18.310710437408023
35.09947089360875,18.266577829207506
34.976915794425715,18.266577829207506
35.01123066452708,18.266577829207506
35.04554553462846,18.266577829207506
35.07986040472983,18.266577829207506
35.1141752748312,18.266577829207506
35.148490144932566,18.266577829207506
35.18280501503394,18.266577829207506
35.21711988513531,18.266577829207506
35.25143475523668,18.266577829207506
35.28574962533805,18.82425771348212
35.14849014493256,18.82425771348212
35.18448552584038,18.266577829207506
35.2204809067482,18.266577829207506
35.25647628765602,18.266577829207506
35.29247166856384,18.266577829207506
35.32846704947166,18.266577829207506
35.36446243037948,18.266577829207506
35.4004578112873,18.266577829207506
35.436453192195124,18.266577829207506
35.472448573102945,18.266577829207506
35.32846704947166,18.266577829207506
35.36438404710388,18.320257392754574
35.400143990839354,18.373780130475655
35.435748700732496,18.427147408900417
35.4711999640759,18.48036057482723
35.50649953618828,18.53342095571975
35.54164914117893,18.586329860093283
35.576650472689444,18.639088577891314
35.61150519461355,18.691698380852436
35.646214941795776,18.744160522868047
35.50587452502428,18.796476240331014
35.54076275059266,18.881641210220437
35.57541678001858,18.966423767533534
35.609840766086286,19.05082901786238
35.64403874755749,19.13486195419224
35.678014653341904,19.218527460348255
35.7117723064788,19.301830314307665
35.74531542793971,19.3847751913839
35.778647640261795,19.467366667288594
35.81177247102084,19.451313466571712
35.67710477076189,19.247179806231635
35.710534865804554,19.040857790866134
35.74369394459424,18.8322754952917
35.77658779959325,18.6213569658374
35.809222031917216,18.408021897197912
35.84160205974051,18.192185275175014
35.87373312624481,17.97375698080041
35.90562030714045,17.752641350611693
35.93726851778762,17.528736686995583
35.968682519942725,17.301934711488244
35.84056390590203,17.11418860183766
35.872231620425865,16.92435990629892
35.90371353399701,16.73237774425998
35.935012529673834,16.53816712079289
35.966372130442224,16.341648584336383
35.99776240399307,16.142737846865124
36.02915267754393,15.941345361395319
36.06054295109478,15.737375850819236
36.09193322464563,15.530727781035143
36.123323498196484,15.321292770105437
35.997762403993086,15.195408801675107
36.030855169430744,15.068473219034686
36.063947934868395,14.940459218360918
36.09704070030605,14.811338837466584
36.130133465743704,14.681082884480498
36.16322623118136,14.549660860780445
36.19631899661901,14.417040877602679
36.22941176205667,14.283189565681988
36.26250452749432,14.148071977197002
36.29559729293198,14.011651479204271
36.163226231181376,13.960226003069577
36.20466067911206,13.908610388492187
36.24609512704274,13.856802510715289
36.28752957497343,13.804800205111926
36.32896402290412,13.752601266129654
36.3703984708348,13.70020344619903
36.411832918765484,13.647604454604346
36.453267366696174,13.59480195631511
36.49470181462686,13.541793570776427
36.53613626255754,13.488576870656686
36.37039847083479,13.368256292963085
36.41716710577381,13.24684289304738
36.46393574071281,13.124306341739073
36.51070437565183,13.000614880479503
36.55747301059084,12.875735225193072
36.60424164552985,12.74963246168337
36.65101028046886,12.622269931622563
36.69777891540787,12.493609108079045
36.74454755034688,12.36360945938557
36.79131618528589,12.232228299984472
36.60424164552986,12.227316810587157
36.65248782105237,12.222403347541494
36.70073399657488,12.217487908466278
36.74898017209739,12.212570490975516
36.797226347619905,12.2076510926784
36.84547252314241,12.202729711179314
36.89371869866493,12.1978063440778
36.941964874187434,12.192880988968554
36.99021104970995,12.187953643441421
37.038457225232456,12.183024305081364
36.8454725231424,12.183024305081364
36.89885680984579,12.183024305081364
36.95224109654917,12.183024305081364
37.005625383252564,12.183024305081364
37.05900966995595,12.183024305081364
37.11239395665934,12.183024305081364
37.16577824336272,12.183024305081364
37.219162530066114,12.183024305081364
37.2725468167695,12.183024305081364
37.32593110347289,12.255988056086117
37.11239395665935,12.255988056086117
37.16631535258548,12.183024305081364
37.220236748511596,12.183024305081364
37.27415814443772,12.183024305081364
37.32807954036384,12.183024305081364
37.38200093628996,12.183024305081364
37.43592233221608,12.183024305081364
37.489843728142205,12.183024305081364
37.54376512406833,12.183024305081364
37.59768651999445,12.183024305081364
37.38200093628998,12.183024305081364
37.43601524598743,12.183024305081364
37.490029555684885,12.183024305081364
37.544043865382335,12.183024305081364
37.598058175079785,12.183024305081364
37.65207248477724,12.183024305081364
37.70608679447469,12.183024305081364
37.76010110417214,12.183024305081364
37.814115413869594,12.183024305081364
37.86812972356705,12.183024305081364
37.65207248477723,12.183024305081364
37.70504706293055,12.448691097688705
37.75638666952983,12.708805564377194
37.80622023216749,12.963701928871066
37.85466140957477,13.213682171449642
37.90181093222131,13.459020222718921
37.94775851030727,13.648711623291955
37.99258440161322,13.648711623291955
38.03636070943869,13.648711623291955
38.079152464524604,14.398629819029304
37.89675625831785,14.624102348278013
37.94489109098518,13.648711623291955
37.99302592365251,13.648711623291955
38.04116075631984,13.648711623291955
38.08929558898716,13.648711623291955
38.13743042165449,13.648711623291955
38.18556525432182,13.648711623291955
38.23370008698915,13.648711623291955
38.28183491965648,13.648711623291955
38.32996975232381,13.648711623291955
38.1374304216545,13.648711623291955
38.18561394083606,13.648711623291955
38.23379746001762,13.648711623291955
38.28198097919918,13.648711623291955
38.330164498380746,13.648711623291955
38.3783480175623,13.648711623291955
38.426531536743866,13.648711623291955
38.47471505592542,13.648711623291955
38.522898575106986,13.648711623291955
38.57108209428855,13.648711623291955
38.37834801756232,13.648711623291955
38.426532644138916,13.648711623291955
38.473598787353815,13.906472046675301
38.519409247342416,14.15954097399129
38.56405048422651,14.408165615487448
38.6075999575763,14.652572204650328
38.65012734566769,14.89296840867085
38.69169556467602,15.129545394057434
38.73236162592598,15.362479605845573
38.77217736111555,15.591934307493657
38.603308025022116,15.818060919669463
38.644500855412616,16.03113751922825
38.684891041984585,16.241418936239562
38.724519170278825,16.44901237048822
38.763422700233896,16.654018339923486
38.801636281830234,16.856531249594063
38.839192031831026,17.056639899774357
38.87611977722825,17.254427941041914
38.91244727008323,17.44997428292206
38.94820037769908,17.643353461762157
38.798884120504525,17.83463597269953
38.835526594878864,17.99292743137557
38.87169284953412,18.149838424150964
38.907399090527065,18.30540445045741
38.94266067695887,18.459659513838957
38.9774921794748,18.612636208740135
39.01190743379544,18.764365800925532
39.045919589776595,18.914878302092855
39.079541156437955,19.064202539183803
39.11278404335127,19.212366218846167
38.97575446872254,19.359395987455304
39.00974333743365,19.359395987455304
39.04373220614476,19.359395987455304
39.077721074855866,19.359395987455304
39.11170994356698,19.359395987455304
39.145698812278084,19.359395987455304
39.17968768098919,19.359395987455304
39.2136765497003,19.359395987455304
39.24766541841141,19.359395987455304
39.28165428712252,19.359395987455304
39.14569881227807,19.359395987455304
39.17968468461976,19.359395987455304
39.213670556961446,19.359395987455304
39.24765642930314,19.359395987455304
39.28164230164483,19.359395987455304
39.31562817398652,19.359395987455304
39.348965988716955,19.473626046202412
39.38201777517062,19.58718994076397
39.414790045970186,19.700099191724835
39.447289084042055,19.812364991389337
39.3144070155507,19.92399821673005
39.34726038538553,20.024363315220114
39.379868901865024,20.124227871389344
39.412237380476476,20.223599300304446
39.44437049020642,20.322484835741545
39.47627275947237,20.42089153633151
39.50794858175717,20.51882629143993
39.53940222096375,20.616295826795785
39.57063781650665,20.71330670988165
39.6016593881557,20.80986535509778
39.47532859988168,20.90597802871154
39.50681276104871,20.927960154321127
39.538309027328154,20.927960154321127
39.5698052936076,20.927960154321127
39.60130155988705,20.927960154321127
39.63279782616649,20.927960154321127
39.664294092445935,20.927960154321127
39.69579035872538,20.927960154321127
39.72728662500483,20.927960154321127
39.75878289128428,20.927960154321127
39.632797826166495,20.927960154321127
39.66423641809993,20.927960154321127
39.69567501003337,20.927960154321127
39.727113601966806,20.927960154321127
39.75855219390024,20.927960154321127
39.78999078583368,20.927960154321127
39.821429377767124,20.927960154321127
39.85286796970056,20.927960154321127
39.884306561634,20.927960154321127
39.915745153567435,20.927960154321127
39.78999078583368,20.927960154321127
39.8214029708911,20.927960154321127
39.85281515594852,20.927960154321127
39.884227341005946,20.927960154321127
39.915639526063366,20.927960154321127
39.947051711120785,20.927960154321127
39.978463896178205,20.927960154321127
40.009876081235625,20.927960154321127
40.041288266293044,20.927960154321127
40.07270045135047,20.927960154321127
39.94705171112078,20.927960154321127
39.97853174930532,20.927960154321127
40.01001178748986,20.927960154321127
40.04149182567439,20.927960154321127
40.07297186385893,20.927960154321127
40.10445190204347,20.927960154321127
40.13593194022801,20.927960154321127
40.16741197841255,20.927960154321127
40.198892016597085,20.927960154321127
40.230372054781625,20.927960154321127
40.10445190204348,20.927960154321127
40.13588450752174,20.907593239342184
40.167317113,20.886946645568912
40.19874971847826,20.86627962258481
40.23018232395652,20.84559210962724
40.26161492943478,20.82488404563178
40.29304753491304,20.804155369230074
40.3244801403913,20.783406018747748
40.35591274586956,20.76263593220224
40.38734535134782,20.74184504730066
40.26161492943477,20.74184504730066
40.29301997415486,20.74184504730066
40.32437700425251,20.74184504730066
40.35568621506124,20.74184504730066
40.38694780067548,20.74184504730066
40.41816195396116,20.74184504730066
40.44932886656608,20.74184504730066
40.48044872893028,20.74184504730066
40.51152173029625,20.74184504730066
40.542548058718985,21.024800243520716
40.417965111919955,21.024800243520716
40.449653667254495,20.74184504730066
40.481342222589035,20.74184504730066
40.513030777923575,20.74184504730066
40.544719333258115,20.74184504730066
40.576407888592655,20.74184504730066
40.608096443927195,20.74184504730066
40.63978499926174,20.74184504730066
40.67147355459628,20.74184504730066
40.70316210993082,20.74184504730066
40.576407888592655,20.74184504730066
40.60813957809614,20.74184504730066
40.63987126759963,20.74184504730066
40.67160295710312,20.74184504730066
40.703334646606606,20.74184504730066
40.735066336110094,20.74184504730066
40.76679802561358,20.74184504730066
40.79852971511707,20.74184504730066
40.83026140462056,20.74184504730066
40.861993094124045,20.74184504730066
40.735066336110094,20.74184504730066
40.76671826394786,20.81990460522604
40.79819334360754,20.897672587520216
40.829494189332955,20.927960154321127
40.86062335543933,20.927960154321127
40.89158333814603,20.927960154321127
40.922466112286564,20.927960154321127
40.953542603732664,20.927960154321127
40.98461909517876,20.927960154321127
41.01569558662486,20.869664276008734
40.89138962084047,20.71521831233168
40.92282144389445,20.559612167105882
40.95425326694842,20.40281929528502
40.9856850900024,20.244812123857837
41.01711691305637,20.085561995237967
41.04854873611035,19.925039106581313
41.079980559164326,19.76321244466702
41.1114123822183,19.60004971593919
41.142844205272276,19.43551727126228
41.17427602832625,19.269580024893667
41.04854873611036,19.060993056241166
41.07993785429626,18.850098096412307
41.11132697248216,18.63681679361204
41.14271609066805,18.421066259936005
41.17410520885395,18.20275869496834
41.20549432703985,17.981800968243935
41.23688344522575,17.758094154943304
41.26827256341165,17.531533018253835
41.29966168159755,17.302005430712864
41.33105079978344,17.069391725504175
41.20549432703986,16.953869825197895
41.236955169965555,16.837555351677423
41.268416012891244,16.720431764516317
41.29987685581694,16.60248193984537
41.33133769874263,16.483688141127182
41.362798541668326,16.36403198802123
41.394259384594015,16.243494423184544
41.42572022751971,16.122055676838258
41.4571810704454,15.999695228913518
41.4886419133711,15.87639176857145
41.36279854166834,15.87639176857145
41.39937764587856,15.87639176857145
41.43595675008878,15.87639176857145
41.472535854299,15.87639176857145
41.509114958509215,15.87639176857145
41.545694062719434,15.87639176857145
41.58227316692965,15.87639176857145
41.61885227113987,15.87639176857145
41.65543137535009,15.87639176857145
41.69201047956031,17.971077378938226
41.545694062719434,17.971077378938226
41.58711873274706,15.87639176857145
41.628543402774675,15.87639176857145
41.6699680728023,15.87639176857145
41.71139274282992,15.87639176857145
41.75281741285754,15.87639176857145
41.79424208288516,15.87639176857145
41.83566675291278,15.87639176857145
41.8770914229404,15.87639176857145
41.91851609296803,15.87639176857145
41.75281741285755,15.87639176857145
41.794113416922116,15.87639176857145
41.83540942098668,15.87639176857145
41.87670542505124,15.87639176857145
41.918001429115805,15.87639176857145
41.95929743318037,15.87639176857145
42.00059343724493,15.87639176857145
42.04188944130949,15.87639176857145
42.083185445374056,15.87639176857145
42.124481449438626,15.87639176857145
41.95929743318037,15.87639176857145
42.00097823305872,15.87639176857145
42.04265903293706,15.87639176857145
42.08433983281541,15.87639176857145
42.12475053747894,16.09419197191917
42.16437653212865,16.309083814513052
42.203257753767964,16.521180784333655
42.24143103201575,16.73058917517431
42.27893040669094,16.937408709371216
42.31578740575028,17.141733092896644
42.16125809901686,17.343650511582965
42.198858152312205,17.516691432210152
42.235910500984744,17.68803958596309
42.27243599016683,17.857743700085123
42.30845424909483,18.016297882538908
42.343983784662626,17.79006867311409
42.379042066140265,17.56092530010463
42.41364560203897,17.32875215927547
42.447810009979214,17.093425794712235
42.48155008031159,16.854814131311954
42.34201553960838,16.678174647635423
42.376627127196116,16.499644231103435
42.411238714783856,16.31916082183581
42.44585030237159,16.1366588891535
42.48046188995933,15.952069153587964
42.51507347754706,15.765318279591076
42.549685065134796,15.57632853508054
42.584296652722536,15.385017413338215
42.61890824031027,15.191297212044663
42.65351982789801,14.995074563356855
42.51507347754705,14.995074563356855
42.54997564988814,14.995074563356855
42.58487782222923,14.995074563356855
42.61977999457032,14.995074563356855
42.654682166911414,14.995074563356855
42.6895843392525,14.995074563356855
42.72448651159359,14.995074563356855
42.75938868393468,14.995074563356855
42.79429085627577,14.995074563356855
42.829193028616864,18.820581265818074
42.689584339252505,18.820581265818074
42.733433401585145,14.995074563356855
42.77728246391779,14.995074563356855
42.82113152625043,14.995074563356855
42.86498058858308,14.995074563356855
42.90882965091572,14.995074563356855
42.95267871324836,14.995074563356855
42.99652777558101,14.995074563356855
43.04037683791365,14.995074563356855
43.08422590024629,14.995074563356855
42.908829650915706,14.995074563356855
42.95230984421198,15.222609075599633
42.994839962763045,15.446792319974556
43.03647370457919,15.667768152622171
43.077260158915664,15.885670423127191
43.11724432352641,16.100623922696744
43.15646755125214,16.31274521985834
43.19496793720736,16.52214339956858
43.23278065579348,16.728920719036367
43.26993825513803,16.933173191451772
43.11405780195695,17.134991107076694
43.15207196417411,17.314211271528855
43.18950637831734,17.49159522944309
43.22638412362384,17.667198289095403
43.26272687245593,17.84107303672497
43.29855500333237,18.01326952047557
43.33388770282259,18.183835418657793
43.368743057593505,18.352816193935276
43.40313813772776,18.520255234847934
43.43708907228709,18.686193985920504
43.29648533918908,18.85067206746197
43.331254046821506,18.85067206746197
43.36602275445394,18.85067206746197
43.40079146208636,18.85067206746197
43.43556016971879,18.85067206746197
43.470328877351214,18.85067206746197
43.50440031225209,18.967687137175847
43.538164715838214,19.08398473255995
43.571629429005284,19.199577891489607
43.60480152089167,19.31447926168789
43.469016334762976,19.428701116877754
43.50295103719675,19.54193599493582
43.53659374759083,19.654518507747007
43.569951085147885,19.766459802214737
43.603029437307136,19.87777071136933
43.63583497052851,19.9884617666036
43.66837364045641,20.098543209301894
43.700651201505536,20.208025001899042
43.73267321590747,20.316916838402875
43.7644450622541,20.42522815441188
43.63472206070926,20.532968136657235
43.66663060015871,20.61860086941655
43.69834179003218,20.703879422070365
43.729858856936275,20.78880815330577
43.76118494573421,20.873391333136933
43.792434281833295,20.927960154321127
43.82383847127794,20.927960154321127
43.85524266072258,20.927960154321127
43.886646850167224,20.927960154321127
43.91805103961187,20.927960154321127
43.792434281833295,20.927960154321127
43.82381391631969,20.927960154321127
43.8551935508061,20.927960154321127
43.8865731852925,20.927960154321127
43.917952819778904,20.927960154321127
43.9493324542653,20.927960154321127
43.98071208875171,20.927960154321127
44.01209172323811,20.927960154321127
44.04347135772451,20.927960154321127
44.07485099221091,20.927960154321127
43.94933245426529,20.927960154321127
43.980801139814176,20.927960154321127
44.012269825363056,20.927960154321127
44.04373851091194,20.927960154321127
44.07520719646082,20.927960154321127
44.10667588200971,20.927960154321127
44.13814456755859,20.927960154321127
44.16961325310748,20.927960154321127
44.20108193865636,20.927960154321127
44.232550624205246,20.927960154321127
44.106675882009725,20.927960154321127
44.13813102915469,20.927960154321127
44.16958617629966,20.927960154321127
44.20104132344463,20.927960154321127
44.2324964705896,20.82628442793405
44.26395161773457,20.69779763428825
44.29540676487954,20.56850822851984
44.326861912024505,20.43840097912331
44.35831705916947,20.30746016665227
44.38977220631444,20.175669561551327
44.26395161773456,19.994649062640157
44.295390973730505,19.811974662293636
44.32683032972645,19.62760018190184
44.358269685722384,19.441477253074705
44.389709041718326,19.253555169449854
44.42114839771427,19.06378072535134
44.45258775371021,18.87209803984457
44.48402710970615,18.678448364538564
44.51546646570209,18.482769873261997
44.54690582169803,18.284997431478885
44.421148397714276,18.050429734378092
44.45250037814415,17.81277339782472
44.483852358574026,17.571903102646093
44.5152043390039,17.327684818674268
44.54655631943378,17.079974932705436
44.57790829986366,16.828619260901277
44.60926028029353,16.573451926346205
44.64061226072341,16.314294078550873
44.67196424115328,16.050952426817897
44.70331622158316,15.783217553290667
44.57790829986365,15.485729177911425
44.609448782790906,15.182412852005179
44.640989265718154,14.872912016341877
44.67252974864541,14.556832199450588
44.704070231572665,14.23373512188829
44.73561071449991,13.903131566564097
44.76715119742717,13.56447268397507
44.79869168035442,13.217139290762605
44.83023216328167,12.86042856473047
44.86177264620893,12.493537317575443
44.73561071449993,12.147341580372208
44.76704974513913,11.790985549767626
44.79848877577834,11.423518415944294
44.82992780641754,11.043831118049923
44.86136683705674,10.650616814466533
44.89280586769595,10.242317671952314
44.924244898335154,9.817051698844011
44.95568392897436,9.372509633090035
44.98712295961356,8.90580538676626
45.01856199025276,8.413251592074516
44.892805867695955,8.413251592074516
44.935821629799065,8.413251592074516
44.978837391902175,8.413251592074516
45.02185315400529,8.413251592074516
45.0648689161084,8.413251592074516
45.10788467821151,8.413251592074516
45.15090044031462,8.413251592074516
45.19391620241773,8.413251592074516
45.23693196452085,8.413251592074516
45.27994772662396,9.518213302080145
45.107884678211505,9.518213302080145
45.18484703758706,8.413251592074516
45.26180939696262,8.413251592074516
45.338771756338176,8.413251592074516
45.415734115713725,8.413251592074516
45.49269647508928,8.413251592074516
45.56965883446484,8.413251592074516
45.646621193840396,8.413251592074516
45.72358355321595,8.413251592074516
45.80054591259151,8.413251592074516
45.49269647508929,8.413251592074516
45.57040068701201,8.413251592074516
45.64810489893473,8.413251592074516
45.725809110857455,8.413251592074516
45.80351332278018,8.413251592074516
45.8812175347029,8.413251592074516
45.95892174662562,8.413251592074516
46.03662595854834,8.413251592074516
46.10464803454332,8.66713461825779
46.170154655175985,8.91378946523087
45.87630403820705,9.153800454997864
45.94626193106691,9.4336454483228
46.013259749945775,9.705424777896322
46.07761261115777,9.969798081914513
46.13958592521758,10.227339706340484
46.19940542259361,10.478553389835406
46.25726476818777,10.723883849537604
46.31333142837133,10.963726031469223
46.36900091129527,11.138938478488727
46.4278060702408,11.138938478488727
46.19258543445865,11.138938478488727
46.25046871566829,11.383098395930412
46.30655677830422,11.622130086834785
46.3609918504966,11.85634372052308
46.413899240399985,12.086019406035383
46.46538994115547,12.311411119239773
46.51556275236825,12.532749993948558
46.56450602185773,12.75024709857399
46.612299086390934,12.96409579332748
46.65901347173203,13.174473742903283
46.45984723334135,13.38154464426005
46.5091489269994,13.38154464426005
46.558450620657446,13.38154464426005
46.6077523143155,13.38154464426005
46.65705400797354,13.38154464426005
46.706355701631594,13.38154464426005
46.75565739528964,13.38154464426005
46.80495908894769,13.38154464426005
46.854260782605735,13.38154464426005
46.90356247626379,13.38154464426005
46.70635570163161,13.38154464426005
46.75539283060367,13.38154464426005
46.80321589448095,13.651391696253668
46.84968198139305,13.91600709337137
46.89489026294425,14.175683814228536
46.938928974723055,14.430688472113852
46.98187698264976,14.681264521743971
47.02380507805828,14.927634981323633
47.06477705597355,15.170004756553498
47.10485061871785,15.408562635498306
46.93434462437296,15.64348300955683
46.97617884859186,15.867457250512851
47.017148614951815,16.0883137252918
47.057300203992554,16.30617911866456
47.09667612814788,16.521171761607338
47.13531553348619,16.73340238275203
47.173254549244845,16.942974775099295
47.21052659308396,17.14998638938849
47.247162638618725,17.354528863751106
47.28319145068475,17.556688497815582
47.13238397585263,17.756546678222364
47.16904474124262,17.916629551029427
47.20522171931132,18.075294714104995
47.24093162227797,18.232579179443675
47.27619027599242,18.388518376084953
47.311012682050375,18.543146243303617
47.34541307455736,18.6964953168629
47.379404972084366,18.848596808951264
47.41300122529526,18.99948068235917
47.446214060670904,19.14917571939509
47.30925080407558,19.29770958598977
47.34318349053799,19.29770958598977
47.377116177000396,19.29770958598977
47.41104886346281,19.29770958598977
47.44498154992522,19.29770958598977
47.478914236387624,19.29770958598977
47.51284692285003,19.29770958598977
47.54677960931244,19.29770958598977
47.58071229577485,19.29770958598977
47.61464498223726,19.29770958598977
47.47891423638762,19.29770958598977
47.51347969878328,19.29770958598977
47.54804516117895,19.29770958598977
47.58261062357461,19.29770958598977
47.61717608597027,19.29770958598977
47.65174154836593,19.29770958598977
47.685627569567075,19.415108659697363
47.71921412875294,19.5318020999218
47.75250824819639,19.64780247949281
47.78551669516213,19.763122002249993
47.65046203995994,19.87777251802807
47.68353506973508,19.979685973190506
47.71635728521283,20.081082214266715
47.74893370472156,20.181969036864867
47.78126919129514,20.282354042709283
47.81336845906765,20.382244646324875
47.84523607934212,20.481648081428222
47.87687648635313,20.58057140704081
47.908293982741355,20.679021513339045
47.93949274475744,20.777005127254807
47.81240259419749,20.87452881783936
47.84390290910492,20.927960154321127
47.87539198034242,20.927960154321127
47.90688105157993,20.927960154321127
47.93837012281743,20.927960154321127
47.96985919405493,20.927960154321127
48.001348265292435,20.927960154321127
48.03283733652994,20.927960154321127
48.064326407767446,20.927960154321127
48.09581547900495,20.927960154321127
47.969859194054926,20.927960154321127
48.00096809445227,20.927960154321127
48.03207699484962,20.927960154321127
48.06318589524696,20.927960154321127
48.0942947956443,20.927960154321127
48.125403696041644,20.927960154321127
48.15651259643899,20.927960154321127
48.187621496836336,20.927960154321127
48.21873039723368,20.927960154321127
48.24983929763102,20.927960154321127
48.12540369604164,20.927960154321127
48.15705466933358,20.927960154321127
48.188705642625536,20.927960154321127
48.22035661591748,20.927960154321127
48.252007589209434,20.927960154321127
48.28365856250138,20.927960154321127
48.31530953579333,20.927960154321127
48.34696050908528,20.927960154321127
48.37861148237723,20.927960154321127
48.41026245566918,20.927960154321127
48.283658562501365,20.927960154321127
48.314861734847476,20.927960154321127
48.34606490719359,20.927960154321127
48.377268079539704,20.927960154321127
48.408471251885814,20.927960154321127
48.43967442423193,20.927960154321127
48.47087759657804,20.927960154321127
48.50208076892416,20.927960154321127
48.53328394127027,20.927960154321127
48.56448711361638,20.927960154321127
48.43967442423192,20.927960154321127
48.47115744822204,20.927960154321127
48.50264047221216,20.927960154321127
48.534123496202284,20.927960154321127
48.565606520192404,20.927960154321127
48.59708954418252,20.927960154321127
48.62857256817264,20.927960154321127
48.66005559216276,20.9063726417741
48.69153861615289,20.85742810973204
48.72302164014301,20.8083684528259
48.597089544182516,20.8083684528259
48.62846800304275,20.8083684528259
48.65973635268183,20.8083684528259
48.69089561835279,20.8083684528259
48.72194681046324,20.8083684528259
48.752890924862996,20.8083684528259
48.78372894312469,20.8083684528259
48.814461832817635,20.8083684528259
48.84509054777518,20.8083684528259
48.875616028355736,20.8083684528259
48.752448789534526,20.8083684528259
48.78389066378523,20.8083684528259
48.815332538035925,20.8083684528259
48.84677441228663,20.8083684528259
48.878216286537324,20.8083684528259
48.90965816078803,20.8083684528259
48.94110003503872,20.8083684528259
48.972541909289426,20.8083684528259
49.00398378354012,20.8083684528259
49.035425657790825,20.914424607554587
48.90965816078804,20.914424607554587
48.9412723274192,20.8083684528259
48.972886494050364,20.8083684528259
49.00450066068152,20.8083684528259
49.03611482731269,20.8083684528259
49.067728993943845,20.8083684528259
49.099343160575,20.8083684528259
49.13095732720617,20.8083684528259
49.162571493837326,20.8083684528259
49.194185660468484,20.8083684528259
49.06772899394383,20.8083684528259
49.09928416045681,20.863367271724833
49.13071512376815,20.91822148656997
49.16202318030793,20.927960154321127
49.193209605474784,20.927960154321127
49.224275654092104,20.927960154321127
49.255222560851834,20.927960154321127
49.28605154074648,20.927960154321127
49.31676378948944,20.927960154321127
49.347360483924376,20.927960154321127
49.22377913389791,20.927960154321127
49.25522152965377,20.927960154321127
49.28666392540963,20.927960154321127
49.31810632116549,20.927960154321127
49.34954871692135,20.927960154321127
49.38099111267721,20.927960154321127
49.41243350843307,20.927960154321127
49.443875904188936,20.927960154321127
49.475318299944796,20.927960154321127
49.506760695700656,20.927960154321127
49.38099111267721,20.927960154321127
49.41244170640633,20.927960154321127
49.443892300135445,20.927960154321127
49.475342893864564,20.927960154321127
49.50679348759368,20.927960154321127
49.53824408132281,20.927960154321127
49.56969467505193,20.927960154321127
49.601145268781046,20.927960154321127
49.632595862510165,20.927960154321127
49.664046456239284,20.927960154321127
49.5382440813228,20.927960154321127
49.569659565882674,20.927960154321127
49.601075050442546,20.927960154321127
49.63249053500241,20.927960154321127
49.66390601956228,20.927960154321127
49.695321504122155,20.927960154321127
49.72673698868203,20.927960154321127
49.75815247324189,20.927960154321127
49.789567957801765,20.927960154321127
49.82098344236164,20.927960154321127
49.69532150412216,20.927960154321127
49.72675589494986,20.927960154321127
49.75819028577756,20.927960154321127
49.78962467660526,20.927960154321127
49.821059067432955,20.927960154321127
49.85249345826065,20.927960154321127
49.88392784908835,20.927960154321127
49.91536223991605,20.927960154321127
49.94679663074375,20.927960154321127
49.978231021571446,20.927960154321127
49.85249345826065,20.927960154321127
49.8839620838195,20.927960154321127
49.915430709378334,20.927960154321127
49.94689933493718,20.927960154321127
49.978367960496016,20.927960154321127
50.00983658605486,20.927960154321127
50.041305211613704,20.927960154321127
50.07277383717254,20.927960154321127
50.104242462731385,20.927960154321127
50.13571108829023,20.927960154321127
50.009836586054874,20.927960154321127
50.04127210554604,20.927960154321127
50.07270762503721,20.927960154321127
50.10414314452838,20.927960154321127
50.13557866401955,20.927960154321127
50.167014183510716,20.927960154321127
50.198449703001884,20.927960154321127
50.22988522249305,20.927960154321127
50.26132074198422,20.927960154321127
50.29275626147539,20.927960154321127
50.167014183510716,20.927960154321127
50.198463304957144,20.927960154321127
50.229912426403565,20.927960154321127
50.261361547849994,20.927960154321127
50.292810669296415,20.927960154321127
50.32425979074284,20.927960154321127
50.355708912189264,20.927960154321127
50.38715803363569,20.927960154321127
50.418607155082114,20.927960154321127
50.45005627652854,20.927960154321127
50.32425979074286,20.927960154321127
50.35569011741157,20.927960154321127
50.387120444080274,20.927960154321127
50.418550770748986,20.927960154321127
50.4499810974177,20.927960154321127
50.4814114240864,20.927960154321127
50.512841750755115,20.927960154321127
50.54427207742382,20.927960154321127
50.57570240409253,20.927960154321127
50.60713273076124,20.927960154321127
50.48141142408642,20.927960154321127
50.51292419554018,20.927960154321127
50.54443696699394,20.927960154321127
50.575949738447704,20.927960154321127
50.60746250990147,20.927960154321127
50.63897528135523,20.927960154321127
50.67048805280899,20.927960154321127
50.70200082426275,20.927960154321127
50.73351359571651,20.927960154321127
50.76502636717027,20.927960154321127
50.63897528135523,20.927960154321127
50.67035428408802,20.927960154321127
50.70173328682081,20.927960154321127
50.7331122895536,20.927960154321127
50.764491292286394,20.831899112327083
50.79587029501918,20.70407157872144
50.82724929775197,20.575449916039943
50.85862830048476,20.446019137184507
50.89000730321755,20.315763777637354
50.92138630595034,20.18466787389401
50.795870295019185,20.004334907497586
50.82725682816037,19.822361438618863
50.85864336130156,19.638701864307677
50.89002989444275,19.453308428827196
50.921416427583935,19.266131078631144
50.95280296072512,19.07711730453305
50.98418949386631,18.886211969657438
51.0155760270075,18.69335712157529
51.046962560148685,18.49849178680973
51.07834909328987,18.30155174564672
50.95280296072512,18.107535597599124
50.98432901457612,17.911417993504998
51.015855068427115,17.71312913230719
51.04738112227811,17.512595261054965
51.07890717612911,17.309738354384788
51.1104332299801,17.104475759782726
51.1419592838311,16.89671980405457
51.173485337682095,16.68637735568943
51.20501139153309,16.47334933691992
51.236537445384094,16.25753017822618
51.1104332299801,16.23860696147572
51.1418352815337,16.218210949335507
51.1732373330873,16.197789254864517
51.204639384640906,16.177341780801395
51.236041436194505,16.15686842926935
51.2674434877481,16.136369101770658
51.2988455393017,16.115843699181156
51.3302475908553,16.09529212174464
51.3616496424089,16.074714269067222
51.393051693962505,16.054110040111585
51.267443487748096,16.054110040111585
51.307823277050815,16.054110040111585
51.348203066353534,16.054110040111585
51.38858285565626,16.054110040111585
51.42896264495898,16.054110040111585
51.4693424342617,16.054110040111585
51.50972222356442,16.054110040111585
51.550102012867136,16.054110040111585
51.59048180216986,16.054110040111585
51.63086159147258,16.25753017822618
51.46934243426169,16.25753017822618
51.51034384338597,16.054110040111585
51.551345252510245,16.054110040111585
51.59234666163452,16.054110040111585
51.6333480707588,16.054110040111585
51.67434947988308,16.054110040111585
51.715350889007354,16.054110040111585
51.75635229813163,16.054110040111585
51.79735370725591,16.054110040111585
51.83835511638019,16.054110040111585
51.67434947988308,16.054110040111585
51.71539491724781,16.054110040111585
51.75644035461253,16.054110040111585
51.79748579197726,16.054110040111585
51.83853122934199,16.054110040111585
51.87957666670671,16.054110040111585
51.92062210407144,16.054110040111585
51.96166754143617,16.054110040111585
52.0027129788009,16.054110040111585
52.04375841616562,16.054110040111585
51.879576666706726,16.054110040111585
51.920490692630466,15.901442196733981
51.9614047185542,15.611889243405843
52.00231874447794,15.31686350271066
52.04203622816873,15.016042400478524
52.08101215321055,14.709070371212034
52.119282831081804,14.395553931598696
52.15688185277447,14.075055765781736
52.19384035674595,13.747087568723952
52.23018726460749,13.411101313257744
52.07806031234199,13.130579393590295
52.11539379536208,12.843932107742262
52.15219985054575,12.550739769639367
52.188497958053794,12.25053245953505
52.224306494728225,11.942781180237558
52.25964281656583,11.626886904754466
52.29452333362121,11.30216686626354
52.3289635781569,10.967837191068254
52.36297826675738,10.622990606542704
52.39658135703641,10.266567401211034
52.25773934913658,10.266567401211034
52.301155771352775,10.266567401211034
52.34457219356897,10.266567401211034
52.38798861578517,10.266567401211034
52.431405038001365,10.266567401211034
52.47482146021757,10.266567401211034
52.518237882433766,10.266567401211034
52.56165430464996,10.266567401211034
52.60507072686616,10.266567401211034
52.64848714908236,15.091729313253735
52.47482146021756,15.091729313253735
52.53844052284679,10.266567401211034
52.60205958547602,10.266567401211034
52.66567864810525,10.266567401211034
52.72929771073448,10.266567401211034
52.79291677336371,10.266567401211034
52.856535835992936,10.266567401211034
52.920154898622165,10.266567401211034
52.983773961251394,10.266567401211034
53.04739302388062,10.266567401211034
52.79291677336371,10.266567401211034
52.857051112659185,10.266567401211034
52.921185451954656,10.266567401211034
52.985319791250134,10.266567401211034
53.049454130545605,10.266567401211034
53.11358846984108,10.266567401211034
53.177722809136554,10.266567401211034
53.24185714843203,10.266567401211034
53.3059914877275,10.266567401211034
53.36080682627313,10.421800049665189
53.11165638291409,10.421800049665189
53.17046542823429,10.421800049665189
53.22715842637441,10.421800049665189
53.28192857222064,10.367020575832024
53.334942731303755,10.29519093744628
53.38634605866595,10.222856609442763
53.43626564573465,10.15000680177009
53.48481343063297,10.076630334329556
53.53208854348344,10.00271561694533
53.578179213428974,9.9282506279925
53.38008883805935,9.9282506279925
53.442691798577584,9.9282506279925
53.50529475909581,9.9282506279925
53.567897719614045,9.9282506279925
53.63050068013227,9.9282506279925
53.693103640650506,9.9282506279925
53.75570660116874,9.9282506279925
53.818309561686966,9.9282506279925
53.8809125222052,9.9282506279925
53.94351548272343,10.421800049665189
53.69310364065052,10.421800049665189
53.75909717232149,9.9282506279925
53.82509070399246,9.9282506279925
53.89108423566343,9.9282506279925
53.9570777673344,9.9282506279925
54.023071299005366,9.9282506279925
54.089064830676335,9.9282506279925
54.155058362347305,9.9282506279925
54.221051894018274,9.9282506279925
54.28704542568924,9.9282506279925
54.023071299005366,9.9282506279925
54.08755679675339,10.283093688203955
54.14889341286318,10.626093876327584
54.20746466872628,10.958363305561335
54.26358538374886,11.280850216398576
54.31751730944725,11.137366912261342
54.369480546196066,10.888853941671323
54.419662037941585,10.63453518437776
54.46822199895779,10.373983661664692
54.5152988491437,10.10671734230276
54.309148424520544,10.10671734230276
54.360653467797334,10.10671734230276
54.41215851107413,10.10671734230276
54.46366355435092,10.10671734230276
54.51516859762772,10.10671734230276
54.56667364090451,10.10671734230276
54.61817868418131,10.10671734230276
54.6696837274581,10.10671734230276
54.7211887707349,10.10671734230276
54.77269381401169,12.21170514347486
54.5666736409045,12.21170514347486
54.631423492984695,10.10671734230276
54.696173345064885,10.10671734230276
54.76092319714508,10.10671734230276
54.82567304922527,10.10671734230276
54.89042290130547,10.10671734230276
54.95517275338566,10.10671734230276
55.01992260546586,10.10671734230276
55.08467245754605,10.10671734230276
55.149422309626246,10.10671734230276
54.890422901305485,10.10671734230276
54.95417304903257,10.361126742243489
55.01567151074821,10.609437275391329
55.07512026739224,10.852067601710415
55.13269423374002,11.089390567732867
55.18854593037828,11.321739932331626
55.24280918765345,11.549415873843245
55.295602112588035,11.77268953802028
55.347029487984905,11.991806823420811
55.39718472932568,11.882135147280524
55.18184968688099,11.882135147280524
55.23473861808764,11.796693064264868
55.28582795391303,11.669003554376934
55.3352734770959,11.539901240983312
55.383210793926345,11.409338164470139
55.42975870504007,11.277263588779924
55.47502189937085,11.143623771036427
55.51909312796604,11.008361705993984
55.56205497366453,10.871416841864791
55.60398130356741,10.732724763505681
55.42434675319147,10.732724763505681
55.479288435955866,10.732724763505681
55.53423011872027,10.732724763505681
55.58917180148466,10.732724763505681
55.64411348424906,10.732724763505681
55.699055167013455,10.732724763505681
55.75399684977785,10.732724763505681
55.80893853254225,10.732724763505681
55.863880215306644,10.732724763505681
55.918821898071045,11.882135147280524
55.69905516701344,11.882135147280524
55.760000954205736,10.732724763505681
55.82094674139804,10.732724763505681
55.881892528590335,10.732724763505681
55.94283831578264,10.732724763505681
56.00378410297493,10.732724763505681
56.06472989016723,10.732724763505681
56.12567567735953,10.732724763505681
56.18662146455183,10.732724763505681
56.24756725174413,10.732724763505681
56.00378410297492,10.732724763505681
56.0641358125015,10.937344439647509
56.122847410641214,11.13820568735416
56.18003335043218,11.335508302503634
56.2357960359549,11.529434982619446
56.29022747093202,11.720153307903837
56.34341063431589,11.907817436587173
56.39542063533376,11.929465379438794
56.44899135520706,11.529628668905948
56.50318202415614,11.115418581703846
56.286419348359836,11.115418581703846
56.339425127227095,11.115418581703846
56.39061134416771,11.115418581703846
56.44013684214386,11.115418581703846
56.48813972480949,11.115418581703846
56.53474084824596,11.115418581703846
56.5800466063376,11.115418581703846
56.62415117450148,11.115418581703846
56.66713833340336,11.115418581703846
56.709082963607585,14.57294396604411
56.52928312655465,14.820126853730137
56.58823017233748,11.115418581703846
56.647177218120305,11.115418581703846
56.706124263903135,11.115418581703846
56.765071309685965,11.115418581703846
56.82401835546879,11.115418581703846
56.88296540125162,11.115418581703846
56.94191244703445,11.115418581703846
57.00085949281727,11.115418581703846
57.0598065386001,11.115418581703846
56.8240183554688,11.115418581703846
56.88220501798227,11.440266124797489
56.93803009551848,11.756140853438714
56.991735294457044,12.06374761529735
57.04352559236303,12.363703542438019
57.09357638744043,12.656552612974686
57.142038985884376,12.942777244652643
57.189044870087145,13.222807627898092
57.23470905891537,13.497029314782635
57.27913278244171,13.765789446443074
57.08686042708642,14.029401906122205
57.133665927172174,14.029401906122205
57.18047142725793,14.029401906122205
57.227276927343674,14.029401906122205
57.27408242742943,14.029401906122205
57.32088792751518,14.029401906122205
57.36769342760093,14.029401906122205
57.41449892768669,14.029401906122205
57.46130442777243,14.029401906122205
57.508109927858186,14.029401906122205
57.32088792751519,14.029401906122205
57.36778595944402,14.029401906122205
57.41362319290979,14.287469029466452
57.45826748107101,14.540956801133166
57.50179901542447,14.790100679741121
57.54428983128851,15.035116612162891
57.58580488807884,15.276203224813235
57.626402976152654,15.513543708329575
57.66613748257438,15.74730744650367
57.70505704133604,15.97765143064423
57.54019385550789,16.204721492936105
57.58073719993989,16.413738136729947
57.620522953369694,16.62012637071875
57.65958789274387,16.82398292724344
57.69796607313146,17.025398746980834
57.73568909213223,17.224459453092116
57.77278632290905,17.421245776600824
57.80928512020308,17.615833938995053
57.84521100300149,17.80829599719658
57.88058781695972,17.99870015532471
57.73307177597736,18.187111047079565
57.768972996044276,18.187111047079565
57.80487421611119,18.187111047079565
57.840775436178106,18.187111047079565
57.87667665624502,18.187111047079565
57.912577876311936,18.187111047079565
57.94847909637885,18.187111047079565
57.984380316445765,18.187111047079565
58.02028153651268,18.187111047079565
58.056182756579595,18.187111047079565
57.91257787631195,18.187111047079565
57.948645905852196,18.187111047079565
57.98471393539245,18.187111047079565
58.020781964932695,18.187111047079565
58.05684999447295,18.187111047079565
58.09212224376517,18.334152557598944
58.12698286407458,18.480024128009685
58.16144455684883,18.624753247716555
58.19551941877288,18.76836634619105
58.229218979942196,18.910888849320255
58.09040397343961,19.052345231961695
58.12491628526619,19.175065194292692
58.15910094537845,19.29700473060254
58.19296613877381,19.418178543324252
58.226519735006505,19.538600878976467
58.25976930432503,19.658285547714012
58.29272213279017,19.77724594181362
58.32538523644972,19.8954950531648
58.357765374639655,20.013045489830546
58.38986906247533,20.129909491737628
58.25853156954639,20.24609894555172
58.290907806076234,20.338846506729805
58.3230643351649,20.43117304355186
58.35500509482657,20.523084238164717
58.38673391379076,20.61458564604319
58.41825451554206,20.705682699908614
58.44957052217482,20.796380713492912
58.48068545807293,20.88668488515554
58.51189426083074,20.927960154321127
58.5433232075293,20.927960154321127
58.417607420735095,20.927960154321127
58.44907941435551,20.927960154321127
58.480551407975916,20.927960154321127
58.51202340159633,20.927960154321127
58.54349539521674,20.927960154321127
58.57496738883715,20.927960154321127
58.60643938245756,20.927960154321127
58.63791137607797,20.927960154321127
58.66938336969838,20.927960154321127
58.700855363318794,20.927960154321127
58.574967388837166,20.927960154321127
58.60639297184956,20.927960154321127
58.63781855486195,20.927960154321127
58.669244137874344,20.927960154321127
58.700669720886744,20.927960154321127
58.732095303899136,20.927960154321127
58.76352088691153,20.927960154321127
58.79494646992392,20.927960154321127
58.826372052936314,20.927960154321127
58.85779763594871,20.927960154321127
58.73209530389913,20.927960154321127
58.7635166922482,20.927960154321127
58.794938080597284,20.927960154321127
58.82635946894636,20.927960154321127
58.85778085729543,20.927960154321127
58.88920224564451,20.927960154321127
58.920623633993586,20.927960154321127
58.95204502234266,20.927960154321127
58.98346641069174,20.927960154321127
59.014887799040814,20.927960154321127
58.8892022456445,20.927960154321127
58.92067156398558,20.927960154321127
58.95214088232666,20.927960154321127
58.98361020066774,20.927960154321127
59.01507951900882,20.927960154321127
59.0465488373499,20.927960154321127
59.07801815569099,20.927960154321127
59.10948747403207,20.927960154321127
59.14095679237315,20.927960154321127
59.172426110714234,20.927960154321127
59.0465488373499,20.927960154321127
59.07799679983192,20.927960154321127
59.10944476231394,20.927960154321127
59.14089272479596,20.927960154321127
59.17234068727799,20.927960154321127
59.20378864976001,20.927960154321127
59.235236612242026,20.927960154321127
59.266684574724046,20.927960154321127
59.298132537206065,20.927960154321127
59.329580499688085,20.927960154321127
59.20378864976,20.927960154321127
59.2352365749896,20.927960154321127
59.266684500219206,20.927960154321127
59.298132425448806,20.927960154321127
59.32958035067841,20.927960154321127
59.36102827590801,20.927960154321127
59.39247620113762,20.927960154321127
59.42392412636722,20.927960154321127
59.455372051596825,20.927960154321127
59.486819976826425,20.927960154321127
59.361028275908,20.927960154321127
59.39262513402767,20.927960154321127
59.42422199214734,20.927960154321127
59.455818850267015,20.927960154321127
59.487415708386685,20.927960154321127
59.519012566506355,20.927960154321127
59.550609424626025,20.927960154321127
59.582206282745695,20.927960154321127
59.61380314086537,20.927960154321127
59.64539999898504,20.927960154321127
59.51901256650635,20.927960154321127
59.550211607884464,20.927960154321127
59.58141064926257,20.927960154321127
59.61260969064069,20.927960154321127
59.6438087320188,20.927960154321127
59.67500777339691,20.927960154321127
59.70620681477503,20.927960154321127
59.73740585615314,20.927960154321127
59.768604897531254,20.927960154321127
59.79980393890936,20.927960154321127
59.67500777339693,20.927960154321127
59.706554621211865,20.927960154321127
59.73810146902681,20.927960154321127
59.769648316841746,20.927960154321127
59.80119516465669,20.927960154321127
59.83274201247163,20.927960154321127
59.86428886028657,20.927960154321127
59.89583570810151,20.927960154321127
59.92738255591645,20.927960154321127
59.95892940373139,20.927960154321127
59.83274201247161,20.927960154321127
59.86417644396465,20.927960154321127
59.89561087545769,20.927960154321127
59.927045306950724,20.927960154321127
59.95847973844376,20.927960154321127
59.9899141699368,20.927960154321127
60.02134860142984,20.927960154321127
60.052783032922875,20.927960154321127
60.084217464415914,20.927960154321127
60.115651895908954,20.927960154321127
59.98991416993681,20.927960154321127
60.021390273889324,20.927960154321127
60.05286637784184,20.927960154321127
60.08434248179435,20.927960154321127
60.115818585746865,20.927960154321127
60.14729468969938,20.927960154321127
60.17877079365189,20.927960154321127
60.2102468976044,20.927960154321127
60.24172300155691,20.927960154321127
60.27319910550943,20.927960154321127
60.14729468969938,20.927960154321127
60.178727255535605,20.927960154321127
60.210159821371825,20.927960154321127
60.24159238720805,20.927960154321127
60.27302495304427,20.927960154321127
60.3044575188805,20.927960154321127
60.33589008471672,20.927960154321127
60.36732265055294,20.927960154321127
60.39875521638917,20.927960154321127
60.430187782225396,20.927960154321127
60.30445751888051,20.927960154321127
60.335915864548966,20.927960154321127
60.36737421021741,20.927960154321127
60.39883255588587,20.927960154321127
60.43029090155432,20.927960154321127
60.46174924722277,20.927960154321127
60.493207592891224,20.927960154321127
60.52466593855968,20.927960154321127
60.556124284228126,20.927960154321127
60.58758262989658,20.927960154321127
60.461749247222784,20.927960154321127
60.49318492421736,20.927960154321127
60.524620601211936,20.927960154321127
60.55605627820651,20.927960154321127
60.58749195520109,20.927960154321127
60.618927632195664,20.927960154321127
60.65036330919024,20.927960154321127
60.681798986184816,20.927960154321127
60.71323466317939,20.927960154321127
60.74467034017397,20.927960154321127
60.618927632195664,20.927960154321127
60.6503734900634,20.927960154321127
60.681819347931146,20.927960154321127
60.71326520579888,20.927960154321127
60.74471106366663,20.927960154321127
60.776156921534366,20.927960154321127
60.80760277940211,20.927960154321127
60.83904863726985,20.927960154321127
60.870494495137585,20.927960154321127
60.90194035300533,20.927960154321127
60.77615692153435,20.927960154321127
60.807603528028935,20.927960154321127
60.83905013452351,20.927960154321127
60.870496741018094,20.927960154321127
60.90194334751268,20.927960154321127
60.93338995400726,20.927960154321127
60.96483656050184,20.927960154321127
60.99628316699642,20.927960154321127
61.027729773491004,20.927960154321127
61.05917637998558,20.927960154321127
60.93338995400727,20.927960154321127
60.96466779225419,20.927960154321127
60.995945630501105,20.927960154321127
61.027223468748026,20.927960154321127
61.05850130699495,20.927960154321127
61.08977914524187,20.927960154321127
61.121056983488785,20.927960154321127
61.15233482173571,20.927960154321127
61.18361265998263,20.927960154321127
61.21489049822955,20.927960154321127
61.08977914524188,20.927960154321127
61.121786566238555,20.927960154321127
61.15379398723523,20.927960154321127
61.18580140823191,20.927960154321127
61.21780882922859,20.927960154321127
61.249816250225265,20.927960154321127
61.28182367122194,20.927960154321127
61.31383109221862,20.927960154321127
61.3458385132153,20.927960154321127
61.377845934211976,20.927960154321127
61.249816250225265,20.927960154321127
61.28102601473897,20.927960154321127
61.312235779252674,20.927960154321127
61.34344554376638,20.927960154321127
61.37465530828008,20.927960154321127
61.40586507279378,20.927960154321127
61.437074837307485,20.927960154321127
61.46828460182119,20.927960154321127
61.49949436633489,20.927960154321127
61.5307041308486,20.927960154321127
61.40586507279379,20.927960154321127
61.437099614279234,20.927960154321127
61.46833415576468,20.927960154321127
61.499568697250126,20.927960154321127
61.53080323873557,20.927960154321127
61.56203778022102,20.927960154321127
61.593272321706465,20.927960154321127
61.62450686319191,20.927960154321127
61.65574140467736,20.927960154321127
61.6869759461628,20.927960154321127
61.56203778022102,20.927960154321127
61.5935464187187,20.927960154321127
61.62505505721638,20.927960154321127
61.65656369571406,20.927960154321127
61.68807233421174,20.927960154321127
61.71958097270942,20.927960154321127
61.75108961120711,20.927960154321127
61.78259824970478,20.927960154321127
61.81410688820247,20.927960154321127
61.84561552670014,20.927960154321127
61.71958097270944,20.927960154321127
61.75105836845296,20.927960154321127
61.78253576419649,20.927960154321127
61.81401315994001,20.927960154321127
61.84549055568354,20.927960154321127
61.87696795142706,20.927960154321127
61.90844534717059,20.927960154321127
61.93992274291411,20.927960154321127
61.97140013865764,20.927960154321127
62.002877534401165,20.927960154321127
61.87696795142705,20.927960154321127
61.90828170932039,20.927960154321127
61.939595467213735,20.927960154321127
61.97090922510708,20.927960154321127
62.00222298300042,20.927960154321127
62.033536740893766,20.927960154321127
62.06485049878711,20.927960154321127
62.09616425668045,20.927960154321127
62.127478014573796,20.927960154321127
62.15879177246714,20.927960154321127
62.033536740893766,20.927960154321127
62.06508720051555,20.927960154321127
62.096637660137326,20.927960154321127
62.12818811975911,20.927960154321127
62.15973857938089,20.927960154321127
62.19128903900267,20.927960154321127
62.22283949862445,20.927960154321127
62.254389958246236,20.927960154321127
62.28594041786801,20.927960154321127
62.317490877489796,20.927960154321127
62.19128903900268,20.927960154321127
62.222741506442816,20.927960154321127
62.25419397388295,20.927960154321127
62.28564644132308,20.927960154321127
62.317098908763214,20.927960154321127
62.348551376203346,20.927960154321127
62.38000384364348,20.927960154321127
62.41145631108361,20.927960154321127
62.442908778523744,20.927960154321127
62.47436124596388,20.927960154321127
62.348551376203346,20.927960154321127
62.37998740845185,20.927960154321127
62.41142344070036,20.927960154321127
62.44285947294887,20.927960154321127
62.47429550519738,20.927960154321127
62.50573153744589,20.927960154321127
62.5371675696944,20.927960154321127
62.568603601942904,20.927960154321127
62.60003963419141,20.927960154321127
62.63147566643992,20.927960154321127
62.50573153744588,20.927960154321127
62.53709981254178,20.927960154321127
62.56846808763769,20.927960154321127
62.59983636273359,20.927960154321127
62.63120463782949,20.927960154321127
62.6625729129254,20.927960154321127
62.6939411880213,20.927960154321127
62.7253094631172,20.927960154321127
62.7566777382131,20.927960154321127
62.78804601330901,20.927960154321127
62.662572912925384,20.927960154321127
62.694097599147256,20.927960154321127
62.72562228536913,20.927960154321127
62.75714697159099,20.927960154321127
62.78867165781286,20.927960154321127
62.820196344034734,20.927960154321127
62.851721030256606,20.927960154321127
62.88324571647847,20.927960154321127
62.91477040270034,20.927960154321127
62.94629508892221,20.927960154321127
62.82019634403474,20.927960154321127
62.851673967697096,20.927960154321127
62.88315159135946,20.927960154321127
62.91462921502181,20.927960154321127
62.946106838684166,20.927960154321127
62.97758446234653,20.927960154321127
63.00906208600888,20.927960154321127
63.040539709671236,20.927960154321127
63.07201733333359,20.927960154321127
63.10349495699595,20.927960154321127
62.97758446234651,20.927960154321127
63.00898156173464,20.927960154321127
63.04037866112277,20.927960154321127
63.0717757605109,20.927960154321127
63.10317285989903,20.927960154321127
63.13456995928716,20.927960154321127
63.165967058675285,20.927960154321127
63.197364158063415,20.927960154321127
63.228761257451545,20.927960154321127
63.260158356839675,20.927960154321127
63.13456995928716,20.927960154321127
63.165937590053744,20.98512152101799
63.19717766512054,21.042127608275077
63.22829155977107,21.098979674713473
63.259280626247325,21.155678962042607
63.290146194265745,21.166405827637472
63.32088957151895,21.107046946467847
63.35151204416348,21.04752066017633
63.38201487729411,20.987825544365023
63.412399315405274,20.927960154321127
63.28963696135747,20.927960154321127
63.32021796024706,20.927960154321127
63.350725866707435,20.927960154321127
63.38116114503349,20.927960154321127
63.411524254926796,20.927960154321127
63.441815651556524,20.927960154321127
63.472035785619305,20.927960154321127
63.50218510339811,20.927960154321127
63.53241613537394,20.927960154321127
63.56268691646512,20.927960154321127
63.44160379210042,20.927960154321127
63.473024424940476,20.927960154321127
63.50444505778052,20.927960154321127
63.535865690620575,20.927960154321127
63.56728632346062,20.927960154321127
63.598706956300674,20.927960154321127
63.63012758914073,20.927960154321127
63.66154822198077,20.927960154321127
63.692968854820826,20.927960154321127
63.72438948766088,20.927960154321127
63.59870695630069,20.927960154321127
63.63017578296102,20.927960154321127
63.66164460962135,20.927960154321127
63.693113436281685,20.927960154321127
63.724582262942015,20.927960154321127
63.756051089602344,20.927960154321127
63.787519916262674,20.927960154321127
63.81898874292301,20.927960154321127
63.85045756958334,20.927960154321127
63.88192639624367,20.927960154321127
63.75605108960234,20.927960154321127
63.78749192567146,20.927960154321127
63.818932761740584,20.927960154321127
63.85037359780971,20.927960154321127
63.88181443387883,20.927960154321127
63.91325526994796,20.88587664901164
63.94469610601708,20.765959409971877
63.97613694208621,20.645345650665902
64.00757777815532,20.524023091351737
64.03901861422445,20.401979087167234
63.91325526994795,20.228912346608958
63.94469791967714,20.054352115697174
63.976140569406326,19.87825904937218
64.00758321913551,19.70059204408655
64.0390258688647,19.521308125766204
64.07046851859388,19.34036232842304
64.10191116832308,19.157707562447662
64.13335381805227,18.973294471489226
64.16479646778147,18.7870712766898
64.19623911751066,18.598983606880296
64.07046851859391,18.371644919226625
64.10192503294041,18.14145757284372
64.13338154728693,17.908311720997936
64.16483806163343,17.67209027041157
64.19629457597993,17.43266819378831
64.22775109032645,17.189911756139466
64.25920760467295,16.943677641321116
64.29066411901947,16.693811962585077
64.32212063336597,16.44014913774483
64.35357714771247,16.182510605602438
64.22775109032642,15.899208911150485
64.25928675565197,15.61076674927848
64.29082242097752,15.316893712510705
64.32235808630307,15.01727097379286
64.3538937516286,14.711547233390958
64.38542941695415,14.399333890852892
64.4169650822797,14.080199252859884
64.44850074760525,13.75366153066911
64.4800364129308,13.419180302841854
64.51157207825635,13.076146010967843
64.38542941695417,12.826538624786789
64.4166896313156,12.571976443111264
64.44780383857268,12.312152138401386
64.47877384532055,12.04672523435888
64.50960142344692,11.775316873236841
64.54028831102269,11.497503470672815
64.57083621316414,11.21280895454527
64.60124680286778,10.920695181357633
64.63152172181907,10.62054997809082
64.6616625811757,10.3116720482239
64.53970904884886,10.3116720482239
64.58701855014019,10.3116720482239
64.63432805143151,10.3116720482239
64.68163755272283,10.3116720482239
64.72894705401416,10.3116720482239
64.77625655530548,10.3116720482239
64.8235660565968,10.3116720482239
64.87087555788813,10.3116720482239
64.91818505917945,10.3116720482239
64.96549456047077,13.054496897230633
64.77625655530548,12.690167040130298
64.83964134082342,10.3116720482239
64.90302612634137,10.3116720482239
64.96641091185931,10.3116720482239
65.02979569737727,10.3116720482239
65.0931804828952,10.3116720482239
65.15656526841316,10.235381825122118
65.2199500539311,9.76644722366559
65.28333483944905,9.273831012006333
65.346719624967,8.753535965874335
65.09318048289518,8.753535965874335
65.15637982237791,8.753535965874335
65.21957916186065,8.753535965874335
65.28277850134337,8.753535965874335
65.34597784082611,8.753535965874335
65.40917718030884,8.753535965874335
65.47237651979158,8.753535965874335
65.53557585927432,8.753535965874335
65.59877519875704,8.753535965874335
65.65228448539413,10.655318578743314
65.40716977223195,10.98822313201288
65.48208156981144,8.753535965874335
65.55699336739093,8.753535965874335
65.63190516497042,8.753535965874335
65.70681696254991,8.753535965874335
65.7817287601294,8.753535965874335
65.85664055770889,8.753535965874335
65.93155235528837,8.753535965874335
66.00646415286788,8.753535965874335
66.08137595044737,8.753535965874335
65.7817287601294,8.753535965874335
65.85438552571833,9.156879952783532
65.92258273336506,9.543191763426025
65.98699195546091,9.914462547075143
66.04813805519342,10.272323308832775
66.10643941718062,10.354126244614855
66.16223523775311,10.354126244614855
66.21580456984103,10.354126244614855
66.26737994405363,10.354126244614855
66.31715732192892,11.90129904591747
66.09569445469707,12.201023626900714
66.15778883040251,10.354126244614855
66.21988320610797,10.354126244614855
66.28197758181341,10.354126244614855
66.34407195751885,10.354126244614855
66.4061663332243,10.354126244614855
66.46826070892975,10.354126244614855
66.5303550846352,10.354126244614855
66.59244946034065,10.354126244614855
66.65454383604609,10.354126244614855
66.40616633322428,10.354126244614855
66.46861261966426,10.592560637959792
66.52903003248237,10.825744844965095
66.58758662203861,11.054011128442083
66.64442957453659,11.277658117142694
66.6996885589641,11.496955387692328
66.75347842774333,11.712147273921241
66.80590141518996,11.923456057094096
66.85704894178653,12.13108465574645
66.90909216588885,12.228749596159933
66.69395236951675,12.228749596159933
66.74693189821421,12.431261658444026
66.79865260669106,12.630527152728796
66.84919165918646,12.826697388296731
66.89861905418546,13.01991227413061
66.94699849266178,13.210301486384619
66.99438811852934,13.39798548649365
67.0408411532056,13.583076412632497
67.08640644193866,13.765678863264686
67.13112892621464,13.94589058832927
66.94285014212252,14.123803101033719
66.9894575287052,14.123803101033719
67.03606491528788,14.123803101033719
67.08267230187056,14.123803101033719
67.12927968845324,14.123803101033719
67.17588707503593,14.123803101033719
67.22249446161861,14.123803101033719
67.26910184820129,14.123803101033719
67.31570923478397,14.123803101033719
67.36231662136665,14.123803101033719
67.17588707503592,14.123803101033719
67.2223829980708,14.123803101033719
67.26796226979499,14.349765051461565
67.31250209430617,14.57222357869676
67.35606393695065,14.791336755780526
67.39870374277764,15.007251114653945
67.44047258452063,15.220102792480088
67.48141721806522,15.43001853560255
67.52158056080117,15.63711658217129
67.56100210535188,15.841507440890668
67.39505356407997,16.043294580452375
67.43569694777429,16.230588429744685
67.4756507174119,16.41574550717547
67.51494534342504,16.59883731882872
67.55360923917019,16.779931469393148
67.59166894358181,16.95909195381993
67.62914928397564,17.136379421532116
67.66607352153186,17.311851416278355
67.70246348162048,17.485562594320157
67.73833967082385,17.657564923297823
67.58924727900855,17.827907863825953
67.62592653534277,17.971847610719973
67.66217121740462,18.114643642225346
67.69799482877448,18.256322795861408
67.73341022768433,18.396910875703092
67.76842966783724,18.53643270725079
67.80306483604771,18.674912188610435
67.83732688699499,18.81237233828271
67.8712264753505,18.948835339831795
67.90477378551381,19.084322583679313
67.76682594198027,19.21885470624632
67.80115427931756,19.21885470624632
67.83548261665486,19.21885470624632
67.86981095399214,19.21885470624632
67.90413929132943,19.21885470624632
67.93846762866671,19.21885470624632
67.97279596600401,19.21885470624632
68.0071243033413,19.21885470624632
68.04145264067859,19.21885470624632
68.07578097801589,19.21885470624632
67.9384676286667,19.21885470624632
67.97265280979573,19.21885470624632
68.00683799092475,19.21885470624632
68.04102317205378,19.21885470624632
68.0752083531828,19.21885470624632
68.10939353431183,19.21885470624632
68.14290255841459,19.33650754888317
68.17611365460905,19.45344884991413
68.20903385139849,19.569691365078672
68.24166992052345,19.685247473492538
68.10812037368393,19.80012919303442
68.14120085795108,19.903537230956324
68.1740258602767,20.006410786227377
68.2066005853191,20.108758061861643
68.23893007377788,20.21058705316835
68.27101920926577,20.31190555504103
68.30287272482391,20.412721168921045
68.33449520910254,20.513041309453065
68.36589111222784,20.612873210849052
68.3970647513733,20.71222393297613
68.27003675694222,20.811100367182885
68.30151447954118,20.8895479419005
68.33287554110694,20.927960154321127
68.36426596198959,20.927960154321127
68.39565638287223,20.927960154321127
68.42704680375488,20.927960154321127
68.45843722463752,20.927960154321127
68.48982764552017,20.927960154321127
68.52121806640281,20.927960154321127
68.55260848728545,20.927960154321127
68.42704680375488,20.927960154321127
68.45848506050842,20.927960154321127
68.48992331726198,20.927960154321127
68.52136157401553,20.927960154321127
68.55279983076908,20.927960154321127
68.58423808752264,20.927960154321127
68.61567634427618,20.927960154321127
68.64711460102973,20.927960154321127
68.67855285778329,20.927960154321127
68.70999111453683,20.927960154321127
68.5842380875226,20.927960154321127
68.61569550711354,20.927960154321127
68.64715292670449,20.927960154321127
68.67861034629543,20.927960154321127
68.71006776588636,20.927960154321127
68.74152518547731,20.927960154321127
68.77298260506825,20.927960154321127
68.80444002465919,20.927960154321127
68.83589744425014,20.927960154321127
68.86735486384107,20.927960154321127
68.74152518547729,20.927960154321127
68.77302347744296,20.927960154321127
68.80452176940864,20.927960154321127
68.8360200613743,20.927960154321127
68.86751835333997,20.927960154321127
68.89901664530565,20.927960154321127
68.93051493727133,20.927960154321127
68.962013229237,20.927960154321127
68.99351152120266,20.927960154321127
69.02500981316834,20.927960154321127
68.89901664530566,20.927960154321127
68.9304548639426,20.927960154321127
68.96189308257952,20.927960154321127
68.99333130121646,20.927960154321127
69.0247695198534,20.927960154321127
69.05620773849031,20.927960154321127
69.08764595712725,20.927960154321127
69.11908417576417,20.927960154321127
69.15052239440111,20.927960154321127
69.18196061303804,20.927960154321127
69.05620773849034,20.927960154321127
69.08767731734537,20.927960154321127
69.11914689620038,20.927960154321127
69.1506164750554,20.927960154321127
69.18208605391042,20.927960154321127
69.21355563276543,20.927960154321127
69.24502521162046,20.927960154321127
69.27649479047548,20.927960154321127
69.30796436933049,20.927960154321127
69.33943394818552,20.927960154321127
69.21355563276546,20.927960154321127
69.24497661068207,20.927960154321127
69.27639758859868,20.927960154321127
69.3078185665153,20.927960154321127
69.3392395444319,20.927960154321127
69.37066052234852,20.927960154321127
69.40208150026513,20.927960154321127
69.43350247818174,20.927960154321127
69.46492345609835,20.927960154321127
69.49634443401496,20.927960154321127
69.37066052234852,20.927960154321127
69.40206169015843,20.927960154321127
69.43346285796837,20.927960154321127
69.46486402577828,20.927960154321127
69.4962651935882,20.927960154321127
69.52766636139813,20.927960154321127
69.55906752920805,20.927960154321127
69.59046869701798,20.927960154321127
69.6218698648279,20.927960154321127
69.65327103263782,20.927960154321127
69.5276663613981,20.927960154321127
69.55923206055928,20.927960154321127
69.59079775972046,20.927960154321127
69.62236345888164,20.927960154321127
69.65392915804281,20.927960154321127
69.68549485720398,20.927960154321127
69.71706055636515,20.927960154321127
69.74862625552633,20.927960154321127
69.78019195468751,20.927960154321127
69.81175765384869,20.927960154321127
69.68549485720399,20.927960154321127
69.71687761641789,20.927960154321127
69.74826037563177,20.927960154321127
69.77964313484567,20.927960154321127
69.81102589405957,20.927960154321127
69.84240865327345,20.927960154321127
69.87379141248735,20.927960154321127
69.90517417170125,20.927960154321127
69.93655693091513,20.927960154321127
69.96793969012903,20.927960154321127
69.84240865327348,20.927960154321127
69.8738384900775,20.927960154321127
69.90526832688151,20.927960154321127
69.93669816368553,20.927960154321127
69.96812800048954,20.927960154321127
69.99955783729357,20.927960154321127
70.03098767409757,20.927960154321127
70.0624175109016,20.927960154321127
70.0938473477056,20.927960154321127
70.12527718450963,20.927960154321127
69.9995578372936,20.927960154321127
70.03106310928908,20.927960154321127
70.06256838128456,20.927960154321127
70.09407365328006,20.927960154321127
70.12557892527555,20.927960154321127
70.15708419727103,20.927960154321127
70.18858946926652,20.927960154321127
70.22009474126202,20.927960154321127
70.2516000132575,20.927960154321127
70.28310528525299,20.927960154321127
70.15708419727102,20.927960154321127
70.18847293909886,20.927960154321127
70.2198616809267,20.927960154321127
70.25125042275455,20.927960154321127
70.28263916458239,20.927960154321127
70.31402790641023,20.927960154321127
70.34541664823807,20.927960154321127
70.37680539006591,20.927960154321127
70.40819413189375,20.927960154321127
70.4395828737216,20.927960154321127
70.31402790641022,20.927960154321127
70.345478126769,20.927960154321127
70.37692834712779,20.927960154321127
70.40837856748657,20.927960154321127
70.43982878784536,20.927960154321127
70.47127900820414,20.927960154321127
70.50272922856293,20.927960154321127
70.5341794489217,20.927960154321127
70.56562966928048,20.927960154321127
70.59707988963928,20.927960154321127
70.4712790082041,20.927960154321127
70.5027157180916,20.927960154321127
70.53415242797907,20.927960154321127
70.56558913786655,20.927960154321127
70.59702584775404,20.927960154321127
70.62846255764153,20.927960154321127
70.659899267529,20.927960154321127
70.69133597741649,20.927960154321127
70.72277268730397,20.927960154321127
70.75420939719145,20.927960154321127
70.62846255764154,20.927960154321127
70.6599190851253,20.927960154321127
70.69137561260905,20.927960154321127
70.7228321400928,20.927960154321127
70.75428866757656,20.927960154321127
70.78574519506031,20.927960154321127
70.81720172254407,20.927960154321127
70.84865825002782,20.927960154321127
70.88011477751158,20.927960154321127
70.91157130499533,20.927960154321127
70.78574519506031,20.927960154321127
70.81719146572533,20.927960154321127
70.84863773639034,20.927960154321127
70.88008400705536,20.927960154321127
70.91153027772037,20.927960154321127
70.94297654838539,20.927960154321127
70.9744228190504,20.927960154321127
71.0058690897154,20.927960154321127
71.03731536038042,20.927960154321127
71.06876163104543,20.927960154321127
70.94297654838539,20.927960154321127
70.97436094135588,20.927960154321127
71.00574533432636,20.927960154321127
71.03712972729686,20.927960154321127
71.06851412026735,20.927960154321127
71.09989851323785,20.927960154321127
71.13128290620833,20.927960154321127
71.16266729917882,20.927960154321127
71.19405169214932,20.927960154321127
71.2254360851198,20.927960154321127
71.09989851323786,20.927960154321127
71.13145359795442,20.927960154321127
71.16300868267098,20.927960154321127
71.19456376738754,20.927960154321127
71.2261188521041,20.927960154321127
71.25767393682065,20.927960154321127
71.2892290215372,20.927960154321127
71.32078410625375,20.927960154321127
71.35233919097031,20.927960154321127
71.38389427568687,20.927960154321127
71.25767393682065,20.927960154321127
71.28906784722597,20.927960154321127
71.32046175763128,20.927960154321127
71.35185566803659,20.927960154321127
71.38324957844189,20.927960154321127
71.4146434888472,20.927960154321127
71.44603739925252,20.927960154321127
71.47743130965783,20.927960154321127
71.50882522006314,20.927960154321127
71.54021913046846,20.927960154321127
71.41464348884722,20.927960154321127
71.4460724252254,20.927960154321127
71.47750136160356,20.927960154321127
71.50893029798173,20.927960154321127
71.5403592343599,20.927960154321127
71.57178817073807,20.927960154321127
71.60321710711624,20.927960154321127
71.63464604349441,20.927960154321127
71.66607497987259,20.927960154321127
71.69750391625075,20.927960154321127
71.5717881707381,20.927960154321127
71.60326456654184,20.927960154321127
71.63474096234556,20.927960154321127
71.6662173581493,20.927960154321127
71.69769375395302,20.927960154321127
71.72917014975675,20.927960154321127
71.76064654556049,20.927960154321127
71.79212294136421,20.927960154321127
71.82359933716795,20.927960154321127
71.85507573297167,20.927960154321127
71.72917014975678,20.927960154321127
71.76060480850984,20.927960154321127
71.79203946726291,20.927960154321127
71.82347412601597,20.927960154321127
71.85490878476902,20.927960154321127
71.88634344352208,20.927960154321127
71.91777810227515,20.927960154321127
71.9492127610282,20.927960154321127
71.98064741978126,20.927960154321127
72.01208207853432,20.927960154321127
71.88634344352207,20.927960154321127
71.91800710233102,20.927960154321127
71.94967076113998,20.927960154321127
71.98133441994894,20.927960154321127
72.01299807875789,20.927960154321127
72.04466173756686,20.927960154321127
72.07632539637581,20.927960154321127
72.10798905518477,20.927960154321127
72.13965271399373,20.927960154321127
72.17131637280268,20.927960154321127
72.04466173756683,20.927960154321127
72.07588132928583,20.927960154321127
72.10710092100484,20.927960154321127
72.13832051272385,20.927960154321127
72.16954010444286,20.927960154321127
72.20075969616187,20.927960154321127
72.23197928788088,20.927960154321127
72.26319887959988,20.927960154321127
72.29441847131889,20.927960154321127
72.3256380630379,20.927960154321127
72.20075969616187,20.794505914237895
72.23219383473506,20.64229919871056
72.26362797330825,20.488961813642444
72.29506211188144,20.33446818071989
72.32649625045462,20.17879174243397
72.35793038902781,20.02190490878261
72.389364527601,19.863779000183847
72.42079866617419,19.704384186265663
72.45223280474738,19.543689420162405
72.48366694332057,19.38166236790796
72.35793038902781,19.1757615493813
72.38938583590783,18.96762573054099
72.42084128278783,18.757180510647945
72.45229672966785,18.544347267137272
72.48375217654787,18.329042812414727
72.51520762342787,18.111179013926247
72.54666307030789,17.89066237257953
72.5781185171879,17.66739355379801
72.6095739640679,17.441266864535216
72.64102941094792,17.21216966843764
72.5152076234279,17.01085770645449
72.54660801965889,16.807134649410038
72.57800841588987,16.600911732117513
72.60940881212086,16.39209460537958
72.64080920835184,16.18058283146413
72.67220960458283,15.966269319413009
72.70361000081381,15.749039691174396
72.7350103970448,15.528771567910447
72.76641079327578,15.305333763838712
72.79781118950677,15.078585372529437
72.67220960458286,15.078585372529437
72.70485071710877,15.078585372529437
72.73749182963468,15.078585372529437
72.77013294216059,15.078585372529437
72.8027740546865,15.078585372529437
72.8354151672124,15.078585372529437
72.86805627973831,15.078585372529437
72.90069739226423,15.078585372529437
72.93333850479014,15.078585372529437
72.96597961731605,15.260501400790407
72.8354151672124,15.260501400790407
72.87893920720353,15.078585372529437
72.92246324719464,15.078585372529437
72.96598728718577,15.078585372529437
73.0095113271769,15.078585372529437
73.05303536716801,15.078585372529437
73.09655940715913,15.078585372529437
73.14008344715026,15.078585372529437
73.18360748714139,15.078585372529437
73.2271315271325,15.078585372529437
73.05303536716804,15.078585372529437
73.09664447107363,15.078585372529437
73.14025357497923,15.078585372529437
73.18386267888482,15.078585372529437
73.22747178279042,15.078585372529437
73.27108088669601,15.078585372529437
73.31468999060161,15.078585372529437
73.3582990945072,15.078585372529437
73.4019081984128,15.078585372529437
73.4455173023184,15.078585372529437
73.27108088669601,15.078585372529437
73.31471149988218,15.078585372529437
73.35834211306835,15.078585372529437
73.4010667913598,15.25948501701614
73.44305609089702,15.438265094641345
73.48434315098554,15.29764329363348
73.52495882493061,15.00009910437805
73.56493188757945,14.696532106013205
73.60428921979741,14.386561046511105
73.64305597288418,14.069762668464048
73.48153555231033,13.747534591125977
73.52111767106547,13.417570313641217
73.56000364965226,13.079284342379243
73.59822534314436,12.732013379513374
73.63581238116795,12.375001029632616
73.67279237223515,12.007378409574217
73.70919108513101,11.628139234546936
73.74503261037411,11.236107326174421
73.78033950431838,10.829893518987674
73.81513291808649,10.407837403606573
73.6703621818953,10.407837403606573
73.70604093641545,10.407837403606573
73.7417196909356,10.407837403606573
73.77739844545574,10.407837403606573
73.81307719997591,10.407837403606573
73.84875595449606,10.407837403606573
73.8844347090162,10.407837403606573
73.92011346353635,10.407837403606573
73.9557922180565,10.407837403606573
73.99147097257665,13.682195600441036
73.84875595449604,13.682195600441036
73.91144333454896,10.407837403606573
73.97413071460187,10.407837403606573
74.03681809465479,10.407837403606573
74.0995054747077,10.407837403606573
74.16219285476062,10.407837403606573
74.22488023481353,10.407837403606573
74.28756761486645,10.407837403606573
74.35025499491935,10.407837403606573
74.41294237497227,10.407837403606573
74.16219285476065,10.407837403606573
74.2253214534346,10.407837403606573
74.28845005210857,10.407837403606573
74.35157865078253,10.407837403606573
74.41097769556289,10.688062275682626
74.46823491065615,10.96112544394179
74.52354989800158,11.227549455993776
74.57709431122208,11.48779624539642
74.62901690582805,11.742276540973737
74.67944749373886,11.99135747751939
74.46000298316781,12.2353688110583
74.51312938052284,12.532093987296507
74.56444370506347,12.821954198570836
74.61410318366141,13.105404962612308
74.6622446344542,13.382853544662229
74.70898788371693,13.654665823874764
74.75443849523361,13.921171952300153
74.79868997165448,14.1826710562335
74.84182554581975,13.930392165681011
74.88391965040935,13.59759294468418
74.70354231505446,13.343658537171226
74.7473761179789,13.08479699590025
74.79120992090334,12.820709874699524
74.83504372382778,12.551067323479526
74.87887752675223,12.275503257537476
74.92271132967667,11.993609527290387
74.96654513260111,11.704928823380705
75.01037893552555,11.408945964799118
75.05421273844999,11.105077095410179
75.09804654137443,10.792656140278975
74.92271132967666,10.792656140278975
74.96674883207787,10.792656140278975
75.01078633447909,10.792656140278975
75.0548238368803,10.792656140278975
75.09886133928153,10.792656140278975
75.14289884168274,10.792656140278975
75.18693634408396,10.792656140278975
75.23097384648517,10.792656140278975
75.27501134888638,10.792656140278975
75.3190488512876,12.297461104336977
75.14289884168271,12.297461104336977
75.20349188980175,10.792656140278975
75.26408493792079,10.792656140278975
75.32467798603983,10.792656140278975
75.38527103415888,10.792656140278975
75.44586408227791,10.792656140278975
75.50645713039695,10.792656140278975
75.567050178516,10.792656140278975
75.62764322663503,10.792656140278975
75.68823627475408,10.792656140278975
75.44586408227794,10.792656140278975
75.50581538738746,11.00198001030834
75.56411068352566,11.207394957444265
75.62086736110078,11.40911211782363
75.67619026369657,11.607324278316375
75.73017343012113,11.80220803438558
75.7829015438488,11.993925632245618
75.83445114686876,12.18262654999985
75.88611712956678,12.297461104336977
75.93949650203162,12.297461104336977
75.72597901217229,12.297461104336977
75.77868845579138,12.532279463255517
75.82996334286267,12.762778203729432
75.87990392542181,12.989187288281208
75.92859988695366,13.211716971783087
75.97613179036854,13.430560087909825
76.02257228587997,13.645894005429307
76.06798712498541,13.857882310795778
76.11243601671728,14.06667626244102
76.15597335470841,13.793849807656626
75.97155035921875,13.487228170488677
76.01701223575427,13.173471635429213
76.06247411228979,12.852057661561153
76.10658603699211,12.522396629348847
76.14962765490073,12.183819128227483
76.19166646088323,11.835559967994609
76.23276348663607,11.476737818850404
76.27297410876169,11.106328924053427
76.31234873411782,10.723132628849667
76.3509333841382,10.325725378032043
76.1877146044041,10.325725378032043
76.22757391844168,10.325725378032043
76.26706501850265,10.325725378032043
76.30619685810618,10.325725378032043
76.34497805477874,10.325725378032043
76.38341690679654,10.325725378032043
76.42152140889742,10.325725378032043
76.45929926703724,10.325725378032043
76.49675791225965,10.325725378032043
76.53390451374216,10.870659814523387
76.38202237631867,10.870659814523387
76.44515217004658,10.325725378032043
76.5082819637745,10.325725378032043
76.5714117575024,10.325725378032043
76.63454155123031,10.325725378032043
76.69767134495822,10.325725378032043
76.76080113868613,10.325725378032043
76.82393093241404,10.325725378032043
76.88706072614197,10.325725378032043
76.95019051986988,10.325725378032043
76.69767134495822,10.325725378032043
76.76076827391603,10.325725378032043
76.82386520287383,10.325725378032043
76.88696213183164,10.325725378032043
76.95005906078943,10.325725378032043
77.01315598974723,10.325725378032043
77.07625291870504,10.325725378032043
77.13934984766284,10.325725378032043
77.20244677662065,10.325725378032043
77.2614826834612,10.46750733515007
77.01230697881304,10.607394356782727
77.07367569791892,10.760846253836986
77.13376359916839,10.912140448011513
77.19263992088719,11.061365476989735
77.25036821073466,10.917410971021535
77.30783436400492,10.47619536977171
77.36612028504305,10.015561718699109
77.42440620608119,9.5326955084339
77.48269212711934,9.024028522337497
77.54097804815747,8.48492179618678
77.30783436400489,8.48492179618678
77.36475290156042,8.48492179618678
77.41944018700762,8.48492179618678
77.472117200882,8.48492179618678
77.52297237803432,8.48492179618678
77.57216775666173,8.48492179618678
77.61984373800354,8.48492179618678
77.66612281698507,8.48492179618678
77.71111253971571,8.48492179618678
77.75490787251634,9.846652738029832
77.56574809642642,9.846652738029832
77.64096942533159,8.48492179618678
77.71619075423676,8.48492179618678
77.79141208314194,8.48492179618678
77.86663341204711,8.48492179618678
77.94185474095228,8.48492179618678
78.01707606985745,8.48492179618678
78.09229739876262,8.48492179618678
78.1675187276678,8.48492179618678
78.24274005657297,8.48492179618678
77.94185474095228,8.48492179618678
78.01754402646729,8.757086199086093
78.08988578710162,9.021043149716263
78.15925156381311,9.27749321314014
78.22595192944449,9.52704262248679
78.29024925675192,9.770220158292169
78.3555874444011,9.846652738029832
78.42237433177833,9.846652738029832
78.48916121915558,9.846652738029832
78.55594810653281,9.846652738029832
78.28880055702388,9.846652738029832
78.3537165942786,10.184397964965573
78.41557953189435,10.5112964792284
78.47474837818234,10.828330685737479
78.53151992636677,11.13634308043392
78.58614247560413,11.43606265156732
78.63882595920482,11.728125201242417
78.68974955274024,12.013089215579065
78.7390674790582,12.291448420219096
78.78691350012149,12.563641829993045
78.57790930783354,12.830061878174847
78.62838873863035,13.112034379894402
78.67729867029394,13.388069441158047
78.72476374531438,13.658527048807539
78.77089374419869,13.736953589844225
78.81578587864962,13.53468586810737
78.85952665821918,13.329349165175193
78.90219342215963,13.120799395843527
78.9438556060078,12.908880834711391
78.98457579617305,12.693424755501974
78.81094337710542,12.564606445404657
78.85352896333956,12.41944866204611
78.89611454957368,12.272574098798241
78.93870013580782,12.123920362316309
78.98128572204196,11.973421185821648
79.02387130827609,11.821006083848248
79.06645689451022,11.666599966385744
79.10904248074436,11.510122706425268
79.15162806697849,11.351488653840132
79.19421365321263,11.190606087230307
79.02387130827611,11.190606087230307
79.07542163574158,11.190606087230307
79.12697196320705,11.190606087230307
79.17852229067252,11.190606087230307
79.230072618138,11.190606087230307
79.28162294560346,11.190606087230307
79.33317327306894,11.190606087230307
79.3847236005344,11.190606087230307
79.43627392799986,11.190606087230307
79.48782425546534,12.693424755501974
79.28162294560343,12.693424755501974
79.3401179622496,11.190606087230307
79.39861297889577,11.190606087230307
79.45710799554193,11.190606087230307
79.5156030121881,11.190606087230307
79.57409802883427,11.190606087230307
79.63259304548043,11.190606087230307
79.69108806212661,11.190606087230307
79.74958307877277,11.190606087230307
79.80807809541894,11.190606087230307
79.57409802883424,11.190606087230307
79.63195561007355,11.429348324508084
79.68806404452585,11.663204604495089
79.74255855726695,11.892463166631845
79.795558660919,12.117384977505452
79.84717052044279,12.338207212413579
79.89748888852417,12.555146185522258
79.94659870177813,12.547556150658297
79.99457640665521,12.239655746252163
80.0414910681668,11.923807287087639
79.84173263282517,11.923807287087639
79.89065160317105,11.858218553648204
79.93957057351695,11.75909589543059
79.98705816878166,11.659130554624504
80.0334095994855,11.55830066669079
80.07869554039299,11.45658340490178
80.12297998798302,11.353954919996685
80.16632108470213,11.250390274882157
80.20877181959564,11.145863373871453
80.2503806269087,11.040346885893358
80.0744939103334,11.040346885893358
80.12944023243408,11.040346885893358
80.18438655453474,11.040346885893358
80.23933287663542,11.040346885893358
80.29427919873608,11.040346885893358
80.34922552083675,11.040346885893358
80.40417184293742,11.040346885893358
80.45911816503809,11.040346885893358
80.51406448713875,11.040346885893358
80.56901080923943,11.923807287087639
80.34922552083678,11.923807287087639
80.40841019548266,11.040346885893358
80.46759487012854,11.040346885893358
80.52677954477443,11.040346885893358
80.5859642194203,11.040346885893358
80.64514889406618,11.040346885893358
80.70433356871206,11.040346885893358
80.76351824335794,11.040346885893358
80.82270291800383,11.040346885893358
80.8818875926497,11.040346885893358
80.64514889406617,11.040346885893358
80.70472092628036,11.040346885893358
80.76429295849456,11.040346885893358
80.82386499070876,11.040346885893358
80.88343702292295,11.040346885893358
80.94300905513715,11.040346885893358
81.00258108735134,11.040346885893358
81.06215311956554,11.040346885893358
81.12172515177973,11.040346885893358
81.18129718399393,11.040346885893358
80.9427050716033,11.268016647315187
80.99977869118747,11.586683515301033
81.05460537840658,11.89681766706228
81.10740857129755,11.808633675295624
81.15837867299162,11.643436547242139
81.2076793162161,11.475861622640023
81.25545220737322,11.305803170686735
81.30182091978723,11.133147384573617
81.34689389828996,10.957771490543434
81.39076686411265,10.779542726446916
81.20122370582372,10.779542726446916
81.25410051836708,10.778803235049754
81.30697733091043,10.751765344400754
81.35985414345379,10.724659288862984
81.41273095599713,10.697484550273167
81.4656077685405,10.670240603869772
81.51848458108385,10.642926918174776
81.5713613936272,10.615542954872694
81.62423820617056,10.588088168686799
81.6771150187139,10.560562007252425
81.46560776854052,10.560562007252425
81.52621590558387,10.560562007252425
81.58682404262721,10.560562007252425
81.64743217967056,10.560562007252425
81.7080403167139,10.560562007252425
81.76864845375725,10.560562007252425
81.8292565908006,10.560562007252425
81.88986472784394,10.560562007252425
81.95047286488729,10.560562007252425
82.01108100193063,10.779542726446916
81.76864845375725,10.779542726446916
81.83072748184351,10.560562007252425
81.89280650992978,10.560562007252425
81.95488553801604,10.560562007252425
82.01696456610232,10.560562007252425
82.07904359418858,10.560562007252425
82.14112262227485,10.560562007252425
82.20320165036111,10.560562007252425
82.26528067844737,10.560562007252425
82.32735970653364,10.560562007252425
82.07904359418855,10.560562007252425
82.13975263594942,10.899130941802323
82.19777795669329,11.227494852552022
82.25341728938892,11.54652441393563
82.3069195310072,11.856973113705747
82.35849496573447,12.159498213194091
82.40832294078147,12.391020689138122
82.45655772022896,12.287200545814498
82.50333301244872,12.182495671555941
82.54876551631611,12.076883054906773
82.3510888618556,12.076883054906773
82.40109288530797,12.076883054906773
82.45109690876035,12.076883054906773
82.50110093221272,12.076883054906773
82.5511049556651,12.076883054906773
82.60110897911748,12.076883054906773
82.65111300256986,12.076883054906773
82.70111702602223,12.076883054906773
82.7511210494746,12.076883054906773
82.80112507292698,13.102880493359269
82.60110897911747,13.102880493359269
82.65537265291405,12.076883054906773
82.70963632671062,12.076883054906773
82.7639000005072,12.076883054906773
82.81816367430378,12.076883054906773
82.87242734810036,12.076883054906773
82.92669102189693,12.076883054906773
82.98095469569351,12.076883054906773
83.03521836949008,12.076883054906773
83.08948204328667,12.076883054906773
82.87242734810039,12.076883054906773
82.92621799094796,12.258440056958802
82.97884372180533,12.437347021700806
83.03036981306323,12.613716710247132
83.0808559819552,12.787654106775234
83.1303570089386,12.959257149338587
83.1789232722664,13.128617374683484
83.22660121200519,13.295820489123596
83.27343373437698,13.46094687557887
83.32096935301252,13.52999250542845
83.12675231114557,13.52999250542845
83.17533162646652,13.52999250542845
83.22391094178745,13.52999250542845
83.2724902571084,13.52999250542845
83.32106957242935,13.52999250542845
83.3696488877503,13.52999250542845
83.41822820307124,13.52999250542845
83.46680751839219,13.52999250542845
83.51538683371314,13.52999250542845
83.56396614903409,13.52999250542845
83.36964888775032,13.52999250542845
83.41843266412408,13.52999250542845
83.4660463412304,13.79416880564241
83.51234928915719,14.053379980636917
83.5574345362397,14.307895887298548
83.60138513832862,14.557962788913256
83.64427556859837,14.803806145886652
83.68617287295042,15.045632995876232
83.72713763688141,15.283633994839313
83.76722479955737,15.517985176233932
83.5969312168426,15.748849474530653
83.63823971396694,15.968654308758035
83.67871531957361,16.185474385813002
83.718401572762,16.39942809231471
83.75733854914202,16.610626189767594
83.79556322183004,16.81917248491689
83.8331097765581,17.025164426183306
83.87000988771423,17.22869363590199
83.90629296098024,17.429846386614024
83.94198634729916,17.62870402843482
83.79272544588451,17.825343373504655
83.82932044125724,17.983634679550818
83.86543959237413,18.140544815185102
83.90109910059172,18.296109315806333
83.93631432014148,18.45036221867017
83.97109981666944,18.60333614985032
84.00546942080156,18.755062404815508
84.03943627723291,18.90557102318575
84.07301288978122,19.05489085817384
84.10621116279646,19.20304964116672
83.96936358808362,19.350074041856004
84.00336699141975,19.350074041856004
84.03737039475588,19.350074041856004
84.071373798092,19.350074041856004
84.10537720142813,19.350074041856004
84.13938060476426,19.350074041856004
84.17338400810038,19.350074041856004
84.2073874114365,19.350074041856004
84.24139081477263,19.350074041856004
84.27539421810876,19.350074041856004
84.13938060476427,19.350074041856004
84.17346619074767,19.350074041856004
84.20755177673107,19.350074041856004
84.24163736271447,19.350074041856004
84.27572294869788,19.350074041856004
84.30980853468128,19.350074041856004
84.3432409352149,19.464819102690893
84.37638510889163,19.578891694262246
84.4092476499813,19.692303502912555
84.44183491906797,19.805065880374972
84.30857783555932,19.917189857034643
84.34141062828938,20.01762041729597
84.3739984810438,20.117549615714267
84.40634621568823,20.216984886735858
84.43845850725268,20.31593348286726
84.47033988988233,20.414402480848363
84.50199476248986,20.512398787558915
84.53342739412712,20.563915452843226
84.56464192909232,20.563915452843226
84.59564239178849,20.563915452843226
84.4693954662527,20.563915452843226
84.50094652265594,20.563915452843226
84.53249757905915,20.563915452843226
84.56404863546238,20.563915452843226
84.5955996918656,20.563915452843226
84.62715074826883,20.563915452843226
84.65870180467205,20.563915452843226
84.69025286107528,20.563915452843226
84.7218039174785,20.563915452843226
84.75335497388173,20.848383657879175
84.62715074826886,20.848383657879175
84.6591164750692,20.563915452843226
84.69108220186953,20.563915452843226
84.72304792866987,20.563915452843226
84.75501365547022,20.563915452843226
84.78697938227056,20.563915452843226
84.8189451090709,20.563915452843226
84.85091083587123,20.563915452843226
84.88287656267157,20.563915452843226
84.9148422894719,20.563915452843226
84.78697938227054,20.563915452843226
84.81889671620162,20.648920137617083
84.85061836929778,20.733576318322225
84.88214751319579,20.817888246546435
84.91348723987132,20.901860088128522
84.9448561937739,20.809821930064764
84.97631551876226,20.6875634377546
85.00777484375062,20.564578119213568
85.03923416873899,20.440852855283552
85.07069349372735,20.316374127325727
84.94485619377389,20.195585935518196
84.97620017128851,20.074070959233218
85.00752192080274,19.951815919202954
85.03884367031698,19.82880712678376
85.07016541983121,19.705030466066795
85.10148716934543,19.58047137497079
85.13280891885967,19.45511482524533
85.1641306683739,19.328945301306813
85.19545241788813,19.20194677782284
85.22677416740237,19.07410269595325
85.10148716934545,18.85923037155253
85.13283539175879,18.64188152410608
85.16409620642901,18.4219684971592
85.19527026071276,18.199398337907883
85.22635819450369,17.974072338047453
85.25736064034774,17.745885522139517
85.28827822355596,17.51472607597387
85.31911156231553,17.280474706092924
85.34986126779833,17.043003920067484
85.38052794426763,16.802177215199038
85.2570070113967,16.53722361285965
85.2883509887265,16.267955325500864
85.31969496605632,15.99415443602009
85.35103894338614,15.715584041772999
85.38238292071595,15.431985854866483
85.41372689804577,15.143077397793633
85.44507087537558,14.848548707747078
85.4764148527054,14.54805844011862
85.50775883003521,14.241229231631511
85.53910280736503,13.927642143544787
85.41372689804575,13.697785230045888
85.44512277884593,13.464004780832544
85.47637353637232,13.226092743818938
85.50748094782294,12.98382200270469
85.53844675660197,12.736943837818274
85.56927267317808,12.485184934856006
85.59996037591571,12.22824383905448
85.63051151188036,11.965786723704893
85.66092769761852,11.697442303641028
85.6912105199138,11.422795672550093
85.56869662997931,11.422795672550093
85.61237817193026,11.421621472638018
85.65605971388122,11.326713674141216
85.69974125583217,11.231003884236229
85.74342279778311,11.134471421647321
85.78710433973407,11.037094700655269
85.83078588168502,10.938851174734223
85.87446742363596,10.839717275590539
85.91814896558692,10.739668347136595
85.96183050753787,10.63867857387558
85.78710433973404,10.63867857387558
85.84417960387259,10.63867857387558
85.90125486801112,10.63867857387558
85.95833013214967,10.63867857387558
86.0154053962882,10.63867857387558
86.07248066042675,10.63867857387558
86.12955592456528,10.63867857387558
86.18663118870383,10.63867857387558
86.24370645284236,10.63867857387558
86.30078171698091,11.422795672550093
86.07248066042678,11.422795672550093
86.13414331796591,10.63867857387558
86.19580597550502,10.63867857387558
86.25746863304416,10.63867857387558
86.31913129058329,10.63867857387558
86.3807939481224,10.63867857387558
86.44245660566153,10.63867857387558
86.50411926320065,10.63867857387558
86.56578192073978,10.63867857387558
86.62744457827891,10.63867857387558
86.38079394812243,10.63867857387558
86.44297298424581,10.63867857387558
86.50515202036921,10.63867857387558
86.56733105649259,10.63867857387558
86.62951009261597,10.63867857387558
86.69168912873937,10.63867857387558
86.75386816486275,10.63867857387558
86.81604720098613,10.63867857387558
86.87822623710952,10.63867857387558
86.94040527323291,10.63867857387558
86.69123578104433,10.953536491935154
86.74966827247034,11.279662259054552
86.80568803099513,11.59662018333463
86.85954604821194,11.905142530633919
86.91145458201625,12.205868984750454
86.96159480815142,12.499362250574132
87.01012266773395,12.786120430735126
87.05717339805094,13.06658695556903
87.10286508711546,13.341158632803644
87.14730149406661,13.610192234638559
86.95477370192441,13.874009934478217
87.00216671407085,13.874009934478217
87.04955972621728,13.874009934478217
87.09695273836373,13.874009934478217
87.14434575051017,13.874009934478217
87.19173876265661,13.874009934478217
87.23913177480304,13.874009934478217
87.28652478694949,13.874009934478217
87.33391779909593,13.874009934478217
87.38131081124236,13.874009934478217
87.19173876265663,13.874009934478217
87.23919254936283,13.874009934478217
87.28554821799179,14.1352025929335
87.33067081402353,14.39165567349871
87.37464499777643,14.643618190386599
87.41754664078397,14.891318087633984
87.45944401317234,15.13496465368746
87.50039877671189,15.374750591461394
87.5404668204757,15.61085380211205
87.57969896811113,15.843438929480872
87.41332969375561,16.072658703321732
87.45398289565614,16.284351314839565
87.49386096594644,16.49332706571874
87.53300228008881,16.699687950630207
87.57144231837084,16.903529737900215
87.60921395246365,17.104942488992183
87.64634769734786,17.304011023557035
87.68287193350552,17.50081533686464
87.71881310348769,17.695430975443628
87.75419588632101,17.88792937593234
87.60654564605393,18.078378171451014
87.6429670202616,18.078378171451014
87.67938839446924,18.078378171451014
87.7158097686769,18.078378171451014
87.75223114288457,18.078378171451014
87.78865251709222,18.078378171451014
87.82507389129988,18.078378171451014
87.86149526550754,18.078378171451014
87.89791663971519,18.078378171451014
87.93433801392285,18.078378171451014
87.78865251709225,18.078378171451014
87.8249300707149,18.078378171451014
87.86120762433755,18.078378171451014
87.8974851779602,18.078378171451014
87.93376273158286,18.078378171451014
87.96921717530786,18.228720009909964
88.00424650092829,18.3778320018817
88.0388641833168,18.525743844150565
88.07308303850772,18.672484057263993
88.10691526638603,18.818080049741347
87.96744241181821,18.96255817784532
88.00197758341876,19.087233331491245
88.03617820604455,19.211099392106956
88.07005280496524,19.334171910274154
88.10360957037497,19.456465944735598
88.13685637486986,19.577996083901898
88.16980078980032,19.698776466164084
88.20245010058329,19.818820799092006
88.23481132105324,19.938142377592346
88.26689120692288,20.056754101094366
88.13559502620352,20.17466848982624
88.1680327866433,20.268997578937945
88.20024593355922,20.362889702485667
88.23223857419768,20.45635087732417
88.26401469954374,20.549386983479724
88.2955781887039,20.642003768467113
88.32693281308438,20.734206851433097
88.35808224037584,20.826001727134752
88.38903003835549,20.91739376976071
88.42032028040175,20.927960154321127
88.29480111162617,20.927960154321127
88.32633829371132,20.927960154321127
88.35787547579648,20.927960154321127
88.38941265788162,20.927960154321127
88.42094983996678,20.927960154321127
88.45248702205193,20.927960154321127
88.48402420413709,20.927960154321127
88.51556138622223,20.927960154321127
88.54709856830738,20.927960154321127
88.57863575039254,20.927960154321127
88.4524870220519,20.927960154321127
88.48391198386271,20.927960154321127
88.51533694567354,20.927960154321127
88.54676190748435,20.927960154321127
88.57818686929518,20.927960154321127
88.609611831106,20.927960154321127
88.64103679291681,20.927960154321127
88.67246175472764,20.927960154321127
88.70388671653845,20.927960154321127
88.73531167834928,20.927960154321127
88.60961183110597,20.927960154321127
88.64104884039496,20.927960154321127
88.67248584968395,20.927960154321127
88.70392285897296,20.927960154321127
88.73535986826195,20.927960154321127
88.76679687755095,20.927960154321127
88.79823388683994,20.927960154321127
88.82967089612893,20.927960154321127
88.86110790541794,20.927960154321127
88.89254491470693,20.927960154321127
88.76679687755093,20.927960154321127
88.79817798637173,20.927960154321127
88.82955909519252,20.927960154321127
88.86094020401332,20.927960154321127
88.8923213128341,20.927960154321127
88.9237024216549,20.927960154321127
88.95508353047569,20.927960154321127
88.98646463929649,20.927960154321127
89.01784574811728,20.927960154321127
89.04922685693808,20.927960154321127
88.92370242165491,20.927960154321127
88.95527485559369,20.927960154321127
88.98684728953245,20.927960154321127
89.01841972347123,20.927960154321127
89.04999215740999,20.927960154321127
89.08156459134877,20.927960154321127
89.11313702528754,20.927960154321127
89.1447094592263,20.927960154321127
89.17628189316508,20.927960154321127
89.20785432710385,20.927960154321127
89.0815645913488,20.927960154321127
89.11295321362566,20.927960154321127
89.14434183590252,20.927960154321127
89.17573045817939,20.927960154321127
89.20711908045625,20.927960154321127
89.23850770273312,20.927960154321127
89.26989632500998,20.927960154321127
89.30128494728685,20.927960154321127
89.33267356956371,20.927960154321127
89.36406219184057,20.927960154321127
89.23850770273312,20.927960154321127
89.26988138314785,20.927960154321127
89.30125506356259,20.927960154321127
89.33262874397732,20.927960154321127
89.36400242439205,20.927960154321127
89.39537610480679,20.927960154321127
89.42674978522153,20.927960154321127
89.45812346563626,20.927960154321127
89.489497146051,20.927960154321127
89.52087082646574,20.927960154321127
89.39537610480677,20.927960154321127
89.42772005054807,20.927960154321127
89.46006399628938,20.927960154321127
89.49240794203068,20.927960154321127
89.52475188777198,20.927960154321127
89.55709583351327,20.927960154321127
89.58943977925458,20.927960154321127
89.62178372499588,20.927960154321127
89.65412767073718,20.927960154321127
89.68647161647849,20.927960154321127
89.55709583351329,20.927960154321127
89.58841114759316,20.927960154321127
89.61972646167304,20.927960154321127
89.6510417757529,20.927960154321127
89.68235708983278,20.927960154321127
89.71367240391265,20.927960154321127
89.74498771799253,20.927960154321127
89.7763030320724,20.927960154321127
89.80761834615228,20.927960154321127
89.83893366023214,20.927960154321127
89.71367240391267,20.927960154321127
89.7444383413635,20.927960154321127
89.77520427881434,20.927960154321127
89.80597021626518,20.927960154321127
89.83673615371602,20.927960154321127
89.86750209116686,20.927960154321127
89.89826802861771,20.927960154321127
89.92903396606854,20.927960154321127
89.95979990351938,20.927960154321127
89.99056584097022,20.927960154321127
89.86750209116686,20.927960154321127
89.89888143863637,20.927960154321127
89.93026078610589,20.927960154321127
89.9616401335754,20.927960154321127
89.99301948104493,20.927960154321127
90.02439882851444,20.927960154321127
90.05577817598395,20.927960154321127
90.08715752345347,20.927960154321127
90.11853687092298,20.927960154321127
90.1499162183925,20.927960154321127
90.0243988285144,20.927960154321127
90.05590657290098,20.927960154321127
90.08741431728755,20.927960154321127
90.11892206167414,20.927960154321127
90.15042980606071,20.927960154321127
90.18193755044729,20.927960154321127
90.21344529483386,20.927960154321127
90.24495303922045,20.927960154321127
90.27646078360702,20.927960154321127
90.3079685279936,20.927960154321127
90.18193755044727,20.927960154321127
90.21338695511743,20.927960154321127
90.2448363597876,20.927960154321127
90.27628576445775,20.927960154321127
90.30773516912792,20.927960154321127
90.33918457379808,20.927960154321127
90.37063397846825,20.927960154321127
90.4020833831384,20.927960154321127
90.43353278780857,20.927960154321127
90.46498219247873,20.927960154321127
90.33918457379805,20.927960154321127
90.37080804680993,20.927960154321127
90.4024315198218,20.927960154321127
90.43405499283368,20.927960154321127
90.46567846584556,20.927960154321127
90.49730193885743,20.927960154321127
90.52892541186931,20.927960154321127
90.56054888488119,20.927960154321127
90.59217235789306,20.927960154321127
90.62379583090494,20.927960154321127
90.49730193885743,20.927960154321127
90.52857195465357,20.927960154321127
90.55984197044971,20.927960154321127
90.59111198624586,20.927960154321127
90.622382002042,20.927960154321127
90.65365201783814,20.927960154321127
90.68492203363428,20.927960154321127
90.71619204943042,20.927960154321127
90.74746206522657,20.927960154321127
90.77873208102271,20.927960154321127
90.65365201783813,20.927960154321127
90.68509767918145,20.927960154321127
90.71654334052477,20.927960154321127
90.74798900186809,20.927960154321127
90.77943466321142,20.927960154321127
90.81088032455473,20.927960154321127
90.84232598589806,20.927960154321127
90.87377164724138,20.927960154321127
90.9052173085847,20.927960154321127
90.93666296992802,20.927960154321127
90.81088032455476,20.927960154321127
90.84229006103949,20.927960154321127
90.87369979752421,20.927960154321127
90.90510953400894,20.927960154321127
90.93651927049368,20.927960154321127
90.96792900697841,20.927960154321127
90.99933874346313,20.927960154321127
91.03074847994786,20.927960154321127
91.06215821643259,20.927960154321127
91.09356795291733,20.927960154321127
90.96792900697842,20.927960154321127
90.9994060183822,20.927960154321127
91.03088302978597,20.927960154321127
91.06236004118975,20.927960154321127
91.09383705259351,20.927960154321127
91.1253140639973,20.927960154321127
91.15679107540107,20.927960154321127
91.18826808680484,20.927960154321127
91.21974509820862,20.927960154321127
91.2512221096124,20.927960154321127
91.12531406399732,20.927960154321127
91.15675416896546,20.927960154321127
91.18819427393359,20.927960154321127
91.21963437890173,20.927960154321127
91.25107448386987,20.927960154321127
91.282514588838,20.927960154321127
91.31395469380614,20.927960154321127
91.34539479877428,20.927960154321127
91.3768349037424,20.927960154321127
91.40827500871055,20.927960154321127
91.28251458883803,20.927960154321127
91.31395573151612,20.927960154321127
91.34539687419421,20.927960154321127
91.3768380168723,20.927960154321127
91.4082791595504,20.927960154321127
91.4397203022285,20.927960154321127
91.47116144490658,20.927960154321127
91.50260258758468,20.927960154321127
91.53404373026277,20.927960154321127
91.56548487294086,20.927960154321127
91.43972030222848,20.927960154321127
91.47122779002753,20.927960154321127
91.50273527782656,20.927960154321127
91.5342427656256,20.927960154321127
91.56575025342465,20.927960154321127
91.5972577412237,20.927960154321127
91.62876522902273,20.927960154321127
91.66027271682178,20.927960154321127
91.69178020462083,20.927960154321127
91.72328769241987,20.927960154321127
91.59725774122371,20.927960154321127
91.62870166417416,20.927960154321127
91.6601455871246,20.927960154321127
91.69158951007506,20.927960154321127
91.7230334330255,20.927960154321127
91.75447735597595,20.927960154321127
91.7859212789264,20.927960154321127
91.81736520187684,20.927960154321127
91.84880912482728,20.927960154321127
91.88025304777774,20.927960154321127
91.75447735597594,20.927960154321127
91.78591644017685,20.927960154321127
91.81735552437776,20.927960154321127
91.84879460857869,20.927960154321127
91.8802336927796,20.927960154321127
91.91167277698051,20.927960154321127
91.94311186118142,20.927960154321127
91.97455094538235,20.927960154321127
92.00599002958326,20.927960154321127
92.03742911378417,20.927960154321127
91.9116727769805,20.927960154321127
91.94305660292623,20.927960154321127
91.97444042887196,20.927960154321127
92.0058242548177,20.927960154321127
92.03720808076342,20.927960154321127
92.06859190670916,20.927960154321127
92.0999757326549,20.927960154321127
92.13135955860062,20.927960154321127
92.16274338454636,20.927960154321127
92.19412721049208,20.927960154321127
92.06859190670919,20.927960154321127
92.09995046330711,20.957690801847672
92.13114540660695,20.953976777815367
92.1622211565986,20.95026209536771
92.19336371785772,20.9465467541544
92.22450627911684,20.942830753824843
92.25564884037595,20.939114094028113
92.28679140163507,20.935396774412997
92.31793396289419,20.931678794627953
92.34907652415332,20.927960154321127
92.22450627911682,20.927960154321127
92.25566395556929,20.927960154321127
92.28682163202176,20.927960154321127
92.31797930847421,20.927960154321127
92.34913698492667,20.927960154321127
92.38029466137914,20.927960154321127
92.4114523378316,20.927960154321127
92.44261001428407,20.927960154321127
92.47376769073652,20.927960154321127
92.50492536718899,20.927960154321127
92.38029466137915,20.927960154321127
92.41186418460823,20.927960154321127
92.4434337078373,20.927960154321127
92.47500323106638,20.927960154321127
92.50657275429545,20.927960154321127
92.53814227752453,20.927960154321127
92.5697118007536,20.927960154321127
92.60128132398268,20.927960154321127
92.63285084721174,20.927960154321127
92.66442037044082,20.927960154321127
92.53814227752456,20.927960154321127
92.56952399876887,20.927960154321127
92.60090572001319,20.927960154321127
92.63228744125752,20.927960154321127
92.66366916250183,20.927960154321127
92.69505088374615,20.927960154321127
92.72643260499046,20.927960154321127
92.75781432623478,20.927960154321127
92.78919604747911,20.927960154321127
92.82057776872342,20.927960154321127
92.69505088374613,20.927960154321127
92.72634958901129,20.927960154321127
92.75764829427646,20.927960154321127
92.78894699954162,20.927960154321127
92.82024570480678,20.927960154321127
92.85154441007195,20.927960154321127
92.88284311533711,20.927960154321127
92.91414182060227,20.927960154321127
92.94544052586744,20.927960154321127
92.9767392311326,20.927960154321127
92.85154441007192,20.927960154321127
92.88305391074222,20.927960154321127
92.9145634114125,20.927960154321127
92.9460729120828,20.927960154321127
92.97758241275308,20.927960154321127
93.00909191342338,20.927960154321127
93.04060141409366,20.927960154321127
93.07211091476395,20.927960154321127
93.10362041543424,20.927960154321127
93.13512991610453,20.927960154321127
93.0090919134234,20.927960154321127
93.04051710880206,20.927960154321127
93.07194230418074,20.927960154321127
93.1033674995594,20.927960154321127
93.13479269493806,20.927960154321127
93.16621789031673,20.927960154321127
93.19764308569539,20.927960154321127
93.22906828107405,20.927960154321127
93.26049347645272,20.927960154321127
93.29191867183138,20.927960154321127
93.1662178903167,20.927960154321127
93.19766493618592,20.927960154321127
93.22911198205513,20.927960154321127
93.26055902792434,20.927960154321127
93.29200607379354,20.927960154321127
93.32345311966276,20.927960154321127
93.35490016553197,20.927960154321127
93.38634721140119,20.927960154321127
93.4177942572704,20.927960154321127
93.44924130313962,20.84857662806601
93.32345311966277,20.693206323932912
93.35488721416,20.536660597900863
93.38632130865722,20.378912362093587
93.41775540315444,20.219933471957997
93.44918949765166,20.059694667639487
93.48062359214889,19.898165511107823
93.5120576866461,19.73531431865116
93.54349178114333,19.57110808831412
93.57492587564056,19.405512421809195
93.60635997013777,19.238491440378265
93.48062359214892,19.066690991960506
93.51205399979649,18.89332839560854
93.54348440744407,18.718360247246768
93.57491481509165,18.541741094813837
93.60634522273922,18.36342330036827
93.6377756303868,18.183356890021944
93.66920603803437,18.001489390361805
93.70063644568197,17.817765649842542
93.73206685332954,17.632127643427182
93.76349726097712,17.444514258514317
93.6377756303868,17.444514258514317
93.6691473747736,17.444514258514317
93.7004289833817,17.444514258514317
93.73162114400843,17.444514258514317
93.76272453628249,17.444514258514317
93.79373983179384,17.444514258514317
93.82466769422103,17.444514258514317
93.855508779456,17.444514258514317
93.8862637357264,17.444514258514317
93.91693320371563,20.927960154321127
93.79337548941932,20.927960154321127
93.83107413981021,17.444514258514317
93.86877279020112,17.444514258514317
93.90647144059201,17.444514258514317
93.94417009098291,17.444514258514317
93.98186874137382,17.444514258514317
94.01956739176471,17.444514258514317
94.0572660421556,17.444514258514317
94.09496469254651,17.444514258514317
94.1326633429374,17.444514258514317
93.98186874137379,17.444514258514317
94.01960364658838,17.444514258514317
94.05733855180296,17.444514258514317
94.09507345701755,17.444514258514317
94.13280836223213,17.444514258514317
94.17054326744672,17.444514258514317
94.20827817266131,17.444514258514317
94.24601307787589,17.444514258514317
94.28374798309048,17.444514258514317
94.32148288830506,17.444514258514317
94.17054326744675,17.444514258514317
94.20827651640316,17.444514258514317
94.24600976535957,17.444514258514317
94.28374301431599,17.444514258514317
94.3214762632724,17.444514258514317
94.3582057987707,17.614823969425196
94.39442185626457,17.783502726745468
94.43014338525649,17.95059650792949
94.46538825874573,18.116149169975866
94.50017335408995,18.280202583864984
94.35606061856501,18.442796758232493
94.39172640226096,18.442796758232493
94.42739218595689,18.442796758232493
94.46305796965284,18.442796758232493
94.49872375334878,18.442796758232493
94.53438953704472,18.442796758232493
94.57005532074066,18.442796758232493
94.6057211044366,18.442796758232493
94.64138688813254,18.442796758232493
94.67705267182849,18.442796758232493
94.53438953704475,18.442796758232493
94.57006298816262,18.442796758232493
94.6057364392805,18.442796758232493
94.64140989039838,18.442796758232493
94.67708334151627,18.442796758232493
94.71275679263414,18.442796758232493
94.7475584983308,18.582478231470812
94.78198032643755,18.721117546255144
94.81603326753925,18.858737686767846
94.84972782080227,18.99536080457366
94.71112328230934,19.13100826024465
94.74536500248729,19.251165576521903
94.77928959977368,19.37057756123381
94.8129048046833,19.48925791447401
94.84621805691498,19.607219921702328
94.87923651987809,19.72447647110345
94.91196709432313,19.841040070022196
94.94441643114122,19.956922860534874
94.9765909433927,20.072136634211425
95.00849681761981,20.186692846119325
94.8780357680332,20.300602628116195
94.91025944764792,20.39184155897584
94.94226853912755,20.48267407513166
94.97406681756473,20.37728374905421
95.0056579552097,20.22377408680705
95.03704552520279,20.0690902543924
95.06823300513906,19.9132048893112
95.09923932830377,19.756089549514275
95.1306023626227,19.59771465281518
95.16196539694162,19.43804941185989
95.03651325966588,19.43804941185989
95.06802245100043,19.43804941185989
95.09953164233498,19.43804941185989
95.13104083366952,19.43804941185989
95.16255002500407,19.43804941185989
95.19405921633862,19.43804941185989
95.22556840767317,19.43804941185989
95.2570775990077,19.43804941185989
95.28858679034225,19.43804941185989
95.3200959816768,20.927960154321127
95.19405921633863,20.927960154321127
95.22784847776988,19.43804941185989
95.26163773920112,19.43804941185989
95.29542700063237,19.43804941185989
95.32921626206362,19.43804941185989
95.36300552349486,19.43804941185989
95.39679478492612,19.43804941185989
95.43058404635737,19.43804941185989
95.4643733077886,19.43804941185989
95.49816256921986,19.43804941185989
95.36300552349489,19.43804941185989
95.39677794073444,19.55056198944205
95.43026172365494,19.662430756855212
95.46346337170901,19.773666641097076
95.49638915827897,19.884280263523365
95.52904514112755,19.99428195168444
95.56143717225126,20.10368175057901
95.59357090717694,20.212489433359593
95.62545181373879,20.320714511522045
95.65708518037013,20.428366244609286
95.52794438602798,20.535453649457118
95.55987741513715,20.621099962587447
95.59161293587637,20.706392026257163
95.62315417756727,20.791334200167828
95.65450428771634,20.875930755324195
95.68578714979992,20.773255875819366
95.71721924988425,20.647737911404114
95.74865134996857,20.521452239883168
95.78008345005289,20.39438459992301
95.81151555013722,20.266520283101087
95.6857871497999,20.266520283101087
95.71721013590933,20.266520283101087
95.74863312201875,20.266520283101087
95.78005610812816,20.266520283101087
95.81147909423758,20.266520283101087
95.842902080347,20.266520283101087
95.87432506645642,20.266520283101087
95.90574805256584,20.266520283101087
95.93717103867526,20.266520283101087
95.96859402478468,20.927960154321127
95.842902080347,20.927960154321127
95.87535845167862,20.266520283101087
95.90781482301024,20.266520283101087
95.94027119434186,20.266520283101087
95.97272756567348,20.266520283101087
96.0051839370051,20.266520283101087
96.03764030833672,20.266520283101087
96.07009667966834,20.266520283101087
96.10255305099996,20.266520283101087
96.13500942233156,20.266520283101087
96.0051839370051,20.266520283101087
96.03762137766755,20.359040534777574
96.06983944687782,20.451142232356723
96.10184206333453,20.542831005473737
96.13363303735193,20.63411235868462
96.1652160748531,20.724991675322574
96.19659478118086,20.8154742212028
96.2277726647362,20.905565148183072
96.25915734075326,20.927960154321127
96.29067708902375,20.927960154321127
96.16459809594177,20.927960154321127
96.19587595567343,20.927960154321127
96.22715381540509,20.927960154321127
96.25843167513673,20.927960154321127
96.2897095348684,20.927960154321127
96.32098739460005,20.927960154321127
96.35226525433171,20.927960154321127
96.38354311406336,20.927960154321127
96.41482097379502,20.927960154321127
96.44609883352668,20.927960154321127
96.32098739460007,20.927960154321127
96.35255844101663,20.927960154321127
96.38412948743319,20.927960154321127
96.41570053384973,20.927960154321127
96.44727158026629,20.927960154321127
96.47884262668285,20.927960154321127
96.51041367309941,20.927960154321127
96.54198471951597,20.927960154321127
96.57355576593253,20.927960154321127
96.60512681234907,20.927960154321127
96.47884262668286,20.927960154321127
96.51029929097068,20.927960154321127
96.5417559552585,20.927960154321127
96.57321261954631,20.927960154321127
96.60466928383414,20.927960154321127
96.63612594812196,20.927960154321127
96.66758261240977,20.927960154321127
96.69903927669759,20.927960154321127
96.7304959409854,20.927960154321127
96.76195260527322,20.927960154321127
96.63612594812194,20.927960154321127
96.6675346568364,20.927960154321127
96.69894336555083,20.927960154321127
96.73035207426528,20.927960154321127
96.76176078297974,20.927960154321127
96.79316949169419,20.927960154321127
96.82457820040862,20.927960154321127
96.85598690912308,20.927960154321127
96.88739561783753,20.927960154321127
96.91880432655198,20.927960154321127
96.7931694916942,20.927960154321127
96.82466496631126,20.927960154321127
96.85616044092832,20.911038885813195
96.88765591554538,20.775215024164883
96.91915139016244,20.638497312463933
96.9506468647795,20.500867867797105
96.98214233939656,20.36230820288237
97.01363781401362,20.222799197081134
97.04513328863068,20.08232106559797
97.07662876324774,19.940853326727385
96.9506468647795,19.752349434883737
96.9820470599788,19.562029163597757
97.01344725517808,19.369838971895106
97.04484745037738,19.175722635583877
97.07624764557667,18.979621055135457
97.10764784077595,18.781472045509066
97.13904803597525,18.58121010580139
97.17044823117453,18.378766166302707
97.20184842637383,18.174067310190377
97.23324862157313,17.96703646668053
97.10764784077598,17.72211267766782
97.13927048770746,17.473756211097857
97.17089313463894,17.221818559310382
97.20251578157043,16.966140187288737
97.23413842850191,16.7065493510677
97.26576107543339,16.44286074819668
97.29738372236488,16.174873970127674
97.32900636929637,15.902371719792002
97.36062901622785,15.62511774929607
97.39225166315933,15.342854462071054
97.26576107543339,15.07694553282687
97.29711021051473,14.806261856233757
97.32845934559606,14.530536594045563
97.3598084806774,14.249477087473485
97.39115761575874,13.962761217680633
97.42250675084007,13.670033078873692
97.45385588592141,13.370897798316893
97.48520502100276,13.064915288227866
97.51655415608408,12.751592647356047
97.54790329116543,12.430374837455195
97.4225067508401,12.379446554591924
97.45627852304155,12.255580676516736
97.49005029524301,12.13045005097597
97.52382206744446,12.004015126608078
97.55759383964592,11.876234246614038
97.59136561184737,11.747063488423848
97.62513738404881,11.616456487314588
97.65890915625027,11.484364241972026
97.69268092845172,11.350734899683731
97.72645270065318,11.215513518493516
97.59136561184734,10.990485705842847
97.64396457983942,10.648534631793689
97.69656354783149,10.295232078913187
97.74916251582357,9.929366410444159
97.80176148381565,9.549493759725186
97.85436045180772,9.153870483090955
97.9069594197998,8.740358034736186
97.95955838779189,8.30628511005678
98.01215735578396,7.848240954744227
98.06475632377604,7.361752497734367
97.85436045180775,7.361752497734367
97.91269253179495,7.361752497734367
97.97102461178213,7.361752497734367
98.02935669176932,7.361752497734367
98.0876887717565,7.361752497734367
98.1460208517437,7.361752497734367
98.20435293173088,7.311152706099516
98.26268501171808,7.143114939384564
98.32101709170526,6.971027770896598
98.37934917169245,6.794583528661951
98.14602085174373,6.794583528661951
98.22969362786112,6.794583528661951
98.31336640397852,6.794583528661951
98.3970391800959,6.794583528661951
98.4807119562133,6.794583528661951
98.5643847323307,6.794583528661951
98.64805750844809,6.794583528661951
98.73173028456549,6.794583528661951
98.81540306068288,6.794583528661951
98.89907583680026,7.361752497734367
98.56438473233071,7.361752497734367
98.66102091973922,6.794583528661951
98.75765710714774,6.794583528661951
98.85429329455624,6.794583528661951
98.95092948196476,6.794583528661951
99.04756566937327,6.794583528661951
99.14420185678178,6.794583528661951
99.2408380441903,6.794583528661951
99.3374742315988,6.794583528661951
99.43411041900731,6.794583528661951
99.04756566937324,6.794583528661951
99.14411029810127,6.794583528661951
99.2406549268293,6.794583528661951
99.3371995555573,6.794583528661951
99.43374418428533,6.794583528661951
99.53028881301336,6.794583528661951
99.62683344174138,6.794583528661951
99.69827101521786,7.299592174815647
99.76488547555653,7.771854766353742
99.82753796074331,8.217019356187553
99.50721031614951,8.639275877677852
99.58082527820258,9.047830040229599
99.64981653179645,9.438716500835051
99.71489527678892,9.81404656242218
99.77661426328245,10.175541787818737
99.83541204619294,10.524627851943274
99.89164275811638,10.862501193010512
99.94559674049943,11.190177519343004
99.99751520948911,11.508527866789231
100.04760091575982,11.818305902578379
99.82439167518098,12.120168940785176
99.87771248150652,12.416118123622718
99.92920288049403,12.705175455944378
99.9790226644849,12.987801102300203
100.02731076223135,13.264406190232913
100.07418875160901,13.535359828466625
100.11976366171557,13.800994884161318
100.16413023006415,14.061612777317746
100.20737273723711,14.317487489284023
100.24956651049564,14.56886893730544
100.06869852728856,14.815985833516523
100.11305658212662,14.815985833516523
100.15741463696466,14.815985833516523
100.20177269180272,14.815985833516523
100.24613074664076,14.815985833516523
100.29048880147882,14.815985833516523
100.33484685631687,14.815985833516523
100.37920491115491,14.815985833516523
100.42356296599297,14.815985833516523
100.46792102083101,14.815985833516523
100.29048880147884,14.815985833516523
100.33494686520483,14.815985833516523
100.37940492893081,14.815985833516523
100.42260701942422,15.05880236500399
100.46480951174483,15.2977652327893
100.50607258734387,15.533052293957699
100.5464509187974,15.764828131511996
100.58599432903962,15.993245401274859
100.62474835465115,16.2184460080085
100.66275472947719,16.440562136495643
100.50236235835756,16.659717158861422
100.54146882634888,16.853428205184365
100.57991433366647,17.044937920724326
100.61772797397721,17.234319689949707
100.65493688410079,17.42164290844667
100.69156641713346,17.606973280023805
100.72764029682378,17.79037308595619
100.76318075558186,17.971901429497006
100.79820865815877,18.151614458378038
100.83274361274324,18.32956556767347
100.68924391253279,18.505805585104447
100.72485989439596,18.505805585104447
100.76047587625915,18.505805585104447
100.79609185812232,18.505805585104447
100.8317078399855,18.505805585104447
100.86732382184869,18.505805585104447
100.90293980371186,18.505805585104447
100.93855578557505,18.505805585104447
100.97417176743822,18.505805585104447
101.0097877493014,18.505805585104447
100.86732382184866,18.505805585104447
100.9029037264547,18.505805585104447
100.93848363106072,18.505805585104447
100.97406353566676,18.505805585104447
101.00964344027278,18.505805585104447
101.04522334487882,18.505805585104447
101.07994771249236,18.64370386819769
101.11429891771226,18.78058964719735
101.14828759055945,18.916484902533636
101.181923893001,19.051410830674705
101.04361955689173,19.18538788272252
101.07772811507022,19.3039711336096
101.11152572160564,19.421830368014994
101.14501983959443,19.538978687758124
101.17821765565725,19.65542880421038
101.21112609354131,19.771193054393553
101.243751826896,19.886283416234832
101.27610129128115,20.000711523031708
101.30818069546255,20.11448867717621
101.33999603204481,20.227625863184407
101.20994699899651,20.34013376007354
101.24220000336159,20.430667084592354
101.27424027449614,20.520800999600564
101.30607151946825,20.610540745185933
101.33769734530333,20.699891447848987
101.36912126258136,20.788858123920456
101.40034668887368,20.877445682847686
101.43157489071432,20.927960154321127
101.4630265748387,20.927960154321127
101.49447825896308,20.927960154321127
101.36867152246556,20.927960154321127
101.40009734445279,20.927960154321127
101.43152316644003,20.927960154321127
101.46294898842726,20.927960154321127
101.49437481041448,20.927960154321127
101.52580063240173,20.927960154321127
101.55722645438895,20.927960154321127
101.5886522763762,20.927960154321127
101.62007809836342,20.927960154321127
101.65150392035065,20.927960154321127
101.5258006324017,20.927960154321127
101.55717268352711,20.927960154321127
101.58842812016836,20.927960154321127
101.61956809219879,20.927960154321127
101.65059373186475,20.927960154321127
101.68150615414693,20.927960154321127
101.71230645711258,20.927960154321127
101.74299572225866,20.927960154321127
101.77357501484646,20.927960154321127
101.80404538422769,20.927960154321127
101.68103890975843,20.927960154321127
101.71235471126664,20.927960154321127
101.74367051277486,20.927960154321127
101.77498631428307,20.927960154321127
101.80630211579128,20.927960154321127
101.8376179172995,20.927960154321127
101.86893371880771,20.927960154321127
101.90024952031592,20.927960154321127
101.93156532182414,20.927960154321127
101.96288112333235,20.927960154321127
101.8376179172995,20.842550614542194
101.8689437114331,20.69245870526447
101.90026950556673,20.541270126708262
101.93159529970033,20.388960482764176
101.96292109383396,20.235504459168823
101.99424688796756,20.080875774387017
102.02557268210117,19.9250471270631
102.05689847623479,19.767990139743784
102.0882242703684,19.60967529854407
102.11955006450201,19.4500718883929
101.99424688796753,19.246182293811234
102.02569870018411,19.040109487856796
102.05715051240067,18.83178179919616
102.08860232461724,18.621123547076778
102.12005413683382,18.40805472010714
102.15150594905039,18.192490621171693
102.18295776126695,17.97434147401182
102.21440957348352,17.75351198629
102.2458613857001,17.52990086310542
102.27731319791667,17.303400263915343
102.1515059490504,17.176611686260607
102.18290705819297,17.048880237361725
102.21430816733553,16.920184563864016
102.24570927647808,16.790502494045285
102.27711038562065,16.659810993221374
102.30851149476321,16.528086115977818
102.33991260390577,16.395302954947116
102.37131371304832,16.26143558582134
102.40271482219089,16.126457008256196
102.43411593133345,15.990339082285098
102.30851149476322,15.990339082285098
102.3441459477063,15.990339082285098
102.37978040064937,15.990339082285098
102.41541485359244,15.990339082285098
102.45104930653551,15.990339082285098
102.48668375947858,15.990339082285098
102.52231821242164,15.990339082285098
102.55795266536471,15.990339082285098
102.59358711830778,15.990339082285098
102.62922157125085,18.188837381414725
102.48668375947858,18.188837381414725
102.52776895740934,15.990339082285098
102.56885415534008,15.990339082285098
102.60993935327083,15.990339082285098
102.65102455120159,15.990339082285098
102.69210974913233,15.990339082285098
102.73319494706308,15.990339082285098
102.77428014499384,15.990339082285098
102.81536534292458,15.990339082285098
102.85645054085533,15.990339082285098
102.69210974913236,15.990339082285098
102.73325415670658,15.990339082285098
102.77439856428079,15.990339082285098
102.81554297185501,15.990339082285098
102.85668737942923,15.990339082285098
102.89783178700344,15.990339082285098
102.93897619457766,15.990339082285098
102.98012060215187,15.990339082285098
103.0212650097261,15.990339082285098
103.06240941730032,15.990339082285098
102.89783178700347,15.990339082285098
102.93908132865312,15.990339082285098
102.98033087030277,15.990339082285098
103.02158041195241,15.990339082285098
103.06172695427706,16.182529551069038
103.10118558107092,16.37246412046736
103.13998724773258,16.560220411599584
103.17816077481626,16.74587169380943
103.21573304192096,16.92948721876408
103.25272916001569,17.111132522281068
103.0984378125086,17.290869697613047
103.1362011477509,17.465757776739462
103.17340703523364,17.414475931508896
103.21007696913408,17.165425739995598
103.24623117375108,16.912708526475114
103.28188870244519,16.6561573770094
103.3170675271192,16.395592317263358
103.35178461930309,16.130818835387927
103.38605602376946,15.861626182907807
103.41989692548984,15.58778541142093
103.2798892223674,15.58778541142093
103.31446956620964,15.58778541142093
103.34904991005187,15.58778541142093
103.3836302538941,15.58778541142093
103.41821059773633,15.58778541142093
103.45279094157857,15.58778541142093
103.4873712854208,15.58778541142093
103.52195162926303,15.58778541142093
103.55653197310527,15.58778541142093
103.5911123169475,17.085007172829016
103.45279094157858,17.085007172829016
103.49491657967438,15.58778541142093
103.53704221777016,15.58778541142093
103.57916785586596,15.58778541142093
103.62129349396174,15.58778541142093
103.66341913205754,15.58778541142093
103.70554477015332,15.58778541142093
103.74767040824912,15.58778541142093
103.7897960463449,15.58778541142093
103.8319216844407,15.58778541142093
103.66341913205757,15.58778541142093
103.70534921730997,15.723032140236482
103.7467463002397,15.857125380513068
103.78762812894406,15.990094151808925
103.82801154359964,16.121966276919093
103.8679125378677,16.252768449852436
103.90734631519115,16.382526298923533
103.9463273404839,16.51126444538163
103.98486938765718,16.63900655795669
104.02298558337833,16.76577540366469
103.86596220101984,16.891592895181027
103.90463624167283,17.072936141864655
103.94270532985507,17.252373357652754
103.98019415298197,17.429963409012213
104.01712585654128,17.60576219330373
104.05352217096188,17.77982284430363
104.08940352568652,17.952195919788736
104.12478915196458,18.12292957306124
104.15969717567576,18.29206971006277
104.19414470132145,18.459660133530463
104.05137065821924,18.62574267547772
104.08714371915252,18.62574267547772
104.12291678008582,18.62574267547772
104.1586898410191,18.62574267547772
104.19446290195238,18.62574267547772
104.23023596288567,18.62574267547772
104.26516643307781,18.76167646244435
104.2997289568816,18.896632428815582
104.33393380940076,19.030631377284656
104.36779082212664,19.16369338322907
104.22865563880185,19.29583782982082
104.26226268972493,19.41053482192167
104.2955749095583,19.52455803830968
104.3285991110379,19.63791921537546
104.36134186380353,19.75062975269149
104.39380950592391,19.862700726391466
104.42600815474636,19.974142901873954
104.45794371711813,20.084966745871682
104.48962189902227,20.195182437924668
104.5210482146679,20.30479988129286
104.3926876759163,20.41382871334136
104.42470140965499,20.502204092623856
104.45650969762315,20.590200158657144
104.4881160239707,20.677821754032195
104.51952378131865,20.76507361916854
104.55073627396327,20.851960395306996
104.58180397075108,20.927960154321127
104.61313258703947,20.927960154321127
104.64446120332786,20.927960154321127
104.67578981961626,20.927960154321127
104.5504753544627,20.927960154321127
104.58194756455954,20.927960154321127
104.61341977465638,20.927960154321127
104.64489198475323,20.927960154321127
104.67636419485007,20.927960154321127
104.7078364049469,20.927960154321127
104.73930861504374,20.927960154321127
104.77078082514059,20.927960154321127
104.80225303523743,20.927960154321127
104.83372524533426,20.927960154321127
104.70783640494689,20.927960154321127
104.73937620858833,20.927960154321127
104.77091601222978,20.927960154321127
104.80245581587121,20.927960154321127
104.83399561951266,20.927960154321127
104.8655354231541,20.927960154321127
104.89707522679554,20.927960154321127
104.92861503043699,20.927960154321127
104.96015483407842,20.927960154321127
104.99169463771987,20.927960154321127
104.86553542315407,20.927960154321127
104.89666839848194,20.927960154321127
104.9278013738098,20.927960154321127
104.95893434913766,20.927960154321127
104.99006732446553,20.927960154321127
105.02120029979339,20.927960154321127
105.05233327512126,20.927960154321127
105.08346625044912,20.927960154321127
105.11459922577698,20.927960154321127
105.14573220110485,20.927960154321127
105.02120029979339,20.927960154321127
105.0531960991948,20.927960154321127
105.08519189859621,20.927960154321127
105.11718769799762,20.927960154321127
105.14918349739904,20.927960154321127
105.18117929680044,20.927960154321127
105.21317509620185,20.927960154321127
105.24517089560327,20.927960154321127
105.27716669500467,20.927960154321127
105.30916249440608,20.927960154321127
105.18117929680047,20.927960154321127
105.21234754143892,20.927960154321127
105.24351578607735,20.927960154321127
105.2746840307158,20.927960154321127
105.30585227535425,20.927960154321127
105.33702051999269,20.927960154321127
105.36818876463114,20.927960154321127
105.3993570092696,20.927960154321127
105.43052525390803,20.927960154321127
105.46169349854648,20.927960154321127
105.33702051999272,20.927960154321127
105.3684967769395,20.927960154321127
105.39997303388625,20.927960154321127
105.43144929083303,20.927960154321127
105.46292554777979,20.927960154321127
105.49440180472656,20.927960154321127
105.52587806167334,20.927960154321127
105.5573543186201,20.927960154321127
105.58883057556687,20.927960154321127
105.62030683251363,20.927960154321127
105.49440180472659,20.927960154321127
105.5257536743289,20.927960154321127
105.5571055439312,20.927960154321127
105.58845741353349,20.927960154321127
105.6198092831358,20.927960154321127
105.6511611527381,20.927960154321127
105.6825130223404,20.927960154321127
105.7138648919427,20.927960154321127
105.74521676154501,20.927960154321127
105.7765686311473,20.927960154321127
105.65116115273811,20.927960154321127
105.68261533384141,20.927960154321127
105.71406951494471,20.927960154321127
105.74552369604801,20.927960154321127
105.77697787715131,20.927960154321127
105.80843205825461,20.927960154321127
105.83988623935791,20.927960154321127
105.87134042046122,20.927960154321127
105.90279460156452,20.927960154321127
105.93424878266782,20.927960154321127
105.80843205825461,20.927960154321127
105.83989498368344,20.927960154321127
105.87135790911226,20.927960154321127
105.9028208345411,20.927960154321127
105.93428375996993,20.927960154321127
105.96574668539876,20.927960154321127
105.99720961082758,20.927960154321127
106.02867253625641,20.927960154321127
106.06013546168523,20.927960154321127
106.09159838711408,20.927960154321127
105.96574668539874,20.927960154321127
105.99732515706775,20.927960154321127
106.02890362873676,20.927960154321127
106.06048210040575,20.927960154321127
106.09206057207476,20.927960154321127
106.12363904374376,20.927960154321127
106.15521751541277,20.927960154321127
106.18679598708178,20.927960154321127
106.21837445875077,20.927960154321127
106.24995293041978,20.927960154321127
106.12363904374378,20.927960154321127
106.15486141573338,20.927960154321127
106.18608378772298,20.927960154321127
106.21730615971258,20.927960154321127
106.24852853170216,20.927960154321127
106.27975090369176,20.927960154321127
106.31097327568136,20.927960154321127
106.34219564767096,20.927960154321127
106.37341801966056,20.927960154321127
106.40464039165016,20.927960154321127
106.27975090369178,20.927960154321127
106.31129162010761,20.927960154321127
106.34283233652346,20.927960154321127
106.37437305293929,20.927960154321127
106.40591376935512,20.927960154321127
106.43745448577097,20.927960154321127
106.4689952021868,20.927960154321127
106.50053591860265,20.927960154321127
106.53207663501848,20.927960154321127
106.56361735143432,20.927960154321127
106.43745448577094,20.927960154321127
106.46890106946368,20.927960154321127
106.50034765315641,20.927960154321127
106.53179423684915,20.927960154321127
106.56324082054189,20.927960154321127
106.59468740423462,20.927960154321127
106.62613398792736,20.927960154321127
106.6575805716201,20.927960154321127
106.68902715531283,20.927960154321127
106.72047373900557,20.927960154321127
106.59468740423465,20.927960154321127
106.62608009251595,20.927960154321127
106.65747278079725,20.927960154321127
106.68886546907855,20.927960154321127
106.72025815735986,20.927960154321127
106.75165084564117,20.927960154321127
106.78304353392247,20.927960154321127
106.81443622220377,20.927960154321127
106.84582891048507,20.927960154321127
106.87722159876637,20.927960154321127
106.75165084564115,20.927960154321127
106.78315191247752,20.927960154321127
106.81465297931389,20.927960154321127
106.84615404615028,20.927960154321127
106.87765511298664,20.927960154321127
106.90915617982301,20.927960154321127
106.94065724665938,20.927960154321127
106.97215831349575,20.927960154321127
107.00365938033214,20.927960154321127
107.03516044716851,20.927960154321127
106.909156179823,20.927960154321127
106.9405981951876,20.927960154321127
106.97204021055221,20.927960154321127
107.00348222591683,20.927960154321127
107.03492424128143,20.927960154321127
107.06636625664603,20.927960154321127
107.09780827201064,20.927960154321127
107.12925028737524,20.927960154321127
107.16069230273985,20.927960154321127
107.19213431810446,20.927960154321127
107.06636625664602,20.927960154321127
107.09781237091029,20.927960154321127
107.12925848517456,20.927960154321127
107.16070459943883,20.927960154321127
107.1921507137031,20.927960154321127
107.22359682796737,20.927960154321127
107.25504294223164,20.927960154321127
107.28648905649591,20.927960154321127
107.31793517076018,20.927960154321127
107.34938128502445,20.927960154321127
107.22359682796737,20.927960154321127
107.25503949304864,20.927960154321127
107.2864821581299,20.927960154321127
107.31792482321117,20.927960154321127
107.34936748829244,20.927960154321127
107.38081015337372,20.927960154321127
107.41225281845497,20.927960154321127
107.44369548353625,20.927960154321127
107.47513814861752,20.927960154321127
107.50658081369878,20.927960154321127
107.38081015337373,20.927960154321127
107.41228666293004,20.927960154321127
107.44376317248636,20.927960154321127
107.47523968204268,20.927960154321127
107.506716191599,20.927960154321127
107.53819270115531,20.927960154321127
107.56966921071162,20.927960154321127
107.60114572026794,20.927960154321127
107.63262222982426,20.927960154321127
107.66409873938058,20.927960154321127
107.5381927011553,20.927960154321127
107.56960324530264,20.927960154321127
107.60101378945,20.927960154321127
107.63242433359734,20.927960154321127
107.66383487774469,20.927960154321127
107.69524542189204,20.927960154321127
107.72665596603937,20.927960154321127
107.75806651018672,20.85165418795741
107.78947705433407,20.740582273984437
107.82088759848142,20.628912325997057
107.69524542189204,20.543197918143726
107.7266904482468,20.457124374026183
107.75813547460154,20.37068714120188
107.7895805009563,20.283881570229077
107.82102552731105,20.196702911748496
107.85247055366581,20.109146313451042
107.88391558002057,20.021206816926224
107.91536060637532,19.932879354385424
107.94680563273008,19.84415874525388
107.97825065908482,19.75503969262495
107.85247055366584,19.75503969262495
107.88385430009428,19.75503969262495
107.91516029639283,19.75503969262495
107.94638905441384,19.75503969262495
107.9775410807623,19.75503969262495
108.00861687686776,19.75503969262495
108.03961693905532,19.75503969262495
108.07054175861515,19.75503969262495
108.10139182187093,19.75503969262495
108.13216761024717,20.927960154321127
108.00830129439856,20.927960154321127
108.04158751128125,19.75503969262495
108.07487372816394,19.75503969262495
108.10815994504664,19.75503969262495
108.14144616192932,19.75503969262495
108.17473237881201,19.75503969262495
108.2080185956947,19.75503969262495
108.24130481257738,19.75503969262495
108.27459102946008,19.75503969262495
108.30787724634277,19.75503969262495
108.174732378812,19.75503969262495
108.20791756424876,19.85962553755105
108.24084299869781,19.963663484599014
108.27351404445035,20.06716205547946
108.30593589264089,20.170129553263585
108.3381135705145,20.27257407015694
108.37005194831228,20.374503494921335
108.40175574579871,20.47592551996427
108.43322953845302,20.5768476481138
108.46447776334524,20.677277199095847
108.33711575461545,20.77722131572967
108.36870761480087,20.8567293885159
108.4001320062133,20.927960154321127
108.43158630576794,20.927960154321127
108.46304060532256,20.927960154321127
108.4944949048772,20.927960154321127
108.52594920443184,20.927960154321127
108.55740350398648,20.927960154321127
108.58885780354112,20.927960154321127
108.62031210309576,20.927960154321127
108.49449490487721,20.927960154321127
108.52594482204968,20.927960154321127
108.55739473922215,20.927960154321127
108.58884465639461,20.79360646930405
108.62029457356708,20.658010683296713
108.65174449073956,20.52151896868551
108.68319440791203,20.38411332810522
108.71464432508449,20.24577515344756
108.74609424225696,20.10648519644526
108.77754415942943,19.96622353740912
108.65174449073955,19.851542368450293
108.68317524229086,19.736194832514293
108.71460599384217,19.620169176833077
108.74603674539348,19.503453299047777
108.7774674969448,19.386034732474936
108.80889824849612,19.267900630564597
108.84032900004743,19.149037750495413
108.87175975159874,19.02943243584751
108.90319050315006,18.909070598288864
108.93462125470137,18.78793769820571
108.8088982484961,18.78793769820571
108.84030712456617,18.78793769820571
108.87169086378807,18.78793769820571
108.90304951974717,18.78793769820571
108.93438314585048,18.78793769820571
108.96569179532753,18.78793769820571
108.99697552123118,18.78793769820571
109.02823437643835,18.78793769820571
109.05946841365083,18.78793769820571
109.09067768539607,19.228142273610075
108.96558794624984,19.190079257630934
109.00060888606053,18.78793769820571
109.03562982587123,18.78793769820571
109.07065076568192,18.78793769820571
109.10567170549261,18.78793769820571
109.1406926453033,18.78793769820571
109.175713585114,18.78793769820571
109.21073452492469,18.78793769820571
109.24575546473538,18.78793769820571
109.28077640454607,18.78793769820571
109.1406926453033,18.640006608167464
109.17559038116931,18.433702048454588
109.21031635099936,18.225062306337147
109.24487279366218,18.014006243158214
109.27926190273163,17.80044790973573
109.31348582771028,17.584296137346165
109.347546675212,17.365454082878433
109.38144651010495,17.143818721720994
109.415187356617,16.91928028084834
109.44877119940448,16.691721603255182
109.31280613520656,16.416788068923132
109.34663216342003,16.13717109407031
109.3801904937713,15.852622853605634
109.41348671310153,15.562872863260852
109.44652622799647,15.267624968454731
109.47931427252213,14.9665537982778
109.51185591554957,14.659300563673053
109.54415606769498,14.345468045186472
109.57621948789863,14.024614570633574
109.60805078966531,13.696246722156724
109.47828682949505,13.401226739921915
109.51037741387474,13.099564191048785
109.54226169109823,12.790789102163206
109.5739431661228,12.474373319595115
109.60542525166831,12.149719897069062
109.63671127145209,11.816149856778445
109.66786587702971,11.472885482669763
109.69927315839097,11.119028966553868
109.73068043975223,10.753534722112231
109.76208772111349,10.37517290845231
109.63645859566844,10.37517290845231
109.6764884124164,10.37517290845231
109.71651822916438,10.37517290845231
109.75654804591234,10.37517290845231
109.7965778626603,10.37517290845231
109.83660767940827,10.37517290845231
109.87663749615623,10.37517290845231
109.9166673129042,10.37517290845231
109.95669712965217,10.37517290845231
109.99672694640013,13.932299741549395
109.83660767940825,13.932299741549395
109.89948442388621,10.37517290845231
109.96236116836418,10.37517290845231
110.02523791284214,10.37517290845231
110.0881146573201,10.37517290845231
110.15099140179808,10.37517290845231
110.21386814627604,10.37517290845231
110.276744890754,10.37517290845231
110.33962163523198,10.37517290845231
110.40249837970994,10.37517290845231
110.15099140179805,10.37517290845231
110.21475376538933,10.37517290845231
110.27851612898061,10.37517290845231
110.3422784925719,10.37517290845231
110.40604085616317,10.37517290845231
110.46980321975445,10.37517290845231
110.53356558334575,10.37517290845231
110.59732794693703,10.37517290845231
110.66109031052831,10.37517290845231
110.71663915260294,10.664163924211994
110.46809749930063,10.945527466716543
110.52647634867239,11.27134588291615
110.58244515134912,11.588006925266113
110.63625457317298,11.896241885053447
110.68811660334349,12.196689611340636
110.73821219341603,12.175725665388823
110.78669709552572,11.968007388325157
110.83370638617778,11.756619676386704
110.87935801544774,11.541360906903504
110.92375562323434,11.32201028755927
110.73139822224758,11.32201028755927
110.77912637017872,11.321133345095934
110.82685451810984,11.265038859503333
110.87458266604098,11.208663648927882
110.9223108139721,11.152003456037596
110.97003896190324,11.095053914792466
111.01776710983437,11.037810546518216
111.0654952577655,10.98026875579582
111.11322340569663,10.922423826156125
111.16095155362777,10.864270915568156
110.97003896190327,10.864270915568156
111.02783286341318,10.864270915568156
111.08562676492308,10.864270915568156
111.14342066643299,10.864270915568156
111.2012145679429,10.864270915568156
111.2590084694528,10.864270915568156
111.3168023709627,10.864270915568156
111.37459627247262,10.864270915568156
111.43239017398253,10.864270915568156
111.49018407549242,11.32201028755927
111.25900846945282,11.32201028755927
111.31919374878933,10.864270915568156
111.37937902812584,10.864270915568156
111.43956430746236,10.864270915568156
111.49974958679887,10.864270915568156
111.55993486613538,10.864270915568156
111.62012014547189,10.864270915568156
111.68030542480841,10.649358613506624
111.74049070414492,10.270383393915171
111.80067598348143,9.876877605647914
111.55993486613536,9.876877605647914
111.61929768157206,9.876877605647914
111.67643369329065,9.876877605647914
111.73155441791415,9.876877605647914
111.7848414356928,9.7725444894806
111.83645183551717,9.665129691975258
111.88652247365111,9.55650763231662
111.93517334325159,9.446636665520163
111.98251026852103,9.335472695807859
112.0286270797034,9.222968969805663
111.82995262366157,9.222968969805663
111.89450857207177,9.222968969805663
111.95906452048196,9.222968969805663
112.02362046889216,9.222968969805663
112.08817641730235,9.222968969805663
112.15273236571255,9.222968969805663
112.21728831412274,9.222968969805663
112.28184426253294,9.222968969805663
112.34640021094313,9.222968969805663
112.41095615935333,9.876877605647914
112.15273236571258,9.876877605647914
112.22420395065998,9.222968969805663
112.29567553560737,9.222968969805663
112.36714712055478,9.222968969805663
112.43861870550218,9.222968969805663
112.51009029044957,9.222968969805663
112.58156187539697,9.222968969805663
112.65303346034436,9.222968969805663
112.72450504529176,9.222968969805663
112.79597663023917,9.222968969805663
112.5100902904496,9.222968969805663
112.57906035560733,9.605083755501665
112.64418079475347,9.972567938219614
112.70598263728469,9.948746944049889
112.76489000711541,9.609552059409944
112.82124727896061,9.257937989005859
112.87533810623192,8.892431660352852
112.92739907593281,8.51124349668212
112.97762971501402,8.112163144660098
113.02619995988421,7.692406379758516
112.81156637383233,7.692406379758516
112.87204484432763,7.692406379758516
112.93252331482293,7.692406379758516
112.99300178531824,7.692406379758516
113.05348025581354,7.692406379758516
113.11395872630884,7.692406379758516
113.17443719680413,7.692406379758516
113.23491566729945,7.692406379758516
113.29539413779474,7.692406379758516
113.35587260829004,10.701183623762029
113.11395872630882,10.701183623762029
113.19886091069174,7.692406379758516
113.28376309507463,7.692406379758516
113.36866527945755,7.692406379758516
113.45356746384046,7.692406379758516
113.53846964822337,7.692406379758516
113.62337183260627,7.692406379758516
113.70827401698918,7.692406379758516
113.79317620137209,7.692406379758516
113.87807838575499,7.692406379758516
113.53846964822338,7.692406379758516
113.62001118288504,8.143916893000432
113.69536591000154,8.57167712929308
113.76566419527485,8.97908209437882
113.83174131227821,9.368787632684528
113.89423291501383,9.742917846060841
113.95363467548906,10.050810646962065
114.0103411128762,9.998533628360349
114.06467176947908,9.945981840613804
114.11688938733623,9.893150905054785
113.8808364199154,9.893150905054785
113.94457119770115,9.889998487887137
114.00830597548689,9.880810242038132
114.07204075327265,9.871613444008096
114.1357755310584,9.862408069872039
114.19951030884414,9.853194095593208
114.2632450866299,9.843971497022359
114.32697986441565,9.834740249897015
114.39071464220139,9.825500329840724
114.45444941998714,9.816251712362307
114.19951030884417,9.816251712362307
114.26540041865113,9.816251712362307
114.3312905284581,9.816251712362307
114.39718063826506,9.816251712362307
114.46307074807203,9.816251712362307
114.52896085787899,9.816251712362307
114.59485096768594,9.816251712362307
114.66074107749291,9.816251712362307
114.72663118729987,9.816251712362307
114.79252129710684,9.893150905054785
114.52896085787896,9.893150905054785
114.5956686157187,9.816251712362307
114.66237637355843,9.816251712362307
114.72908413139817,9.816251712362307
114.7957918892379,9.816251712362307
114.86249964707764,9.816251712362307
114.92920740491739,9.646066701311613
114.99591516275713,9.146682163341152
115.06262292059687,8.618409736616941
115.1293306784366,8.055568147514128
114.86249964707764,8.055568147514128
114.92709403272347,8.055568147514128
114.98846338143547,8.055568147514128
115.04700872947011,8.055568147514128
115.10305785680595,8.055568147514128
115.156882268059,8.055568147514128
115.20870951192617,8.055568147514128
115.25873229487908,8.055568147514128
115.30711534103465,8.055568147514128
115.35400063604165,10.329139843852845
115.14838608806639,10.329139843852845
115.22900536174043,8.055568147514128
115.30962463541447,8.055568147514128
115.39024390908851,8.055568147514128
115.47086318276254,8.055568147514128
115.55148245643659,8.055568147514128
115.63210173011063,8.055568147514128
115.71272100378467,8.055568147514128
115.79334027745871,8.055568147514128
115.87395955113276,8.055568147514128
115.55148245643662,8.055568147514128
115.63031608391225,8.393729196341779
115.70469733659307,8.718784402873867
115.77524713643324,9.032148864255552
115.84246012112983,9.334999986521105
115.90673703168288,9.628329885843401
115.96840731786656,9.9129838107858
116.02774530599699,10.18968889000923
116.08813308010475,10.329139843852845
116.15154355833398,10.329139843852845
115.8979016454171,10.329139843852845
115.96044546088743,10.477721085421017
116.02169103731347,10.624224601065428
116.0817081837351,10.76873519053615
116.14056100114054,10.911332037560738
116.1999769086501,10.928644796243278
116.25972678536172,10.928644796243278
116.31947666207336,10.928644796243278
116.37922653878498,10.928644796243278
116.43897641549661,10.928644796243278
116.19997690865013,10.928644796243278
116.25947777694628,11.06367679230142
116.31756094789228,10.666492101074578
116.3743135582164,10.253934041140683
116.42981463173211,9.824066006386616
116.48413606482981,9.374507052406459
116.5373434665639,8.902274543811583
116.5915315505797,8.403546967273583
116.64633241837348,7.873291002430327
116.70113328616725,7.30464378232968
116.48192981499217,7.30464378232968
116.53515548760605,7.30464378232968
116.58710920713261,7.30464378232968
116.63786937724092,7.30464378232968
116.68750708142417,7.30464378232968
116.73608697460313,7.30464378232968
116.78366804283118,7.266018344915072
116.83030425382071,7.112346319493753
116.8760451165784,6.955279846863841
116.92093616496605,6.794583528661951
116.73190060061756,6.794583528661951
116.81923946129123,6.794583528661951
116.9065783219649,6.794583528661951
116.99391718263855,6.794583528661951
117.08125604331222,6.794583528661951
117.16859490398589,6.794583528661951
117.25593376465956,6.794583528661951
117.34327262533323,6.794583528661951
117.4306114860069,6.794583528661951
117.51795034668055,7.30464378232968
117.1685949039859,7.30464378232968
117.2639775713852,6.794583528661951
117.35936023878448,6.794583528661951
117.45474290618377,6.794583528661951
117.55012557358306,6.794583528661951
117.64550824098235,6.794583528661951
117.74089090838163,6.794583528661951
117.83627357578092,6.794583528661951
117.93165624318021,6.794583528661951
118.02703891057949,6.794583528661951
117.64550824098237,6.794583528661951
117.73747746283415,7.269192352027529
117.8213537349907,7.714658098294882
117.89882577417777,8.135769275022373
117.97108484994139,8.536131080249957
118.03900458899192,8.918538329907012
118.10324601096615,9.285209640327556
118.16432228149839,9.637941179922352
118.22264043052374,9.978211378320982
118.27852923667884,9.658222334649087
118.02290332516561,9.658222334649087
118.08323215016418,9.658222334649087
118.14092412079462,9.658222334649087
118.19626866554363,9.658222334649087
118.2495082161596,9.611722378085222
118.30084795190018,9.544268961968745
118.35046313781169,9.476335418473516
118.39850473625106,9.407911346756585
118.4451037573999,9.33898596494539
118.49037467435772,9.269548090304223
118.29354125318939,9.269548090304223
118.36062204204738,9.269548090304223
118.42770283090539,9.269548090304223
118.49478361976338,9.154901741844299
118.56186440862137,8.805561640634508
118.62894519747938,8.441777402372319
118.69602598633738,8.061593863213034
118.76310677519537,7.662570425097841
118.83018756405336,7.241593431267334
118.89726835291137,6.794583528661951
118.62894519747935,6.794583528661951
118.69923958887968,6.794583528661951
118.76953398028,6.794583528661951
118.83982837168031,6.794583528661951
118.91012276308064,6.794583528661951
118.98041715448096,6.794583528661951
119.05071154588128,6.794583528661951
119.12100593728161,6.794583528661951
119.19130032868192,6.794583528661951
119.26159472008224,9.269548090304223
118.98041715448097,9.269548090304223
119.07191474854712,6.794583528661951
119.16341234261327,6.794583528661951
119.25490993667941,6.794583528661951
119.34640753074557,6.794583528661951
119.4379051248117,6.794583528661951
119.52940271887785,6.794583528661951
119.620900312944,6.794583528661951
119.71239790701014,6.794583528661951
119.80389550107628,6.794583528661951
119.43790512481168,6.794583528661951
119.53869867039612,7.313777692401912
119.6299323988247,7.798482092034796
119.71373799285557,8.254774481819537
119.79158053066001,8.687133045580145
119.8645129087026,9.09897023610486
119.93331904529008,9.492957292826809
119.99859958949718,9.871231785818082
120.06082582602568,10.23553593004572
120.12037499242612,10.587311962021735
119.84635107859657,10.92776982677985
119.90079369488501,11.231461262602792
119.95312746415479,11.527154497082709
120.00355889247516,11.815450033997058
120.05226439810751,12.096876795774518
120.09939593794861,12.371903528496127
120.14508537517355,12.640947971757573
120.18944791144285,12.904384306542827
120.23258481420307,13.162549260580782
120.27458560599908,13.415747155618382
120.09330454885911,13.664254112455229
120.1457914902288,13.664254112455229
120.19827843159848,13.664254112455229
120.25076537296817,13.664254112455229
120.30325231433785,13.664254112455229
120.35573925570755,13.664254112455229
120.40822619707724,13.664254112455229
120.46071313844692,13.664254112455229
120.51320007981661,13.664254112455229
120.56568702118629,13.664254112455229
120.35573925570758,13.664254112455229
120.40472496544952,13.937854859747802
120.45231602295758,14.20618723419627
120.4986142092865,14.469544338875592
120.54371011753712,14.728193066915315
120.58768474890786,14.982377269912076
120.63061083354079,15.232320450267045
120.6725539311639,15.478228062064124
120.7135733541388,15.720289487885236
120.75372294621587,15.958679745660685
120.58328053917681,16.193560969292893
120.61965124780002,16.381164599473692
120.65540940876124,16.566643908887936
120.6905818915693,16.75006946769886
120.7251937645897,16.931508023255972
120.7592684538663,17.11102278387897
120.79282788479922,17.288673676117234
120.82589260885025,17.464517578453542
120.8584819171329,17.559902578173464
120.89061394248134,17.356709280787495
120.75711483523408,16.961642599188952
120.81040044691898,16.557151997474325
120.86271650729583,16.142529072989603
120.91410887817804,15.716971956364908
120.96462011194755,15.279567077702415
121.01428976518865,14.829266087263193
121.06315467599343,14.364856257258571
121.11124920986742,13.884921962205885
121.15860547840288,13.387793712983253
121.20525353425734,12.871479445123645
121.0109245898572,12.555653872517219
121.03872320356867,12.231676304851794
121.06652181728013,11.89888088380117
121.0943204309916,11.556505845068612
121.12211904470307,11.203672987343086
121.14991765841454,10.839361118974555
121.177716272126,10.462371171381442
121.20551488583747,10.071279540751991
121.23331349954894,9.664374405422514
121.26111211326041,9.239566748955385
121.14991765841454,9.239566748955385
121.17079838160159,9.239566748955385
121.19167910478862,9.239566748955385
121.21255982797567,9.239566748955385
121.2334405511627,9.239566748955385
121.25432127434975,9.239566748955385
121.2752019975368,9.239566748955385
121.29608272072383,9.239566748955385
121.31696344391088,9.239566748955385
121.33784416709791,13.251894256448136
121.25432127434978,13.251894256448136
121.32437606328595,9.239566748955385
121.39443085222213,9.239566748955385
121.4644856411583,9.239566748955385
121.53454043009448,9.239566748955385
121.60459521903066,9.239566748955385
121.67465000796683,9.239566748955385
121.744704796903,9.239566748955385
121.81475958583917,9.239566748955385
121.88481437477535,9.239566748955385
121.60459521903066,9.239566748955385
121.67586667981224,9.239566748955385
121.74401443462678,9.574069310024923
121.80885576825493,9.897272987945733
121.87079414054054,10.210250831526096
121.93016038734173,10.513916087140815
121.98722934790833,10.80905365571832
122.04223197722624,11.096344009490544
122.09536433953924,11.3763816664929
122.14679440039659,11.649689663955643
121.92036771207404,11.91673104132312
121.97459376942447,12.219574852011789
122.02688738898125,12.515092505315483
122.07742339185509,12.63224539663766
122.12635298167754,12.329567556069158
122.17380785310573,12.019269881256223
122.21990344267185,11.70074616583373
122.26474152810977,11.373305288968222
122.30841232678262,11.03615356702109
122.35099620475427,10.688372089035452
122.16807662291004,10.688372089035452
122.2126788351326,10.688372089035452
122.25728104735519,10.688372089035452
122.30188325957776,10.688372089035452
122.34648547180035,10.688372089035452
122.39108768402292,10.688372089035452
122.4356898962455,10.688372089035452
122.48029210846808,10.688372089035452
122.52489432069065,10.688372089035452
122.56949653291323,14.666416987051848
122.39108768402289,14.666416987051848
122.45232466056336,10.688372089035452
122.51356163710382,10.688372089035452
122.57479861364429,10.688372089035452
122.63603559018475,10.688372089035452
122.69727256672522,10.688372089035452
122.75850954326567,10.688372089035452
122.81974651980615,10.688372089035452
122.8809834963466,10.688372089035452
122.94222047288707,10.688372089035452
122.69727256672525,10.688372089035452
122.75743440698746,11.006954112764522
122.81510957318535,11.316571025153136
122.8705569982218,11.617939606236867
122.92399561920692,11.911685926895444
122.9756122852078,12.198360650014848
123.02556779902032,12.478451164894718
123.07400159739267,12.75239132090503
123.12103542204471,13.020569316597705
123.1667762319261,13.283334154313717
122.96858460970111,13.541000966767157
123.0172776792738,13.541000966767157
123.0659707488465,13.541000966767157
123.11300770884048,13.809003363772348
123.15874652480825,14.07190252309058
123.20327999146481,14.329979320921924
123.24669086850125,14.583489776344239
123.28905329232872,14.832668026198922
123.33043394741274,15.07772885729514
123.37089304469917,15.318869873877691
123.19856006186274,15.556273362585411
123.2403073238052,15.78083479003778
123.28118508504075,16.002245230262186
123.32124025460519,16.22063371599369
123.36051589363294,16.436120706766957
123.39905162860015,16.64881886580534
123.43688401048462,16.85883374867248
123.47404682811033,17.06626441563473
123.51057138250857,17.271203977816445
123.54648672797029,17.473740085692157
123.39610747427977,17.67395536718669
123.43322523428272,17.83783504532217
123.46983956209792,18.000222773258674
123.50596832282852,18.161158571791525
123.54162840868439,18.320680703854133
123.57683580895525,18.478825780752132
123.61160567379962,18.63562886028282
123.64595237249291,18.791123537484992
123.67988954670196,18.945342028684493
123.7134301592859,19.09831524943118
123.57500893735673,19.250072886861293
123.60914550781692,19.250072886861293
123.64328207827711,19.250072886861293
123.6774186487373,19.250072886861293
123.71155521919749,19.250072886861293
123.74569178965768,19.197380481342652
123.77982836011788,19.010278078404145
123.81396493057807,18.82131578532889
123.84810150103826,18.630437009471564
123.88223807149845,18.43758222860864
123.74569178965768,18.292218698370608
123.77980650764056,18.14569071105681
123.81392122562342,17.997969825890014
123.84803594360629,17.849026425157245
123.88215066158916,17.69882964487414
123.91626537957202,17.547347300107496
123.94971124693141,17.394545804444103
123.9828622845878,17.240390083035187
124.0157253889023,17.084843478578676
124.04830720642083,16.92786764952534
123.91500574831632,16.92786764952534
123.94820757769816,16.92786764952534
123.9813478448178,16.92786764952534
124.0144268532717,16.92786764952534
124.04744490432275,16.92786764952534
124.08040229692443,16.92786764952534
124.11329932774458,16.92786764952534
124.14613629118875,16.92786764952534
124.17891347942336,16.92786764952534
124.21163118239852,18.9263904183048
124.08015077850357,18.714832258118555
124.1188969880279,16.92786764952534
124.15764319755223,16.92786764952534
124.19638940707657,16.92786764952534
124.2351356166009,16.92786764952534
124.27388182612523,16.92786764952534
124.31262803564957,16.92786764952534
124.3513742451739,16.92786764952534
124.39012045469823,16.927447649212695
124.42886666422257,16.690571473147696
124.27388182612523,16.41458980561737
124.3129389157136,16.133887965183845
124.35199600530198,15.848215144284557
124.39105309489035,15.55729750457825
124.43011018447872,15.260835102719081
124.46916727406709,14.958498267500286
124.50822436365547,14.649923303732184
124.54728145324384,14.334707363307476
124.58633854283221,14.012402277200286
124.62539563242059,13.682507078913352
124.46916727406708,13.334027847587521
124.50791995553823,12.976193483297212
124.5466726370094,12.608207485272862
124.58542531848055,12.229153473050214
124.6232331083024,11.837968294565654
124.66044808635075,11.43340684218257
124.69709469360764,11.013995219473848
124.73319582423558,10.577967166252613
124.76877295470986,10.123175788557852
124.80384625972792,9.646967747524064
124.6580723209776,9.646967747524064
124.69415610038715,9.646967747524064
124.73023987979671,9.646967747524064
124.76632365920626,9.31517230778568
124.80240743861582,8.944537820616652
124.83849121802538,8.557866470397057
124.87457499743493,8.152876806738265
124.91065877684449,7.726688936831561
124.94674255625405,7.275578576804719
124.9828263356636,6.794583528661951
124.83849121802535,6.794583528661951
124.90541067874483,6.794583528661951
124.9723301394643,6.794583528661951
125.03924960018378,6.794583528661951
125.10616906090326,6.794583528661951
125.17308852162273,6.794583528661951
125.24000798234219,6.794583528661951
125.30692744306167,6.794583528661951
125.37384690378114,6.794583528661951
125.44076636450062,9.646967747524064
125.17308852162273,9.646967747524064
125.26521770515345,6.794583528661951
125.35734688868416,6.794583528661951
125.44947607221488,6.794583528661951
125.5416052557456,6.794583528661951
125.63373443927631,6.794583528661951
125.72586362280703,6.794583528661951
125.81799280633774,6.794583528661951
125.91012198986846,6.794583528661951
126.00225117339917,6.794583528661951
125.63373443927631,6.794583528661951
125.73043466808565,6.794583528661951
125.82713489689499,6.794583528661951
125.9123609132065,7.286165278279379
125.99043603410506,7.746614976674892
126.06283173725832,8.181190789321777
126.13058653141243,8.59381881736654
126.19446318993198,8.987522517366115
126.25504010637145,9.364689003624342
126.31276743151115,9.72724212040815
126.04198676575074,10.076759320509852
126.10564765178772,10.367723189389787
126.16675347164046,10.65074128218967
126.2255629858911,10.926431054487455
126.28229602770372,11.19533390823143
126.33714100804646,11.457927694182965
126.39026069199542,11.714636689776315
126.44179670286259,11.965839648841273
126.49187307618884,12.21187635992563
126.54059909445853,12.45305303764659
126.3298472947202,12.689646791253391
126.38086369942557,12.920061242369288
126.43055654593608,13.146437894972866
126.47901415778215,13.368981866476748
126.52631595350122,13.587881474534198
126.57253361516743,13.803310102500605
126.61773207109306,14.015427806727873
126.66197032703977,14.224382708061764
126.70530217310703,14.430312201931464
126.74777678795388,14.633344015125788
126.5682578486745,14.833597132348693
126.61280734048287,14.833597132348693
126.65735683229124,14.833597132348693
126.70190632409961,14.833597132348693
126.74645581590798,14.833597132348693
126.79100530771635,14.833597132348693
126.83555479952472,14.833597132348693
126.88010429133308,14.833597132348693
126.92465378314145,14.833597132348693
126.96920327494982,14.833597132348693
126.79100530771635,14.833597132348693
126.83535085081513,14.833597132348693
126.87969639391393,14.833597132348693
126.92279419521466,15.07570698125979
126.9648986508624,15.313989620108373
127.00606934110493,15.54862100588888
127.04636041229861,15.779764012327647
127.08582122485404,16.00756975261181
127.12449690720646,16.23217873499162
127.1624288316975,16.453721876362685
127.00238078085958,16.67232139459523
127.04148100429988,16.86576815836256
127.0799217299548,17.057021148447784
127.11773192886565,17.034938809860343
127.15493862729728,16.81101453896258
127.19156707846358,16.584067034438096
127.2276409156913,16.353970434615
127.26318228937586,16.120589894597114
127.29821198974216,15.883780662150672
127.33274955713833,15.643387027649629
127.18924894588903,15.536338030094774
127.22475535619745,15.428546304623183
127.26026176650585,15.319996173708208
127.29576817681426,15.210671400400667
127.33127458712268,15.100555159976714
127.36678099743108,14.98963000971111
127.4022874077395,14.87787785662204
127.4377938180479,14.765279923018626
127.47330022835631,14.651816709665376
127.50880663866472,14.537467956358908
127.3667809974311,14.45340744214707
127.40758537592876,14.368855166479431
127.4483897544264,14.283802396484381
127.48919413292406,14.198240137720001
127.5299985114217,14.11215912307233
127.57080288991935,14.025549801040379
127.611607268417,13.938402323365974
127.65241164691464,13.850706531963063
127.6932160254123,13.762451945097375
127.73402040390995,13.673627742763248
127.57080288991938,13.574439118506405
127.61554310646221,13.47452036684086
127.66028332300503,13.373855122992072
127.70502353954787,13.272426401572304
127.74976375609069,13.17021656312172
127.79450397263352,13.067207278293933
127.83924418917634,12.963379489479978
127.88398440571918,12.858713369643262
127.92872462226201,12.753188278113617
127.97346483880483,12.646782713061327
127.79450397263355,12.646782713061327
127.84213558409374,12.646782713061327
127.88976719555393,12.646782713061327
127.9373988070141,12.646782713061327
127.9850304184743,12.646782713061327
128.0326620299345,12.646782713061327
128.08029364139466,12.646782713061327
128.12792525285485,12.646782713061327
128.17555686431504,12.646782713061327
128.22318847577523,13.759961577234142
128.0326620299345,13.759961577234142
128.084526051227,12.646782713061327
128.13639007251945,12.646782713061327
128.18825409381193,12.646782713061327
128.24011811510442,12.646782713061327
128.29198213639688,12.646782713061327
128.34384615768937,12.646782713061327
128.39571017898186,12.646782713061327
128.44757420027432,12.646782713061327
128.4994382215668,12.646782713061327
128.29198213639694,12.646782713061327
128.3439536401753,12.646782713061327
128.39592514395363,12.646782713061327
128.447896647732,12.646782713061327
128.4981135037878,12.839277245801147
128.5472552559354,13.028928098570017
128.59538212676418,13.215857694484592
128.6425491925988,13.400179916852906
128.68880695988292,13.582000920600331
128.7342018628812,13.761419847179598
128.54300135122156,13.938529456635978
128.59007292426224,13.938529456635978
128.63714449730293,13.938529456635978
128.6842160703436,13.938529456635978
128.73128764338432,13.938529456635978
128.778359216425,13.938529456635978
128.82543078946568,13.938529456635978
128.87250236250637,13.938529456635978
128.91957393554705,13.938529456635978
128.96664550858773,13.938529456635978
128.77835921642497,13.938529456635978
128.82569244070407,13.938529456635978
128.87193814625826,14.199034439592445
128.9169621046184,14.454845368247835
128.96084764391216,14.706207200470805
129.00366949714376,14.95334430240951
129.0454949562093,15.196462793348543
129.08638483818106,15.435752558033903
129.12639429933222,15.67138898234849
129.16557352480365,15.903534457449927
128.99948602964037,16.13233968903831
129.03987963582378,16.34173119411221
129.07951386577395,16.548473434088095
129.11842580113986,16.752664491859765
129.15664976330507,16.95439654351987
129.19421758303622,17.153756344690745
129.23115883795705,17.350825666553092
129.26750106234266,17.545681687789077
129.30326993301293,17.738397347768384
129.33848943451702,17.92904166556082
129.19159690866272,18.117680028732032
129.22798881535877,18.117680028732032
129.26438072205485,18.117680028732032
129.3007726287509,18.117680028732032
129.337164535447,18.117680028732032
129.37355644214304,18.117680028732032
129.40994834883912,18.117680028732032
129.44634025553518,18.117680028732032
129.48273216223123,18.117680028732032
129.5191240689273,18.117680028732032
129.37355644214298,18.117680028732032
129.40975252073198,18.117680028732032
129.44594859932099,18.117680028732032
129.48214467791,18.117680028732032
129.518340756499,18.117680028732032
129.55372390153326,18.26680889879778
129.58868694930942,18.41473011116047
129.62324308590163,18.561472538259522
129.6574048588652,18.70706392008763
129.69118421821676,18.851530925416288
129.55197016672093,18.994899208829963
129.58651369337585,19.11891411112053
129.6207248877838,19.242129757986728
129.65461216135844,19.364561406290434
129.68818359712358,19.486223833590422
129.72144696672905,19.60713135896177
129.75440974637786,19.727297862666756
129.78707913174716,19.846736804753842
129.81946205197843,19.965461242655163
129.85156518280488,20.08348384784771
129.720193142785,20.20081692163845
129.75271106307022,20.294864827154974
129.78500476441943,20.388478913431236
129.81707832973905,20.481665128948094
129.84893572684126,20.57442928747494
129.8805808127652,20.66677707230241
129.91201733789705,20.75871404030564
129.94324894990015,20.850245625846245
129.97435991871347,20.927960154321127
130.0058575584466,20.927960154321127
129.87986699951418,20.927960154321127
129.91124422047952,20.927960154321127
129.94262144144489,20.927960154321127
129.97399866241022,20.927960154321127
130.00537588337556,20.927960154321127
130.0367531043409,20.927960154321127
130.06813032530627,20.927960154321127
130.0995075462716,20.927960154321127
130.13088476723695,20.927960154321127
130.1622619882023,20.927960154321127
130.03675310434087,20.927960154321127
130.06817773497167,20.927960154321127
130.0996023656025,20.927960154321127
130.1310269962333,20.927960154321127
130.16245162686408,20.927960154321127
130.19387625749488,20.927960154321127
130.2253008881257,20.927960154321127
130.2567255187565,20.927960154321127
130.2881501493873,20.927960154321127
130.31957478001812,20.927960154321127
130.19387625749485,20.927960154321127
130.2253275529841,20.927960154321127
130.2567788484734,20.927960154321127
130.28823014396266,20.927960154321127
130.31968143945195,20.927960154321127
130.35113273494122,20.927960154321127
130.38258403043048,20.927960154321127
130.41403532591977,20.927960154321127
130.44548662140903,20.927960154321127
130.4769379168983,20.927960154321127
130.35113273494116,20.927960154321127
130.38257305002097,20.927960154321127
130.41401336510077,20.927960154321127
130.44545368018055,20.927960154321127
130.47689399526035,20.927960154321127
130.50833431034016,20.927960154321127
130.53977462541997,20.927960154321127
130.57121494049977,20.927960154321127
130.60265525557955,20.927960154321127
130.63409557065935,20.927960154321127
130.5083343103402,20.927960154321127
130.53977865291134,20.927960154321127
130.57122299548246,20.927960154321127
130.6026673380536,20.927960154321127
130.63411168062476,20.927960154321127
130.66555602319588,20.927960154321127
130.69700036576702,20.843743991226184
130.72844470833817,20.751906364394
130.75988905090932,20.659660499179903
130.79133339348044,20.567000902566537
130.66555602319593,20.47584850081413
130.69691541845495,20.38428849703643
130.72812884705948,20.292315373868284
130.759198108934,20.19992348833655
130.79012496954095,20.107107067819832
130.8209111607623,20.0138602058396
130.85155838175274,19.92017685767396
130.88206829976605,19.826050835784944
130.9124425509556,19.731475805049364
130.94268274114992,19.636445277783043
130.82033196300065,19.5719076731354
130.85080951947057,19.507156553021893
130.8812870759405,19.44218978413886
130.9117646324104,19.37700519742001
130.94224218888033,19.311600587191382
130.97271974535025,19.24597371030053
131.00319730182017,19.180122285218822
131.03367485829008,19.114043991115967
131.06415241476003,19.04773646690559
131.09462997122995,18.98119731026085
130.97271974535025,18.98119731026085
131.00482057762983,18.98119731026085
131.03692140990938,18.98119731026085
131.06902224218896,18.98119731026085
131.10112307446852,18.98119731026085
131.1332239067481,18.98119731026085
131.16532473902765,18.98119731026085
131.19742557130724,18.98119731026085
131.2295264035868,18.98119731026085
131.26162723586637,18.99763509728206
131.13322390674816,18.99763509728206
131.16785604776547,18.98119731026085
131.20248818878275,18.98119731026085
131.23712032980006,18.98119731026085
131.27175247081735,18.98119731026085
131.30638461183466,18.98119731026085
131.34101675285197,18.98119731026085
131.37564889386925,18.98119731026085
131.41028103488657,18.98119731026085
131.44491317590388,18.98119731026085
131.30638461183472,18.98119731026085
131.3410339063736,18.949756904699214
131.37568320091248,18.836238491944993
131.41033249545137,18.7220317888755
131.44498178999027,18.607124121741638
131.47963108452913,18.491502423008633
131.51428037906803,18.375153214010727
131.5489296736069,18.258062586610972
131.5835789681458,18.140216183795552
131.61822826268468,18.021599179125943
131.4796310845292,17.790643322121777
131.5142368235555,17.55664952822262
131.5486279840081,17.31949466637878
131.5828080830742,17.079047055986656
131.61678054861213,16.835165611970968
131.6505487221755,16.587698876709005
131.68411586191073,16.33648391993383
131.7174851453338,16.081345083920688
131.75065967199222,15.822092546500404
131.7836424660182,15.558520668492458
131.64971068900982,15.255881415208352
131.68295931588517,14.947115779236212
131.71597033629627,14.63183592311248
131.74874823292024,14.309611275079329
131.78129735755874,13.979961631094344
131.8136219362251,13.642348755616197
131.84572607398692,13.296166061419942
131.87761375957757,12.94072580251387
131.90928886978975,12.575243005955823
131.9407551736636,12.19881506630187
131.8127028664457,11.879013716477186
131.84430292439197,11.550361238103017
131.8757186288907,11.21207931585806
131.90697489750264,10.863268405020273
131.938314799365,10.502879523917775
131.9696547012274,10.129677001185712
132.00099460308977,9.742188358001
132.03233450495216,9.338635438713183
132.06367440681453,8.916837427676322
132.09501430867692,8.474070306884927
131.96965470122746,8.474070306884927
132.01893033431043,8.474070306884927
132.06820596739342,8.474070306884927
132.1174816004764,8.474070306884927
132.16675723355937,8.474070306884927
132.21603286664234,8.474070306884927
132.26530849972534,8.474070306884927
132.3145841328083,8.474070306884927
132.36385976589128,8.474070306884927
132.41313539897428,12.012091536986068
132.2160328666423,12.012091536986068
132.2929946264744,8.474070306884927
132.3699563863065,8.474070306884927
132.44691814613861,8.474070306884927
132.52387990597072,8.474070306884927
132.60084166580282,8.474070306884927
132.67780342563492,8.474070306884927
132.75476518546702,8.474070306884927
132.83172694529912,8.474070306884927
132.9086887051312,8.474070306884927
132.60084166580282,8.474070306884927
132.6783853988719,8.474070306884927
132.755929131941,8.474070306884927
132.8334728650101,8.474070306884927
132.9110165980792,8.474070306884927
132.98856033114828,8.474070306884927
133.0661040642174,8.474070306884927
133.1436477972865,8.474070306884927
133.20786414341794,8.830751998667074
133.26905366761775,9.173575865380753
132.98189657617203,9.504041637841766
133.04912716532075,9.858518561799647
133.11294503735917,10.200684732549396
133.17378117942147,10.531740112269413
133.23198669903906,10.852701533346561
133.28785159603618,11.16443958967135
133.34161831393763,11.46770648957058
133.39349172142477,11.76315743796951
133.44364659640655,12.051367295455549
133.4922333273987,12.332843730036222
133.27892067554194,12.608037723968467
133.330387950001,12.87705697883821
133.38029906518193,13.14056991243073
133.428774341572,13.398901403126807
133.47592011735134,13.652345585940436
133.5218308530357,13.90116977758279
133.56659085390922,14.145617779807822
133.61027569056284,14.385912677326004
133.6529533788567,14.622259221709992
133.69468536658712,14.854845873792053
133.51699310990844,15.083846562510194
133.5605244352329,15.083846562510194
133.60405576055737,15.083846562510194
133.64758708588184,15.083846562510194
133.6911184112063,15.083846562510194
133.73464973653077,15.083846562510194
133.77818106185524,15.083846562510194
133.8217123871797,15.083846562510194
133.86524371250414,15.083846562510194
133.9087750378286,15.083846562510194
133.73464973653077,15.083846562510194
133.77833774635386,15.083846562510194
133.8220257561769,15.083846562510194
133.86452993021456,15.320814580288635
133.90608904692112,15.554172806222102
133.94675783413737,15.784081346979098
133.9865861961731,16.01068881248673
134.02561977014244,16.234133439531718
134.06390040418324,16.45454407799731
134.10146657035654,16.67204105972003
133.94323513990747,16.886736966602662
133.98183191022846,17.073643611883856
134.01980678669685,17.258526211470663
134.05718589401974,17.4414491312625
134.09399367825728,17.62247339634295
134.13025304883368,17.80165692881459
134.16598550582933,17.97905476429754
134.201211254345,18.154719249385476
134.2359493074803,18.328700222067162
134.270217579259,18.50104517687588
134.12805125450535,18.671799416317644
134.16340220225862,18.545623661121386
134.1987531500119,18.32268436639776
134.23410409776517,18.09699886172645
134.26945504551844,17.868463090372938
134.30480599327174,17.636966253375654
134.34015694102501,17.402390181621694
134.3755078887783,17.164608630670692
134.41085883653156,16.923486486382956
134.44620978428483,16.678878867162446
134.3048059932717,16.404824319495237
134.33995321768123,16.12611303574195
134.37510044209077,15.842499245054452
134.41024766650028,15.553714765854982
134.44539489090982,15.25946603605774
134.48054211531934,14.959430617293695
134.51488396509382,14.65325305458308
134.548873584328,14.340539939962955
134.58252055192236,14.020853984607962
134.6158340439323,13.693706844595491
134.4790305895575,13.342552947948514
134.51310714869697,12.981903989473103
134.54688260247514,12.610945373562831
134.5803639581519,12.228738906284402
134.61355797119046,11.83419482944074
134.6464711572779,11.426035151540978
134.6791098036365,11.00274471699395
134.71147997967552,10.562504595522144
134.74358754702885,10.103099294449926
134.77543816902036,9.621784001764057
134.64532618152688,9.621784001764057
134.6771967808802,9.621784001764057
134.70886596211605,9.621784001764057
134.74033708961463,9.451440584980897
134.7716134406937,9.135637906474868
134.80269820861164,8.808520351626424
134.8337860553888,8.468776866337507
134.8650331142696,8.114821774913466
134.89628017315042,7.744706790150688
134.92752723203122,7.355993073148084
134.80253899650802,7.355993073148084
134.8687459591003,7.355993073148084
134.93495292169257,7.355993073148084
135.00115988428485,7.355993073148084
135.06736684687712,7.355993073148084
135.1335738094694,7.355993073148084
135.19978077206167,7.355993073148084
135.26598773465395,7.355993073148084
135.33219469724622,7.355993073148084
135.39840165983853,9.621784001764057
135.1335738094694,9.621784001764057
135.22269687848564,7.355993073148084
135.31181994750185,7.355993073148084
135.40094301651808,7.355993073148084
135.4900660855343,7.355993073148084
135.57918915455053,7.355993073148084
135.66831222356674,7.355993073148084
135.75743529258298,7.355993073148084
135.8465583615992,7.355993073148084
135.93568143061543,7.355993073148084
135.5791891545506,7.355993073148084
135.6684007119211,7.355993073148084
135.75761226929163,7.355993073148084
135.84682382666213,7.355993073148084
135.93603538403264,7.355993073148084
136.02524694140317,7.355993073148084
136.11445849877367,7.355993073148084
136.1836945413342,7.822094517200509
136.2485773528949,8.261942336995213
136.3098310349308,8.679528773133343
136.0065519056365,9.077926429943417
136.07698447731636,9.46924378315017
136.14334349946782,9.845019420092122
136.20620969022897,10.20697001755437
136.2660432135931,10.5565177258657
136.32321519757292,10.894856403541059
136.3780295589475,11.22299984901731
136.43073850584958,11.541817671766674
136.4815537970537,11.852062467164451
136.53065508090157,12.154390740914627
136.3131303970874,12.449379255211644
136.36507691086027,12.739519277232729
136.4153165597593,13.023196957347862
136.46399225345604,13.30082578506932
136.51122897453308,13.572776950191699
136.55713668297204,13.839385163891686
136.6018126544004,14.100953488662945
136.64534337951702,14.357757375869188
136.68780611991636,14.610048064233613
136.72927019229098,14.858055458710153
136.55195122538228,15.03636709782264
136.59568200502085,14.721519978194802
136.6394127846594,14.399790465013515
136.68314356429798,14.07070646428955
136.72687434393654,13.73373930770878
136.77060512357508,13.388293780015836
136.81433590321365,13.033695765511645
136.8580666828522,12.669176779721
136.90179746249078,12.293854368900233
136.94552824212934,11.906706942376339
136.7706051235751,11.520416917013566
136.8141140568196,11.120716778696949
136.85762299006407,10.706104679208556
136.89995971196595,10.274775575765673
136.94136027203425,9.824527920593962
136.98187859193868,9.352629822285804
137.02156386573034,8.855620832154532
137.06046110233683,8.329006906772786
137.09861159226284,7.766768426008871
137.13605331085176,7.160518662319639
136.97838704812972,7.160518662319639
137.01757566299517,7.160518662319639
137.0567642778606,7.160518662319639
137.09595289272605,7.160518662319639
137.13514150759147,7.160518662319639
137.17433012245692,7.160518662319639
137.21351873732237,7.160518662319639
137.2527073521878,7.160518662319639
137.29189596705325,7.160518662319639
137.33108458191867,16.531343598585316
137.17433012245698,16.531343598585316
137.26605605365683,7.160518662319639
137.3577819848567,7.160518662319639
137.44950791605655,7.160518662319639
137.5412338472564,7.160518662319639
137.63295977845627,7.160518662319639
137.72468570965611,7.160518662319639
137.81641164085596,7.160518662319639
137.9081375720558,7.160518662319639
137.99986350325568,7.160518662319639
137.6329597784562,7.160518662319639
137.7244811169307,7.160518662319639
137.81600245540517,7.160518662319639
137.90752379387968,7.160518662319639
137.99904513235415,7.160518662319639
138.09056647082863,7.160518662319639
138.1820878093031,7.160518662319639
138.2519160570305,7.64253705269481
138.31722226555652,8.095907465516039
138.37878126990464,8.525201626858076
138.07039780221203,8.933890970174689
138.14168655196474,9.325778792691855
138.20878739867524,9.701849942844584
138.2723060301408,10.063877708752516
138.33272069676033,10.413326882412656
138.39041595097206,10.751424044433854
138.44570588661205,11.079208509928979
138.49885057102907,11.397570066892985
138.55006793204987,11.707277465448032
138.59954253105352,12.009000286295262
138.38012042804453,12.303325977128786
138.4326820811589,12.589426847461535
138.48352025477217,12.869168838572238
138.53277896237552,13.142957994446004
138.58058418639249,13.411158901894556
138.62704679415356,13.674100385032972
138.672264886394,13.932080231898329
138.71632570575605,14.185369146981882
138.75930720061274,14.434214079202196
138.80127931630523,14.348445748903057
138.6218077346644,14.112593411304427
138.66585448537506,13.872731893047314
138.70990123608576,13.628649513431291
138.75394798679642,13.380115281399103
138.7979947375071,13.126876335484718
138.84204148821777,12.868654930127217
138.88608823892847,12.605144866056335
138.93013498963913,12.336007234022087
138.97418174034982,12.06086530317888
139.01822849106048,11.779298334153992
138.84204148821772,11.76371330131606
138.88605271685844,11.7455359724205
138.93006394549917,11.727330468750662
138.9734376458502,11.70909665888668
139.01628523250164,11.69083441038384
139.05862350350165,11.672543589761338
139.10046843102924,11.654224062490911
139.14183521515318,11.635875692985282
139.18273833328206,11.617498344586469
139.22319158571239,11.599091879553889
139.05656414254616,11.599091879553889
139.11202208576873,11.599091879553889
139.1674800289913,11.599091879553889
139.22293797221386,11.599091879553889
139.27839591543642,11.599091879553889
139.33385385865898,11.599091879553889
139.38931180188155,11.599091879553889
139.4447697451041,11.599091879553889
139.5002276883267,11.599091879553889
139.55568563154927,11.779298334153992
139.33385385865898,11.779298334153992
139.3904930034504,11.599091879553889
139.44713214824182,11.599091879553889
139.50377129303322,11.599091879553889
139.56041043782463,11.599091879553889
139.61704958261606,11.599091879553889
139.67368872740747,11.599091879553889
139.73032787219887,11.599091879553889
139.78696701699027,11.599091879553889
139.8436061617817,11.599091879553889
139.617049582616,11.599091879553889
139.67410573269865,11.599091879553889
139.73116188278127,11.599091879553889
139.7882180328639,11.599091879553889
139.84527418294653,11.599091879553889
139.90233033302917,11.599091879553889
139.95938648311179,11.599091879553889
140.01644263319443,11.599091879553889
140.07349878327705,11.599091879553889
140.1305549333597,11.599091879553889
139.90195132752777,11.911437524071294
139.9558607886013,12.212501315880157
140.00785886250733,12.506319718082354
140.05811762878542,12.793391942382462
140.10678602746384,13.074162378215188
140.15399386656284,13.349028668500877
140.19985499658978,13.618348317361372
140.24446985141415,13.882444143359637
140.28792750143114,14.14160881562
140.33030732720763,14.396108654582399
140.1483162308236,14.6461868380498
140.19333318325303,14.6461868380498
140.23835013568248,14.6461868380498
140.2833670881119,14.6461868380498
140.32838404054132,14.6461868380498
140.37340099297074,14.6461868380498
140.4184179454002,14.6461868380498
140.46343489782961,14.6461868380498
140.50845185025904,14.6461868380498
140.55346880268846,14.6461868380498
140.37340099297072,14.6461868380498
140.41831241852466,14.6461868380498
140.4632238440786,14.6461868380498
140.50683535266802,14.892202775068702
140.54941418099273,15.134220101890437
140.59102392120602,15.372427677213683
140.63172221515694,15.546624114289365
140.6715614818164,15.258475671846401
140.71058953661142,14.964779928407019
140.74885012137702,14.665203605234352
140.58720059105895,14.380966316562546
140.62663720544344,14.09099668629705
140.6653868899473,13.7949332375464
140.7034807839999,13.492374825933732
140.74094787147712,13.182874263931147
140.77781517684704,12.865930563847527
140.81410793948092,12.540979415056622
140.8498497689796,12.207381377838647
140.88506278394053,11.864407086708113
140.91976773623747,11.511218481735876
140.77541328839774,11.1752751422141
140.8111208207492,10.828914907511239
140.84682835310068,10.471104127266138
140.88253588545217,10.100625981293472
140.91824341780364,9.716031534732249
140.9539509501551,9.315572572517604
140.98965848250657,8.89710716602723
141.02536601485807,8.457963081836184
141.06107354720953,7.99473345794809
141.096781079561,7.50295852537953
140.95395095015508,7.50295852537953
141.00948279705185,7.50295852537953
141.06501464394862,7.50295852537953
141.12054649084538,7.50295852537953
141.17607833774215,7.50295852537953
141.23161018463892,7.50295852537953
141.2871420315357,7.50295852537953
141.34267387843246,7.50295852537953
141.39820572532923,7.50295852537953
141.453737572226,11.58296615786899
141.23161018463892,11.58296615786899
141.31785016318443,7.50295852537953
141.40409014172997,7.50295852537953
141.49033012027547,7.50295852537953
141.576570098821,7.50295852537953
141.66281007736652,7.50295852537953
141.74905005591202,7.50295852537953
141.83529003445756,7.50295852537953
141.92153001300306,7.50295852537953
142.0077699915486,7.50295852537953
141.66281007736646,7.50295852537953
141.75050583619563,7.50295852537953
141.83820159502483,7.50295852537953
141.91778421112656,7.920044434311015
141.99193231788215,8.316238395413903
142.06156932406708,8.694396946151695
142.127391011659,9.05677953055872
142.18993569834416,9.405209868633605
142.24962915998424,9.741185240048484
142.30681450122054,10.065952865418847
142.0448449914624,10.380564738815004
142.10676014371685,10.703078879696298
142.16601622349953,11.016154987711117
142.2229003074994,11.320576130283472
142.27765358259236,11.617022730881407
142.33048071986326,11.90609047244673
142.38155696670816,12.188304375357479
142.43103359252893,12.464130003920442
142.47904212638062,12.733982486359142
142.52569769464262,12.998233848149253
142.32306597218582,13.257219028870436
142.3727192516875,13.257219028870436
142.42237253118918,13.257219028870436
142.4720258106909,13.257219028870436
142.52167909019258,13.257219028870436
142.57133236969426,13.257219028870436
142.62098564919594,13.257219028870436
142.67063892869766,13.257219028870436
142.72029220819934,13.257219028870436
142.76994548770102,13.257219028870436
142.57133236969423,13.257219028870436
142.62095630786803,13.257219028870436
142.66932610899445,13.530220071887648
142.71629620612472,13.79782062530088
142.7619708513858,14.060329043882483
142.80644258826968,14.318025409829122
142.84979395856467,14.571165034093168
142.89209890857455,14.819981419186943
142.93342395600658,15.064688781362632
142.97382916479083,15.305484209706666
142.8017320589089,15.542549524059654
142.84371812308348,15.768566267331702
142.88482351547108,15.99138888735483
142.92509607478445,16.21114909455834
142.96457968929693,16.427969788911344
143.00331472386458,16.641965863586194
143.0413383907065,16.853244916755717
143.07868507259454,16.80590224604766
143.11538660559162,16.554838804704847
143.15147252726248,16.2999087542174
143.00033684470674,16.014405701250872
143.03749544413526,15.72371948785337
143.0741494378357,15.427557133297002
143.1103167541564,15.12559696903188
143.1460143439517,14.817484544889188
143.18125825096755,14.502827752079021
143.2160636759998,14.18119097166796
143.25044503547306,13.85208799940862
143.28441601501223,13.514973418834522
143.31798961851067,13.169231985208825
143.17942741834761,12.937271364824403
143.21338146573234,12.701075137718218
143.2473355131171,12.460402438959274
143.28128956050182,12.214988670796238
143.31524360788654,11.964542093809474
143.3491976552713,11.708739761451577
143.38315170265602,11.447222636441358
143.41710575004075,11.179589678298292
143.45105979742547,10.905390623997473
143.48501384481023,10.624117090320041
143.34919765527124,10.621658556353992
143.39655196978904,10.619199453193522
143.44390628430685,10.61673978044311
143.49126059882468,10.614279537706778
143.53861491334249,10.61181872458809
143.5859692278603,10.609357340690151
143.6333235423781,10.6068953856156
143.6806778568959,10.604432858966625
143.7280321714137,10.601969760344945
143.77538648593153,10.599506089351816
143.58596922786026,10.599506089351816
143.64732085537102,10.599506089351816
143.70867248288178,10.599506089351816
143.77002411039254,10.599506089351816
143.8313757379033,10.599506089351816
143.89272736541406,10.599506089351816
143.95407899292482,10.599506089351816
144.01543062043558,10.599506089351816
144.07678224794634,10.599506089351816
144.1381338754571,10.655196012318315
143.89272736541406,10.655196012318315
143.95444404668345,10.599506089351816
144.01616072795287,10.599506089351816
144.07787740922225,10.599506089351816
144.13959409049167,10.599506089351816
144.20131077176106,10.599506089351816
144.26302745303047,10.599506089351816
144.32474413429986,10.599506089351816
144.38646081556928,10.599506089351816
144.44817749683867,10.599506089351816
144.201310771761,10.599506089351816
144.2634819618415,10.599506089351816
144.325653151922,10.599506089351816
144.38782434200255,10.599506089351816
144.44661374622783,10.861737362062152
144.5034374139833,11.117785197899247
144.55846558474025,11.368067421107172
144.61184628735785,11.612956818788616
144.66370908969128,11.852787657730973
144.71416808621072,12.08786103673724
144.49584586782476,12.318449319118088
144.54809415003587,12.610258711646201
144.59859913955117,12.895466487165834
144.64750894842956,13.17450139734272
144.69495284646555,13.447747700472132
144.74104435538794,13.715551369249498
144.78588373195336,13.97822522745609
144.829559979183,14.23605323312813
144.87215248937,14.489294075400153
144.91373239690054,14.738184214834407
144.7357715810975,14.982940468992133
144.7797868887824,14.982940468992133
144.82380219646734,14.982940468992133
144.86781750415224,14.982940468992133
144.91183281183717,14.982940468992133
144.95584811952207,14.982940468992133
144.999863427207,14.982940468992133
145.0438787348919,14.982940468992133
145.08789404257683,14.982940468992133
145.13190935026174,14.982940468992133
144.95584811952202,14.982940468992133
144.99975817704248,14.982940468992133
145.04366823456294,14.982940468992133
145.08637096396401,15.221831449553491
145.12811089356768,15.45703077113678
145.16894454298884,15.688704466625754
145.20892338388637,15.917006484335442
145.2480944297493,16.142079884687416
145.28650074182292,16.364057888704856
145.32418186508,16.583064800154922
145.1653609765877,16.799216819464853
145.2042100572629,16.989032489640003
145.24242051678343,17.176750685758247
145.2800197128647,17.36243943999083
145.3170332113446,17.546163184411625
145.35348494064476,17.727983012194443
145.3893973299259,17.90795691493889
145.4247914329567,18.086139998738272
145.45968703943095,18.26258468127152
145.49410277522801,18.43734087191713
145.35123097592648,18.61045613664315
145.38659771538354,18.61045613664315
145.42196445484063,18.61045613664315
145.4573311942977,18.61045613664315
145.49269793375478,18.61045613664315
145.52806467321184,18.61045613664315
145.5634314126689,18.61045613664315
145.598798152126,18.61045613664315
145.63416489158305,18.61045613664315
145.66953163104014,18.61045613664315
145.5280646732118,18.61045613664315
145.56325249133843,18.61045613664315
145.59844030946505,18.61045613664315
145.6336281275917,18.61045613664315
145.6688159457183,18.61045613664315
145.70400376384495,18.61045613664315
145.73837346754465,18.744514114738983
145.77238565469636,18.87762011434119
145.80605018510522,19.009794132633566
145.8393764981283,19.141055476353433
145.7024688627783,19.271422794712645
145.73677505025236,19.388996170075092
145.77077246551494,19.505860873947682
145.8044684262076,19.62202956843199
145.83786998225096,19.737514542997445
145.87098392885488,19.852327729655585
145.9038168187471,19.966480717348976
145.93637497367627,20.079984765603903
145.96866449524077,20.192850817492346
146.0006912750889,20.305089511945464
145.86981173486922,20.41671119545786
145.90180826338914,20.50498063676036
145.9335997284189,20.59287172273698
145.9651896030623,20.680389277387487
145.99658126930296,20.76753802306538
146.02777802119041,20.85432258345136
146.0588404367455,20.927960154321127
146.0901565016314,20.927960154321127
146.12147256651735,20.927960154321127
146.15278863140327,20.927960154321127
146.0275243718595,20.927960154321127
146.05896770715947,20.927960154321127
146.09041104245946,20.927960154321127
146.12185437775943,20.927960154321127
146.1532977130594,20.927960154321127
146.18474104835937,20.927960154321127
146.21618438365937,20.927960154321127
146.24762771895934,20.927960154321127
146.2790710542593,20.927960154321127
146.31051438955927,20.927960154321127
146.18474104835934,20.927960154321127
146.21616061815178,20.927960154321127
146.24758018794418,20.927960154321127
146.2789997577366,20.927960154321127
146.31041932752902,20.927960154321127
146.34183889732145,20.927960154321127
146.37325846711389,20.927960154321127
146.4046780369063,20.927960154321127
146.43609760669872,20.927960154321127
146.46751717649116,20.927960154321127
146.3418388973215,20.927960154321127
146.3733613065079,20.927960154321127
146.40488371569424,20.927960154321127
146.43640612488062,20.927960154321127
146.467928534067,20.927960154321127
146.49945094325338,20.927960154321127
146.53097335243973,20.927960154321127
146.5624957616261,20.927960154321127
146.5940181708125,20.927960154321127
146.62554057999884,20.927960154321127
146.4994509432534,20.927960154321127
146.5310720790058,20.927960154321127
146.56269321475818,20.927960154321127
146.5943143505106,20.927960154321127
146.62593548626296,20.927960154321127
146.65755662201536,20.927960154321127
146.68917775776774,20.927960154321127
146.72079889352014,20.927960154321127
146.75242002927254,20.927960154321127
146.78404116502492,20.927960154321127
146.65755662201542,20.927960154321127
146.68876301334825,20.927960154321127
146.7199694046811,20.927960154321127
146.75117579601394,20.927960154321127
146.7823821873468,20.927960154321127
146.81358857867963,20.927960154321127
146.8447949700125,20.927960154321127
146.87600136134532,20.927960154321127
146.90720775267818,20.927960154321127
146.938414144011,20.927960154321127
146.81358857867957,20.927960154321127
146.84509666913368,20.927960154321127
146.87660475958776,20.927960154321127
146.90811285004187,20.927960154321127
146.93962094049598,20.927960154321127
146.9711290309501,20.927960154321127
147.00263712140418,20.927960154321127
147.0341452118583,20.927960154321127
147.0656533023124,20.927960154321127
147.0971613927665,20.927960154321127
146.97112903095012,20.927960154321127
147.00252943877882,20.927960154321127
147.03392984660752,20.927960154321127
147.0653302544362,20.927960154321127
147.0967306622649,20.927960154321127
147.1281310700936,20.927960154321127
147.1595314779223,20.927960154321127
147.19093188575098,20.927960154321127
147.22233229357965,20.927960154321127
147.25373270140835,20.865424331840046
147.12813107009362,20.735149686806466
147.15956703419607,20.604051361826823
147.19100299829856,20.472113532982515
147.22243896240101,20.339319863108837
147.25387492650347,20.205653478182327
147.28531089060593,20.071096942292648
147.3167468547084,19.935632231094075
147.34818281881087,19.79924070362206
147.37961878291333,19.66190307235015
147.41105474701578,19.52359937135107
147.2853108906059,19.410799560918033
147.31665958860793,19.29734040678278
147.34786377994382,19.18321020987799
147.3789252294253,19.068396921017843
147.40984566839697,18.952888126050823
147.44062679558388,18.836671030193042
147.47127027791277,18.719732441486162
147.50177775130746,18.602058753319355
147.53215082145957,18.483635925949766
147.56239106457525,18.364449466950454
147.44005312457713,18.25484291114851
147.4714097810871,18.14457426332294
147.50276643759705,18.033631378171552
147.534123094107,17.922001734468882
147.565479750617,17.809672418571818
147.59683640712694,17.696630106982795
147.6281930636369,17.582861047904064
147.65954972014686,17.46835104171067
147.6909063766568,17.353085420263636
147.72226303316677,17.237049024978106
147.59683640712691,17.133606983083983
147.63044370918354,17.029536617655513
147.66405101124013,16.924826338056047
147.69765831329676,16.81946419285232
147.73126561535335,16.713437853892504
147.76487291740997,16.606734599469352
147.79848021946657,16.49934129650327
147.8320875215232,16.391244381674746
147.8656948235798,16.282429841429366
147.8993021256364,16.172883190771987
147.76487291741003,16.172883190771987
147.80132533976692,16.172883190771987
147.8377777621238,16.172883190771987
147.87423018448067,16.172883190771987
147.91068260683755,16.172883190771987
147.94713502919444,16.172883190771987
147.98358745155133,16.172883190771987
148.02003987390822,16.172883190771987
148.05649229626508,16.172883190771987
148.09294471862196,16.325945531384733
147.94713502919447,16.325945531384733
147.98775720541872,16.172883190771987
148.02837938164294,16.172883190771987
148.06900155786718,16.172883190771987
148.1096237340914,16.172883190771987
148.15024591031565,16.172883190771987
148.1908680865399,16.172883190771987
148.2314902627641,16.172883190771987
148.27211243898836,16.172883190771987
148.31273461521258,16.172883190771987
148.1502459103157,16.172883190771987
148.19087453941532,16.172883190771987
148.2315031685149,16.172883190771987
148.27213179761452,16.172883190771987
148.3127604267141,16.172883190771987
148.35338905581372,16.172883190771987
148.3940176849133,16.172883190771987
148.43464631401292,16.172883190771987
148.4752749431125,16.172883190771987
148.51590357221212,16.172883190771987
148.35338905581378,16.172883190771987
148.39400805666102,16.172883190771987
148.43462705750827,16.172883190771987
148.4752460583555,16.172883190771987
148.51494883019345,16.336568698845173
148.5540741307627,16.4986303371468
148.59264406749668,16.659115497275167
148.63067944704028,16.818069309563636
148.66819987634094,16.975534791311258
148.70522385409066,17.131552982749458
148.5517537665955,17.286163071962633
148.58959908918354,17.45995053012049
148.62688902807975,17.63202516099682
148.66364487491708,17.80243663215221
148.69988667050006,17.971232256180016
148.73563330172206,18.13845714412709
148.7709025892666,18.30415434629814
148.80571136712393,18.46836498168896
148.84007555482108,18.63112835715124
148.87401022315123,18.792482077267373
148.73363955665485,18.952462145805363
148.76835643050032,18.952462145805363
148.80307330434576,18.952462145805363
148.83779017819123,18.952462145805363
148.8725070520367,18.952462145805363
148.90722392588214,18.952462145805363
148.9419407997276,18.952462145805363
148.97665767357307,18.952462145805363
149.01137454741854,18.952462145805363
149.04609142126398,18.952462145805363
148.9072239258822,18.952462145805363
148.94193660226136,18.856539622286135
148.97664927864054,18.706595409716318
149.0113619550197,18.55543955606528
149.04607463139888,18.403042205428008
149.08078730777805,18.249372255251327
149.114761099193,18.09439728221721
149.1484104855521,17.938083462362467
149.18174368323096,17.78039548487756
149.2147685865659,17.621296458962
149.07939821922815,17.570257309924454
149.11290739596495,17.5190694667063
149.14622891137637,17.467731622097013
149.17936554596264,17.41624244961969
149.2123200163379,17.364600603131127
149.2450949771885,17.312804716411172
149.27769302315664,17.260853402741013
149.31011669065322,17.208745254469978
149.34236845960237,17.156478842570525
149.37445075512142,17.104052716180956
149.24435754862083,17.104052716180956
149.28098408209314,17.104052716180956
149.31761061556543,17.104052716180956
149.35423714903774,17.104052716180956
149.39086368251003,17.104052716180956
149.42749021598235,17.104052716180956
149.46411674945463,17.104052716180956
149.50074328292695,17.104052716180956
149.53736981639926,17.104052716180956
149.57399634987155,17.77321522280204
149.4274902159824,17.77321522280204
149.4659139888904,17.104052716180956
149.50433776179838,17.104052716180956
149.5427615347064,17.104052716180956
149.58118530761436,17.104052716180956
149.61960908052237,17.104052716180956
149.65803285343034,17.104052716180956
149.69645662633835,17.104052716180956
149.73488039924632,17.104052716180956
149.77330417215433,17.104052716180956
149.61960908052242,17.104052716180956
149.6580512556838,17.104052716180956
149.69649343084518,17.104052716180956
149.73493560600656,17.104052716180956
149.77337778116794,17.104052716180956
149.81181995632932,17.104052716180956
149.8502621314907,17.104052716180956
149.88870430665207,17.104052716180956
149.92714648181345,17.104052716180956
149.96558865697486,17.104052716180956
149.81181995632932,17.104052716180956
149.850279779961,17.104052716180956
149.8887396035927,17.104052716180956
149.9271994272244,17.104052716180956
149.9656592508561,17.104052716180956
150.0033267985005,17.23310080697771
150.0405830705512,17.361189692213333
150.07743994667555,17.488340448269327
150.11390877663123,17.61457339080716
150.1500004116291,17.73990811266198
150.0016104033031,17.541955409738872
150.0382086920834,17.290586071559016
150.07433459373271,17.035508028782534
150.11000407573542,16.776552115957497
150.14523227660675,16.51353590240932
150.18003356277805,16.246262188604653
150.2144215806811,15.974517276012097
150.24840930450952,15.698068967307181
150.28200908008031,15.416664243702542
150.31523266517016,15.130026553307172
150.17830833492883,14.86642861746716
150.21225029922522,14.598071659390934
150.2461922635216,14.324688216752891
150.280134227818,14.045984794297818
150.31407619211438,13.761638171966004
150.34801815641077,13.471291011279437
150.38196012070716,13.174546589732962
150.41590208500358,12.8709624418499
150.44984404929997,12.560042615929971
150.48378601359636,12.241228159316503
150.34801815641077,12.205293573878404
150.38322676509705,12.062697753721064
150.41843537378332,11.918395989842637
150.4536439824696,11.772325549515136
150.48885259115588,11.624419758286285
150.52406119984215,11.47460764426855
150.55926980852843,11.322813540060437
150.59447841721467,11.168956635964063
150.62968702590095,11.012950477011845
150.66489563458723,10.854702394915538
150.52406119984215,10.854702394915538
150.57744222554322,10.854702394915538
150.6308232512443,10.854702394915538
150.68420427694534,10.854702394915538
150.7375853026464,10.854702394915538
150.79096632834748,10.854702394915538
150.84434735404855,10.854702394915538
150.8977283797496,10.854702394915538
150.95110940545067,10.854702394915538
151.00449043115174,12.241228159316503
150.7909663283475,12.241228159316503
150.85135742919704,10.854702394915538
150.91174853004657,10.854702394915538
150.97213963089612,10.854702394915538
151.03253073174565,10.854702394915538
151.09292183259518,10.854702394915538
151.1533129334447,10.854702394915538
151.21370403429424,10.854702394915538
151.2740951351438,10.854702394915538
151.33448623599332,10.854702394915538
151.09292183259515,10.854702394915538
151.15327729911263,10.854702394915538
151.21363276563014,10.854702394915538
151.27398823214762,10.854702394915538
151.33174706841953,11.066070459459725
151.3879519082837,11.273476249377083
151.44271163397607,11.47713457605213
151.4961235570119,11.677241515373115
151.54827502018446,11.873976618635202
151.5992447307967,12.067504798898469
151.38187357666817,12.257977949196174
151.43516773889667,12.312797880107414
151.48810873033162,12.367374817226798
151.54086927736014,12.395630379883476
151.59374831764794,12.395630379883476
151.64662735793573,12.395630379883476
151.69950639822352,12.395630379883476
151.7523854385113,12.395630379883476
151.80526447879913,12.395630379883476
151.85814351908692,12.395630379883476
151.64662735793573,12.395630379883476
151.69930234610305,12.465015943481259
151.75154175590438,12.534017409745122
151.80336610172398,12.600861645569099
151.85540060472258,12.600861645569099
151.9074351077212,12.600861645569099
151.9594696107198,12.600861645569099
152.0115041137184,12.600861645569099
152.06353861671698,12.600861645569099
152.11557311971558,12.600861645569099
151.90743510772117,12.600861645569099
151.95893669327236,12.85359628932738
152.008969649552,13.101456442977884
152.05764132143491,13.344713720626713
152.10504723674592,13.583615411359341
152.15127279447293,13.81838742407938
152.19639466147947,14.049236789242014
152.24048193605398,14.27635379634546
152.28359712347054,14.499913829973732
152.3257969588573,14.72007895477805
152.1466368587041,14.936999290123024
152.19080040294628,14.936999290123024
152.23496394718845,14.936999290123024
152.2791274914306,14.936999290123024
152.32329103567275,14.936999290123024
152.36745457991492,14.936999290123024
152.4116181241571,14.936999290123024
152.45578166839925,14.936999290123024
152.4999452126414,14.936999290123024
152.54410875688356,14.936999290123024
152.36745457991495,14.936999290123024
152.41137839561222,14.936999290123024
152.45530221130952,14.936999290123024
152.49801295332574,15.176231920870615
152.53975662553236,15.411751452673009
152.5805902336219,15.643725590852227
152.62056567135835,15.872309784174488
152.65973032018545,16.097648443413018
152.69812756325166,16.319876008433212
152.7357972280962,16.53911788619787
152.57699239239767,16.7554912782785
152.61596463371123,16.920350747708394
152.6543768313411,17.083619372793486
152.69225001856685,17.24534233709189
152.72960401769294,17.405562724959594
152.76645753203826,17.56432165560378
152.80282822934748,17.721658406326455
152.83873281756442,17.87761052600515
152.87418711379124,18.032213939739595
152.90920610715438,18.185503045490606
152.76444111311778,18.337510803447593
152.8003429072073,18.337510803447593
152.83624470129683,18.337510803447593
152.87214649538635,18.337510803447593
152.9080482894759,18.337510803447593
152.9439500835654,18.337510803447593
152.97985187765494,18.337510803447593
153.01575367174445,18.337510803447593
153.051655465834,18.337510803447593
153.0875572599235,18.337510803447593
152.94395008356534,18.337510803447593
152.97984085719108,18.337510803447593
153.01573163081682,18.337510803447593
153.05162240444253,18.337510803447593
153.08751317806826,18.337510803447593
153.12264035692064,18.48043520805599
153.15737179835267,18.62226271138268
153.1917192938825,18.763018187497238
153.22569409265233,18.90272558434234
153.25930693451656,19.041407971301616
153.12098863343437,19.17908758367162
153.15498090234033,19.2973905314673
153.18866390020153,19.414972626964506
153.2220450351064,19.531846888801834
153.25513144124116,19.648025948410563
153.28792999233983,19.763522065948465
153.32044731431785,19.87834714540041
153.35268979714849,19.99251274889842
153.38466360603573,20.10603011030976
153.41637469193287,20.21891014813854
153.28675705579107,20.331163477782493
153.3191725048033,20.42233507184233
153.35137256629375,20.51310145280049
153.3833610211115,20.603467976026995
153.41514154733028,20.69343987995844
153.44671772397038,20.783022289641586
153.4780930345537,20.872220220140054
153.50944539045742,20.927960154321127
153.5410423300918,20.927960154321127
153.57263926972618,20.927960154321127
153.44625151118865,20.927960154321127
153.47767258570516,20.927960154321127
153.5090936602217,20.927960154321127
153.54051473473822,20.927960154321127
153.57193580925474,20.927960154321127
153.60335688377128,20.927960154321127
153.6347779582878,20.927960154321127
153.66619903280431,20.927960154321127
153.69762010732083,20.927960154321127
153.72904118183737,20.927960154321127
153.60335688377123,20.927960154321127
153.6337637588616,20.927960154321127
153.66417063395193,20.927960154321127
153.6945775090423,20.927960154321127
153.72498438413265,20.927960154321127
153.75539125922302,20.927960154321127
153.78579813431335,20.927960154321127
153.81620500940372,20.927960154321127
153.84661188449408,20.927960154321127
153.87701875958442,20.927960154321127
153.75539125922305,20.927960154321127
153.79067397714638,20.927960154321127
153.8259566950697,20.927960154321127
153.86123941299303,20.927960154321127
153.89652213091637,20.927960154321127
153.9318048488397,20.927960154321127
153.967087566763,20.927960154321127
154.00237028468635,20.927960154321127
154.0376530026097,20.927960154321127
154.07293572053302,20.927960154321127
153.93180484883973,20.927960154321127
153.98339934799665,20.927960154321127
154.03499384715357,20.927960154321127
154.08658834631046,20.927960154321127
154.13818284546738,20.927960154321127
154.1897773446243,20.927960154321127
154.24137184378122,20.927960154321127
154.29296634293812,20.927960154321127
154.34456084209504,20.927960154321127
154.39615534125195,20.927960154321127
154.18977734462433,20.927960154321127
154.2295339702787,20.927960154321127
154.2692905959331,20.927960154321127
154.3090472215875,20.927960154321127
154.34880384724187,20.927960154321127
154.38856047289624,20.927960154321127
154.42831709855062,20.927960154321127
154.46807372420503,20.927960154321127
154.5078303498594,20.927960154321127
154.54758697551378,20.927960154321127
154.38856047289622,20.927960154321127
154.4188973383381,20.927960154321127
154.44923420377998,20.927960154321127
154.4795710692219,20.927960154321127
154.50990793466377,20.927960154321127
154.54024480010565,20.927960154321127
154.57058166554754,20.927960154321127
154.60091853098945,20.927960154321127
154.63125539643133,20.927960154321127
154.6615922618732,20.927960154321127
154.54024480010563,20.927960154321127
154.56358001862506,20.927960154321127
154.58691523714447,20.927960154321127
154.6102504556639,20.927960154321127
154.6335856741833,20.927960154321127
154.65692089270274,20.927960154321127
154.68025611122215,20.927960154321127
154.70359132974158,20.927960154321127
154.726926548261,20.927960154321127
154.75026176678043,20.927960154321127
154.6569208927028,20.927960154321127
154.67567257758972,20.927960154321127
154.69442426247664,20.927960154321127
154.7131759473636,20.927960154321127
154.73192763225052,20.927960154321127
154.75067931713744,20.927960154321127
154.76943100202436,20.927960154321127
154.78818268691128,20.927960154321127
154.80693437179823,20.927960154321127
154.82568605668516,20.927960154321127
154.7506793171374,20.927960154321127
154.7719368226216,20.927960154321127
154.79319432810578,20.927960154321127
154.81445183358997,20.927960154321127
154.83570933907413,20.927960154321127
154.85696684455831,20.927960154321127
154.8782243500425,20.927960154321127
154.8994818555267,20.927960154321127
154.92073936101087,20.927960154321127
154.94199686649506,20.927960154321127
154.85696684455834,20.927960154321127
154.8896600614748,20.927960154321127
154.92235327839126,20.927960154321127
154.95504649530773,20.927960154321127
154.9877397122242,20.927960154321127
155.02043292914064,20.927960154321127
155.0531261460571,20.927960154321127
155.08581936297358,20.927960154321127
155.11851257989005,20.927960154321127
155.1512057968065,20.927960154321127
155.0204329291407,20.927960154321127
155.05163630447052,20.927960154321127
155.08283967980032,20.927960154321127
155.11404305513014,20.927960154321127
155.14524643045996,20.927960154321127
155.17644980578976,20.927960154321127
155.20765318111958,20.927960154321127
155.23885655644938,20.927960154321127
155.2700599317792,20.927960154321127
155.30126330710902,20.927960154321127
155.17644980578982,20.927960154321127
155.20775663854616,20.927960154321127
155.2390634713025,20.927960154321127
155.27037030405884,20.927960154321127
155.30167713681521,20.927960154321127
155.33298396957156,20.927960154321127
155.3642908023279,20.927960154321127
155.39559763508424,20.816872179297334
155.4269044678406,20.704460807376996
155.45821130059693,20.591435776050606
155.33298396957153,20.591435776050606
155.36441638154977,20.591435776050606
155.39584879352802,20.591435776050606
155.4272812055063,20.591435776050606
155.45871361748453,20.591435776050606
155.49014602946278,20.591435776050606
155.52157844144102,20.591435776050606
155.5530108534193,20.591435776050606
155.58444326539754,20.591435776050606
155.61587567737578,20.927960154321127
155.49014602946275,20.927960154321127
155.5220815094627,20.591435776050606
155.55401698946264,20.591435776050606
155.5859524694626,20.591435776050606
155.61788794946253,20.591435776050606
155.6498234294625,20.591435776050606
155.68175890946242,20.591435776050606
155.71369438946238,20.591435776050606
155.7456298694623,20.591435776050606
155.77756534946226,20.591435776050606
155.64982342946254,20.150164069260427
155.68170535812467,20.150154771581946
155.71343654229105,20.150145473899173
155.74501886998792,20.15013617621211
155.77645419252883,20.15012687852076
155.80774432546804,20.150117580825114
155.83889104952326,20.15010828312518
155.8698961114688,20.150098985420957
155.90076122500017,20.15008968771244
155.93148807157132,20.150080389999637
